edge_screener,server_committee,p_low,p_high,pct_esc,f1_score,recall,precision,accuracy,fp,fn,eff_tot_gpu_ms,eff_fps_gpu,eff_tot_cpu_ms,eff_fps_cpu
ST-GCN Baseline,Champion m=3 (ST+CTR+T3),0.001,0.5,19.48,0.9167,100.0,84.62,92.21,6,0,31.87,31.4,183.01,5.5
ST-GCN Baseline,Champion m=3 (ST+CTR+T3),0.001,0.6,19.48,0.9167,100.0,84.62,92.21,6,0,31.87,31.4,183.01,5.5
ST-GCN Baseline,Champion m=3 (ST+CTR+T3),0.001,0.7,22.08,0.9167,100.0,84.62,92.21,6,0,32.42,30.8,185.61,5.4
ST-GCN Baseline,Champion m=3 (ST+CTR+T3),0.001,0.8,24.68,0.9296,100.0,86.84,93.51,5,0,32.97,30.3,188.22,5.3
ST-GCN Baseline,Champion m=3 (ST+CTR+T3),0.001,0.85,25.97,0.9296,100.0,86.84,93.51,5,0,33.25,30.1,189.52,5.3
ST-GCN Baseline,Champion m=3 (ST+CTR+T3),0.001,0.9,28.57,0.9296,100.0,86.84,93.51,5,0,33.8,29.6,192.13,5.2
ST-GCN Baseline,Champion m=3 (ST+CTR+T3),0.001,0.95,29.87,0.9296,100.0,86.84,93.51,5,0,34.07,29.4,193.43,5.2
ST-GCN Baseline,Champion m=3 (ST+CTR+T3),0.001,0.98,37.66,0.9429,100.0,89.19,94.81,4,0,35.72,28.0,201.25,5.0
ST-GCN Baseline,Champion m=3 (ST+CTR+T3),0.001,0.99,42.86,0.9429,100.0,89.19,94.81,4,0,36.82,27.2,206.46,4.8
ST-GCN Baseline,Champion m=3 (ST+CTR+T3),0.001,0.999,58.44,1.0,100.0,100.0,100.0,0,0,40.11,24.9,222.1,4.5
ST-GCN Baseline,Champion m=3 (ST+CTR+T3),0.005,0.5,16.88,0.9167,100.0,84.62,92.21,6,0,31.32,31.9,180.4,5.5
ST-GCN Baseline,Champion m=3 (ST+CTR+T3),0.005,0.6,16.88,0.9167,100.0,84.62,92.21,6,0,31.32,31.9,180.4,5.5
ST-GCN Baseline,Champion m=3 (ST+CTR+T3),0.005,0.7,19.48,0.9167,100.0,84.62,92.21,6,0,31.87,31.4,183.01,5.5
ST-GCN Baseline,Champion m=3 (ST+CTR+T3),0.005,0.8,22.08,0.9296,100.0,86.84,93.51,5,0,32.42,30.8,185.61,5.4
ST-GCN Baseline,Champion m=3 (ST+CTR+T3),0.005,0.85,23.38,0.9296,100.0,86.84,93.51,5,0,32.7,30.6,186.92,5.3
ST-GCN Baseline,Champion m=3 (ST+CTR+T3),0.005,0.9,25.97,0.9296,100.0,86.84,93.51,5,0,33.25,30.1,189.52,5.3
ST-GCN Baseline,Champion m=3 (ST+CTR+T3),0.005,0.95,27.27,0.9296,100.0,86.84,93.51,5,0,33.52,29.8,190.83,5.2
ST-GCN Baseline,Champion m=3 (ST+CTR+T3),0.005,0.98,35.06,0.9429,100.0,89.19,94.81,4,0,35.17,28.4,198.64,5.0
ST-GCN Baseline,Champion m=3 (ST+CTR+T3),0.005,0.99,40.26,0.9429,100.0,89.19,94.81,4,0,36.27,27.6,203.85,4.9
ST-GCN Baseline,Champion m=3 (ST+CTR+T3),0.005,0.999,55.84,1.0,100.0,100.0,100.0,0,0,39.56,25.3,219.49,4.6
ST-GCN Baseline,Champion m=3 (ST+CTR+T3),0.01,0.5,14.29,0.9167,100.0,84.62,92.21,6,0,30.78,32.5,177.8,5.6
ST-GCN Baseline,Champion m=3 (ST+CTR+T3),0.01,0.6,14.29,0.9167,100.0,84.62,92.21,6,0,30.78,32.5,177.8,5.6
ST-GCN Baseline,Champion m=3 (ST+CTR+T3),0.01,0.7,16.88,0.9167,100.0,84.62,92.21,6,0,31.32,31.9,180.4,5.5
ST-GCN Baseline,Champion m=3 (ST+CTR+T3),0.01,0.8,19.48,0.9296,100.0,86.84,93.51,5,0,31.87,31.4,183.01,5.5
ST-GCN Baseline,Champion m=3 (ST+CTR+T3),0.01,0.85,20.78,0.9296,100.0,86.84,93.51,5,0,32.15,31.1,184.31,5.4
ST-GCN Baseline,Champion m=3 (ST+CTR+T3),0.01,0.9,23.38,0.9296,100.0,86.84,93.51,5,0,32.7,30.6,186.92,5.3
ST-GCN Baseline,Champion m=3 (ST+CTR+T3),0.01,0.95,24.68,0.9296,100.0,86.84,93.51,5,0,32.97,30.3,188.22,5.3
ST-GCN Baseline,Champion m=3 (ST+CTR+T3),0.01,0.98,32.47,0.9429,100.0,89.19,94.81,4,0,34.62,28.9,196.04,5.1
ST-GCN Baseline,Champion m=3 (ST+CTR+T3),0.01,0.99,37.66,0.9429,100.0,89.19,94.81,4,0,35.72,28.0,201.25,5.0
ST-GCN Baseline,Champion m=3 (ST+CTR+T3),0.01,0.999,53.25,1.0,100.0,100.0,100.0,0,0,39.01,25.6,216.88,4.6
ST-GCN Baseline,Champion m=3 (ST+CTR+T3),0.02,0.5,10.39,0.9167,100.0,84.62,92.21,6,0,29.95,33.4,173.89,5.8
ST-GCN Baseline,Champion m=3 (ST+CTR+T3),0.02,0.6,10.39,0.9167,100.0,84.62,92.21,6,0,29.95,33.4,173.89,5.8
ST-GCN Baseline,Champion m=3 (ST+CTR+T3),0.02,0.7,12.99,0.9167,100.0,84.62,92.21,6,0,30.5,32.8,176.49,5.7
ST-GCN Baseline,Champion m=3 (ST+CTR+T3),0.02,0.8,15.58,0.9296,100.0,86.84,93.51,5,0,31.05,32.2,179.1,5.6
ST-GCN Baseline,Champion m=3 (ST+CTR+T3),0.02,0.85,16.88,0.9296,100.0,86.84,93.51,5,0,31.32,31.9,180.4,5.5
ST-GCN Baseline,Champion m=3 (ST+CTR+T3),0.02,0.9,19.48,0.9296,100.0,86.84,93.51,5,0,31.87,31.4,183.01,5.5
ST-GCN Baseline,Champion m=3 (ST+CTR+T3),0.02,0.95,20.78,0.9296,100.0,86.84,93.51,5,0,32.15,31.1,184.31,5.4
ST-GCN Baseline,Champion m=3 (ST+CTR+T3),0.02,0.98,28.57,0.9429,100.0,89.19,94.81,4,0,33.8,29.6,192.13,5.2
ST-GCN Baseline,Champion m=3 (ST+CTR+T3),0.02,0.99,33.77,0.9429,100.0,89.19,94.81,4,0,34.89,28.7,197.34,5.1
ST-GCN Baseline,Champion m=3 (ST+CTR+T3),0.02,0.999,49.35,1.0,100.0,100.0,100.0,0,0,38.19,26.2,212.97,4.7
ST-GCN Baseline,Champion m=3 (ST+CTR+T3),0.05,0.5,9.09,0.9167,100.0,84.62,92.21,6,0,29.68,33.7,172.58,5.8
ST-GCN Baseline,Champion m=3 (ST+CTR+T3),0.05,0.6,9.09,0.9167,100.0,84.62,92.21,6,0,29.68,33.7,172.58,5.8
ST-GCN Baseline,Champion m=3 (ST+CTR+T3),0.05,0.7,11.69,0.9167,100.0,84.62,92.21,6,0,30.23,33.1,175.19,5.7
ST-GCN Baseline,Champion m=3 (ST+CTR+T3),0.05,0.8,14.29,0.9296,100.0,86.84,93.51,5,0,30.78,32.5,177.8,5.6
ST-GCN Baseline,Champion m=3 (ST+CTR+T3),0.05,0.85,15.58,0.9296,100.0,86.84,93.51,5,0,31.05,32.2,179.1,5.6
ST-GCN Baseline,Champion m=3 (ST+CTR+T3),0.05,0.9,18.18,0.9296,100.0,86.84,93.51,5,0,31.6,31.6,181.71,5.5
ST-GCN Baseline,Champion m=3 (ST+CTR+T3),0.05,0.95,19.48,0.9296,100.0,86.84,93.51,5,0,31.87,31.4,183.01,5.5
ST-GCN Baseline,Champion m=3 (ST+CTR+T3),0.05,0.98,27.27,0.9429,100.0,89.19,94.81,4,0,33.52,29.8,190.83,5.2
ST-GCN Baseline,Champion m=3 (ST+CTR+T3),0.05,0.99,32.47,0.9429,100.0,89.19,94.81,4,0,34.62,28.9,196.04,5.1
ST-GCN Baseline,Champion m=3 (ST+CTR+T3),0.05,0.999,48.05,1.0,100.0,100.0,100.0,0,0,37.91,26.4,211.67,4.7
ST-GCN Baseline,Champion m=3 (ST+CTR+T3),0.1,0.5,6.49,0.9167,100.0,84.62,92.21,6,0,29.13,34.3,169.98,5.9
ST-GCN Baseline,Champion m=3 (ST+CTR+T3),0.1,0.6,6.49,0.9167,100.0,84.62,92.21,6,0,29.13,34.3,169.98,5.9
ST-GCN Baseline,Champion m=3 (ST+CTR+T3),0.1,0.7,9.09,0.9167,100.0,84.62,92.21,6,0,29.68,33.7,172.58,5.8
ST-GCN Baseline,Champion m=3 (ST+CTR+T3),0.1,0.8,11.69,0.9296,100.0,86.84,93.51,5,0,30.23,33.1,175.19,5.7
ST-GCN Baseline,Champion m=3 (ST+CTR+T3),0.1,0.85,12.99,0.9296,100.0,86.84,93.51,5,0,30.5,32.8,176.49,5.7
ST-GCN Baseline,Champion m=3 (ST+CTR+T3),0.1,0.9,15.58,0.9296,100.0,86.84,93.51,5,0,31.05,32.2,179.1,5.6
ST-GCN Baseline,Champion m=3 (ST+CTR+T3),0.1,0.95,16.88,0.9296,100.0,86.84,93.51,5,0,31.32,31.9,180.4,5.5
ST-GCN Baseline,Champion m=3 (ST+CTR+T3),0.1,0.98,24.68,0.9429,100.0,89.19,94.81,4,0,32.97,30.3,188.22,5.3
ST-GCN Baseline,Champion m=3 (ST+CTR+T3),0.1,0.99,29.87,0.9429,100.0,89.19,94.81,4,0,34.07,29.4,193.43,5.2
ST-GCN Baseline,Champion m=3 (ST+CTR+T3),0.1,0.999,45.45,1.0,100.0,100.0,100.0,0,0,37.36,26.8,209.07,4.8
ST-GCN Baseline,Champion m=3 (ST+CTR+T3),0.15,0.5,5.19,0.9167,100.0,84.62,92.21,6,0,28.85,34.7,168.68,5.9
ST-GCN Baseline,Champion m=3 (ST+CTR+T3),0.15,0.6,5.19,0.9167,100.0,84.62,92.21,6,0,28.85,34.7,168.68,5.9
ST-GCN Baseline,Champion m=3 (ST+CTR+T3),0.15,0.7,7.79,0.9167,100.0,84.62,92.21,6,0,29.4,34.0,171.28,5.8
ST-GCN Baseline,Champion m=3 (ST+CTR+T3),0.15,0.8,10.39,0.9296,100.0,86.84,93.51,5,0,29.95,33.4,173.89,5.8
ST-GCN Baseline,Champion m=3 (ST+CTR+T3),0.15,0.85,11.69,0.9296,100.0,86.84,93.51,5,0,30.23,33.1,175.19,5.7
ST-GCN Baseline,Champion m=3 (ST+CTR+T3),0.15,0.9,14.29,0.9296,100.0,86.84,93.51,5,0,30.78,32.5,177.8,5.6
ST-GCN Baseline,Champion m=3 (ST+CTR+T3),0.15,0.95,15.58,0.9296,100.0,86.84,93.51,5,0,31.05,32.2,179.1,5.6
ST-GCN Baseline,Champion m=3 (ST+CTR+T3),0.15,0.98,23.38,0.9429,100.0,89.19,94.81,4,0,32.7,30.6,186.92,5.3
ST-GCN Baseline,Champion m=3 (ST+CTR+T3),0.15,0.99,28.57,0.9429,100.0,89.19,94.81,4,0,33.8,29.6,192.13,5.2
ST-GCN Baseline,Champion m=3 (ST+CTR+T3),0.15,0.999,44.16,1.0,100.0,100.0,100.0,0,0,37.09,27.0,207.76,4.8
ST-GCN Baseline,Champion m=3 (ST+CTR+T3),0.2,0.5,5.19,0.9167,100.0,84.62,92.21,6,0,28.85,34.7,168.68,5.9
ST-GCN Baseline,Champion m=3 (ST+CTR+T3),0.2,0.6,5.19,0.9167,100.0,84.62,92.21,6,0,28.85,34.7,168.68,5.9
ST-GCN Baseline,Champion m=3 (ST+CTR+T3),0.2,0.7,7.79,0.9167,100.0,84.62,92.21,6,0,29.4,34.0,171.28,5.8
ST-GCN Baseline,Champion m=3 (ST+CTR+T3),0.2,0.8,10.39,0.9296,100.0,86.84,93.51,5,0,29.95,33.4,173.89,5.8
ST-GCN Baseline,Champion m=3 (ST+CTR+T3),0.2,0.85,11.69,0.9296,100.0,86.84,93.51,5,0,30.23,33.1,175.19,5.7
ST-GCN Baseline,Champion m=3 (ST+CTR+T3),0.2,0.9,14.29,0.9296,100.0,86.84,93.51,5,0,30.78,32.5,177.8,5.6
ST-GCN Baseline,Champion m=3 (ST+CTR+T3),0.2,0.95,15.58,0.9296,100.0,86.84,93.51,5,0,31.05,32.2,179.1,5.6
ST-GCN Baseline,Champion m=3 (ST+CTR+T3),0.2,0.98,23.38,0.9429,100.0,89.19,94.81,4,0,32.7,30.6,186.92,5.3
ST-GCN Baseline,Champion m=3 (ST+CTR+T3),0.2,0.99,28.57,0.9429,100.0,89.19,94.81,4,0,33.8,29.6,192.13,5.2
ST-GCN Baseline,Champion m=3 (ST+CTR+T3),0.2,0.999,44.16,1.0,100.0,100.0,100.0,0,0,37.09,27.0,207.76,4.8
ST-GCN Baseline,Champion m=3 (ST+CTR+T3),0.25,0.5,5.19,0.9167,100.0,84.62,92.21,6,0,28.85,34.7,168.68,5.9
ST-GCN Baseline,Champion m=3 (ST+CTR+T3),0.25,0.6,5.19,0.9167,100.0,84.62,92.21,6,0,28.85,34.7,168.68,5.9
ST-GCN Baseline,Champion m=3 (ST+CTR+T3),0.25,0.7,7.79,0.9167,100.0,84.62,92.21,6,0,29.4,34.0,171.28,5.8
ST-GCN Baseline,Champion m=3 (ST+CTR+T3),0.25,0.8,10.39,0.9296,100.0,86.84,93.51,5,0,29.95,33.4,173.89,5.8
ST-GCN Baseline,Champion m=3 (ST+CTR+T3),0.25,0.85,11.69,0.9296,100.0,86.84,93.51,5,0,30.23,33.1,175.19,5.7
ST-GCN Baseline,Champion m=3 (ST+CTR+T3),0.25,0.9,14.29,0.9296,100.0,86.84,93.51,5,0,30.78,32.5,177.8,5.6
ST-GCN Baseline,Champion m=3 (ST+CTR+T3),0.25,0.95,15.58,0.9296,100.0,86.84,93.51,5,0,31.05,32.2,179.1,5.6
ST-GCN Baseline,Champion m=3 (ST+CTR+T3),0.25,0.98,23.38,0.9429,100.0,89.19,94.81,4,0,32.7,30.6,186.92,5.3
ST-GCN Baseline,Champion m=3 (ST+CTR+T3),0.25,0.99,28.57,0.9429,100.0,89.19,94.81,4,0,33.8,29.6,192.13,5.2
ST-GCN Baseline,Champion m=3 (ST+CTR+T3),0.25,0.999,44.16,1.0,100.0,100.0,100.0,0,0,37.09,27.0,207.76,4.8
ST-GCN Baseline,Champion m=3 (ST+CTR+T3),0.3,0.5,3.9,0.9167,100.0,84.62,92.21,6,0,28.58,35.0,167.37,6.0
ST-GCN Baseline,Champion m=3 (ST+CTR+T3),0.3,0.6,3.9,0.9167,100.0,84.62,92.21,6,0,28.58,35.0,167.37,6.0
ST-GCN Baseline,Champion m=3 (ST+CTR+T3),0.3,0.7,6.49,0.9167,100.0,84.62,92.21,6,0,29.13,34.3,169.98,5.9
ST-GCN Baseline,Champion m=3 (ST+CTR+T3),0.3,0.8,9.09,0.9296,100.0,86.84,93.51,5,0,29.68,33.7,172.58,5.8
ST-GCN Baseline,Champion m=3 (ST+CTR+T3),0.3,0.85,10.39,0.9296,100.0,86.84,93.51,5,0,29.95,33.4,173.89,5.8
ST-GCN Baseline,Champion m=3 (ST+CTR+T3),0.3,0.9,12.99,0.9296,100.0,86.84,93.51,5,0,30.5,32.8,176.49,5.7
ST-GCN Baseline,Champion m=3 (ST+CTR+T3),0.3,0.95,14.29,0.9296,100.0,86.84,93.51,5,0,30.78,32.5,177.8,5.6
ST-GCN Baseline,Champion m=3 (ST+CTR+T3),0.3,0.98,22.08,0.9429,100.0,89.19,94.81,4,0,32.42,30.8,185.61,5.4
ST-GCN Baseline,Champion m=3 (ST+CTR+T3),0.3,0.99,27.27,0.9429,100.0,89.19,94.81,4,0,33.52,29.8,190.83,5.2
ST-GCN Baseline,Champion m=3 (ST+CTR+T3),0.3,0.999,42.86,1.0,100.0,100.0,100.0,0,0,36.82,27.2,206.46,4.8
ST-GCN Baseline,Champion m=4 (ST+CTR+TierS+T3),0.001,0.5,19.48,0.9167,100.0,84.62,92.21,6,0,34.46,29.0,187.66,5.3
ST-GCN Baseline,Champion m=4 (ST+CTR+TierS+T3),0.001,0.6,19.48,0.9167,100.0,84.62,92.21,6,0,34.46,29.0,187.66,5.3
ST-GCN Baseline,Champion m=4 (ST+CTR+TierS+T3),0.001,0.7,22.08,0.9167,100.0,84.62,92.21,6,0,35.36,28.3,190.89,5.2
ST-GCN Baseline,Champion m=4 (ST+CTR+TierS+T3),0.001,0.8,24.68,0.9296,100.0,86.84,93.51,5,0,36.25,27.6,194.12,5.2
ST-GCN Baseline,Champion m=4 (ST+CTR+TierS+T3),0.001,0.85,25.97,0.9296,100.0,86.84,93.51,5,0,36.7,27.2,195.73,5.1
ST-GCN Baseline,Champion m=4 (ST+CTR+TierS+T3),0.001,0.9,28.57,0.9296,100.0,86.84,93.51,5,0,37.59,26.6,198.96,5.0
ST-GCN Baseline,Champion m=4 (ST+CTR+TierS+T3),0.001,0.95,29.87,0.9296,100.0,86.84,93.51,5,0,38.04,26.3,200.57,5.0
ST-GCN Baseline,Champion m=4 (ST+CTR+TierS+T3),0.001,0.98,37.66,0.9429,100.0,89.19,94.81,4,0,40.73,24.6,210.25,4.8
ST-GCN Baseline,Champion m=4 (ST+CTR+TierS+T3),0.001,0.99,42.86,0.9429,100.0,89.19,94.81,4,0,42.51,23.5,216.7,4.6
ST-GCN Baseline,Champion m=4 (ST+CTR+TierS+T3),0.001,0.999,58.44,1.0,100.0,100.0,100.0,0,0,47.88,20.9,236.06,4.2
ST-GCN Baseline,Champion m=4 (ST+CTR+TierS+T3),0.005,0.5,16.88,0.9167,100.0,84.62,92.21,6,0,33.57,29.8,184.44,5.4
ST-GCN Baseline,Champion m=4 (ST+CTR+TierS+T3),0.005,0.6,16.88,0.9167,100.0,84.62,92.21,6,0,33.57,29.8,184.44,5.4
ST-GCN Baseline,Champion m=4 (ST+CTR+TierS+T3),0.005,0.7,19.48,0.9167,100.0,84.62,92.21,6,0,34.46,29.0,187.66,5.3
ST-GCN Baseline,Champion m=4 (ST+CTR+TierS+T3),0.005,0.8,22.08,0.9296,100.0,86.84,93.51,5,0,35.36,28.3,190.89,5.2
ST-GCN Baseline,Champion m=4 (ST+CTR+TierS+T3),0.005,0.85,23.38,0.9296,100.0,86.84,93.51,5,0,35.81,27.9,192.5,5.2
ST-GCN Baseline,Champion m=4 (ST+CTR+TierS+T3),0.005,0.9,25.97,0.9296,100.0,86.84,93.51,5,0,36.7,27.2,195.73,5.1
ST-GCN Baseline,Champion m=4 (ST+CTR+TierS+T3),0.005,0.95,27.27,0.9296,100.0,86.84,93.51,5,0,37.15,26.9,197.34,5.1
ST-GCN Baseline,Champion m=4 (ST+CTR+TierS+T3),0.005,0.98,35.06,0.9429,100.0,89.19,94.81,4,0,39.83,25.1,207.02,4.8
ST-GCN Baseline,Champion m=4 (ST+CTR+TierS+T3),0.005,0.99,40.26,0.9429,100.0,89.19,94.81,4,0,41.62,24.0,213.48,4.7
ST-GCN Baseline,Champion m=4 (ST+CTR+TierS+T3),0.005,0.999,55.84,1.0,100.0,100.0,100.0,0,0,46.99,21.3,232.84,4.3
ST-GCN Baseline,Champion m=4 (ST+CTR+TierS+T3),0.01,0.5,14.29,0.9167,100.0,84.62,92.21,6,0,32.68,30.6,181.21,5.5
ST-GCN Baseline,Champion m=4 (ST+CTR+TierS+T3),0.01,0.6,14.29,0.9167,100.0,84.62,92.21,6,0,32.68,30.6,181.21,5.5
ST-GCN Baseline,Champion m=4 (ST+CTR+TierS+T3),0.01,0.7,16.88,0.9167,100.0,84.62,92.21,6,0,33.57,29.8,184.44,5.4
ST-GCN Baseline,Champion m=4 (ST+CTR+TierS+T3),0.01,0.8,19.48,0.9296,100.0,86.84,93.51,5,0,34.46,29.0,187.66,5.3
ST-GCN Baseline,Champion m=4 (ST+CTR+TierS+T3),0.01,0.85,20.78,0.9296,100.0,86.84,93.51,5,0,34.91,28.6,189.28,5.3
ST-GCN Baseline,Champion m=4 (ST+CTR+TierS+T3),0.01,0.9,23.38,0.9296,100.0,86.84,93.51,5,0,35.81,27.9,192.5,5.2
ST-GCN Baseline,Champion m=4 (ST+CTR+TierS+T3),0.01,0.95,24.68,0.9296,100.0,86.84,93.51,5,0,36.25,27.6,194.12,5.2
ST-GCN Baseline,Champion m=4 (ST+CTR+TierS+T3),0.01,0.98,32.47,0.9429,100.0,89.19,94.81,4,0,38.94,25.7,203.8,4.9
ST-GCN Baseline,Champion m=4 (ST+CTR+TierS+T3),0.01,0.99,37.66,0.9429,100.0,89.19,94.81,4,0,40.73,24.6,210.25,4.8
ST-GCN Baseline,Champion m=4 (ST+CTR+TierS+T3),0.01,0.999,53.25,1.0,100.0,100.0,100.0,0,0,46.09,21.7,229.61,4.4
ST-GCN Baseline,Champion m=4 (ST+CTR+TierS+T3),0.02,0.5,10.39,0.9167,100.0,84.62,92.21,6,0,31.33,31.9,176.37,5.7
ST-GCN Baseline,Champion m=4 (ST+CTR+TierS+T3),0.02,0.6,10.39,0.9167,100.0,84.62,92.21,6,0,31.33,31.9,176.37,5.7
ST-GCN Baseline,Champion m=4 (ST+CTR+TierS+T3),0.02,0.7,12.99,0.9167,100.0,84.62,92.21,6,0,32.23,31.0,179.6,5.6
ST-GCN Baseline,Champion m=4 (ST+CTR+TierS+T3),0.02,0.8,15.58,0.9296,100.0,86.84,93.51,5,0,33.12,30.2,182.82,5.5
ST-GCN Baseline,Champion m=4 (ST+CTR+TierS+T3),0.02,0.85,16.88,0.9296,100.0,86.84,93.51,5,0,33.57,29.8,184.44,5.4
ST-GCN Baseline,Champion m=4 (ST+CTR+TierS+T3),0.02,0.9,19.48,0.9296,100.0,86.84,93.51,5,0,34.46,29.0,187.66,5.3
ST-GCN Baseline,Champion m=4 (ST+CTR+TierS+T3),0.02,0.95,20.78,0.9296,100.0,86.84,93.51,5,0,34.91,28.6,189.28,5.3
ST-GCN Baseline,Champion m=4 (ST+CTR+TierS+T3),0.02,0.98,28.57,0.9429,100.0,89.19,94.81,4,0,37.59,26.6,198.96,5.0
ST-GCN Baseline,Champion m=4 (ST+CTR+TierS+T3),0.02,0.99,33.77,0.9429,100.0,89.19,94.81,4,0,39.38,25.4,205.41,4.9
ST-GCN Baseline,Champion m=4 (ST+CTR+TierS+T3),0.02,0.999,49.35,1.0,100.0,100.0,100.0,0,0,44.75,22.3,224.77,4.4
ST-GCN Baseline,Champion m=4 (ST+CTR+TierS+T3),0.05,0.5,9.09,0.9167,100.0,84.62,92.21,6,0,30.89,32.4,174.76,5.7
ST-GCN Baseline,Champion m=4 (ST+CTR+TierS+T3),0.05,0.6,9.09,0.9167,100.0,84.62,92.21,6,0,30.89,32.4,174.76,5.7
ST-GCN Baseline,Champion m=4 (ST+CTR+TierS+T3),0.05,0.7,11.69,0.9167,100.0,84.62,92.21,6,0,31.78,31.5,177.98,5.6
ST-GCN Baseline,Champion m=4 (ST+CTR+TierS+T3),0.05,0.8,14.29,0.9296,100.0,86.84,93.51,5,0,32.68,30.6,181.21,5.5
ST-GCN Baseline,Champion m=4 (ST+CTR+TierS+T3),0.05,0.85,15.58,0.9296,100.0,86.84,93.51,5,0,33.12,30.2,182.82,5.5
ST-GCN Baseline,Champion m=4 (ST+CTR+TierS+T3),0.05,0.9,18.18,0.9296,100.0,86.84,93.51,5,0,34.02,29.4,186.05,5.4
ST-GCN Baseline,Champion m=4 (ST+CTR+TierS+T3),0.05,0.95,19.48,0.9296,100.0,86.84,93.51,5,0,34.46,29.0,187.66,5.3
ST-GCN Baseline,Champion m=4 (ST+CTR+TierS+T3),0.05,0.98,27.27,0.9429,100.0,89.19,94.81,4,0,37.15,26.9,197.34,5.1
ST-GCN Baseline,Champion m=4 (ST+CTR+TierS+T3),0.05,0.99,32.47,0.9429,100.0,89.19,94.81,4,0,38.94,25.7,203.8,4.9
ST-GCN Baseline,Champion m=4 (ST+CTR+TierS+T3),0.05,0.999,48.05,1.0,100.0,100.0,100.0,0,0,44.3,22.6,223.16,4.5
ST-GCN Baseline,Champion m=4 (ST+CTR+TierS+T3),0.1,0.5,6.49,0.9167,100.0,84.62,92.21,6,0,29.99,33.3,171.53,5.8
ST-GCN Baseline,Champion m=4 (ST+CTR+TierS+T3),0.1,0.6,6.49,0.9167,100.0,84.62,92.21,6,0,29.99,33.3,171.53,5.8
ST-GCN Baseline,Champion m=4 (ST+CTR+TierS+T3),0.1,0.7,9.09,0.9167,100.0,84.62,92.21,6,0,30.89,32.4,174.76,5.7
ST-GCN Baseline,Champion m=4 (ST+CTR+TierS+T3),0.1,0.8,11.69,0.9296,100.0,86.84,93.51,5,0,31.78,31.5,177.98,5.6
ST-GCN Baseline,Champion m=4 (ST+CTR+TierS+T3),0.1,0.85,12.99,0.9296,100.0,86.84,93.51,5,0,32.23,31.0,179.6,5.6
ST-GCN Baseline,Champion m=4 (ST+CTR+TierS+T3),0.1,0.9,15.58,0.9296,100.0,86.84,93.51,5,0,33.12,30.2,182.82,5.5
ST-GCN Baseline,Champion m=4 (ST+CTR+TierS+T3),0.1,0.95,16.88,0.9296,100.0,86.84,93.51,5,0,33.57,29.8,184.44,5.4
ST-GCN Baseline,Champion m=4 (ST+CTR+TierS+T3),0.1,0.98,24.68,0.9429,100.0,89.19,94.81,4,0,36.25,27.6,194.12,5.2
ST-GCN Baseline,Champion m=4 (ST+CTR+TierS+T3),0.1,0.99,29.87,0.9429,100.0,89.19,94.81,4,0,38.04,26.3,200.57,5.0
ST-GCN Baseline,Champion m=4 (ST+CTR+TierS+T3),0.1,0.999,45.45,1.0,100.0,100.0,100.0,0,0,43.41,23.0,219.93,4.5
ST-GCN Baseline,Champion m=4 (ST+CTR+TierS+T3),0.15,0.5,5.19,0.9167,100.0,84.62,92.21,6,0,29.54,33.8,169.92,5.9
ST-GCN Baseline,Champion m=4 (ST+CTR+TierS+T3),0.15,0.6,5.19,0.9167,100.0,84.62,92.21,6,0,29.54,33.8,169.92,5.9
ST-GCN Baseline,Champion m=4 (ST+CTR+TierS+T3),0.15,0.7,7.79,0.9167,100.0,84.62,92.21,6,0,30.44,32.9,173.14,5.8
ST-GCN Baseline,Champion m=4 (ST+CTR+TierS+T3),0.15,0.8,10.39,0.9296,100.0,86.84,93.51,5,0,31.33,31.9,176.37,5.7
ST-GCN Baseline,Champion m=4 (ST+CTR+TierS+T3),0.15,0.85,11.69,0.9296,100.0,86.84,93.51,5,0,31.78,31.5,177.98,5.6
ST-GCN Baseline,Champion m=4 (ST+CTR+TierS+T3),0.15,0.9,14.29,0.9296,100.0,86.84,93.51,5,0,32.68,30.6,181.21,5.5
ST-GCN Baseline,Champion m=4 (ST+CTR+TierS+T3),0.15,0.95,15.58,0.9296,100.0,86.84,93.51,5,0,33.12,30.2,182.82,5.5
ST-GCN Baseline,Champion m=4 (ST+CTR+TierS+T3),0.15,0.98,23.38,0.9429,100.0,89.19,94.81,4,0,35.81,27.9,192.5,5.2
ST-GCN Baseline,Champion m=4 (ST+CTR+TierS+T3),0.15,0.99,28.57,0.9429,100.0,89.19,94.81,4,0,37.59,26.6,198.96,5.0
ST-GCN Baseline,Champion m=4 (ST+CTR+TierS+T3),0.15,0.999,44.16,1.0,100.0,100.0,100.0,0,0,42.96,23.3,218.32,4.6
ST-GCN Baseline,Champion m=4 (ST+CTR+TierS+T3),0.2,0.5,5.19,0.9167,100.0,84.62,92.21,6,0,29.54,33.8,169.92,5.9
ST-GCN Baseline,Champion m=4 (ST+CTR+TierS+T3),0.2,0.6,5.19,0.9167,100.0,84.62,92.21,6,0,29.54,33.8,169.92,5.9
ST-GCN Baseline,Champion m=4 (ST+CTR+TierS+T3),0.2,0.7,7.79,0.9167,100.0,84.62,92.21,6,0,30.44,32.9,173.14,5.8
ST-GCN Baseline,Champion m=4 (ST+CTR+TierS+T3),0.2,0.8,10.39,0.9296,100.0,86.84,93.51,5,0,31.33,31.9,176.37,5.7
ST-GCN Baseline,Champion m=4 (ST+CTR+TierS+T3),0.2,0.85,11.69,0.9296,100.0,86.84,93.51,5,0,31.78,31.5,177.98,5.6
ST-GCN Baseline,Champion m=4 (ST+CTR+TierS+T3),0.2,0.9,14.29,0.9296,100.0,86.84,93.51,5,0,32.68,30.6,181.21,5.5
ST-GCN Baseline,Champion m=4 (ST+CTR+TierS+T3),0.2,0.95,15.58,0.9296,100.0,86.84,93.51,5,0,33.12,30.2,182.82,5.5
ST-GCN Baseline,Champion m=4 (ST+CTR+TierS+T3),0.2,0.98,23.38,0.9429,100.0,89.19,94.81,4,0,35.81,27.9,192.5,5.2
ST-GCN Baseline,Champion m=4 (ST+CTR+TierS+T3),0.2,0.99,28.57,0.9429,100.0,89.19,94.81,4,0,37.59,26.6,198.96,5.0
ST-GCN Baseline,Champion m=4 (ST+CTR+TierS+T3),0.2,0.999,44.16,1.0,100.0,100.0,100.0,0,0,42.96,23.3,218.32,4.6
ST-GCN Baseline,Champion m=4 (ST+CTR+TierS+T3),0.25,0.5,5.19,0.9167,100.0,84.62,92.21,6,0,29.54,33.8,169.92,5.9
ST-GCN Baseline,Champion m=4 (ST+CTR+TierS+T3),0.25,0.6,5.19,0.9167,100.0,84.62,92.21,6,0,29.54,33.8,169.92,5.9
ST-GCN Baseline,Champion m=4 (ST+CTR+TierS+T3),0.25,0.7,7.79,0.9167,100.0,84.62,92.21,6,0,30.44,32.9,173.14,5.8
ST-GCN Baseline,Champion m=4 (ST+CTR+TierS+T3),0.25,0.8,10.39,0.9296,100.0,86.84,93.51,5,0,31.33,31.9,176.37,5.7
ST-GCN Baseline,Champion m=4 (ST+CTR+TierS+T3),0.25,0.85,11.69,0.9296,100.0,86.84,93.51,5,0,31.78,31.5,177.98,5.6
ST-GCN Baseline,Champion m=4 (ST+CTR+TierS+T3),0.25,0.9,14.29,0.9296,100.0,86.84,93.51,5,0,32.68,30.6,181.21,5.5
ST-GCN Baseline,Champion m=4 (ST+CTR+TierS+T3),0.25,0.95,15.58,0.9296,100.0,86.84,93.51,5,0,33.12,30.2,182.82,5.5
ST-GCN Baseline,Champion m=4 (ST+CTR+TierS+T3),0.25,0.98,23.38,0.9429,100.0,89.19,94.81,4,0,35.81,27.9,192.5,5.2
ST-GCN Baseline,Champion m=4 (ST+CTR+TierS+T3),0.25,0.99,28.57,0.9429,100.0,89.19,94.81,4,0,37.59,26.6,198.96,5.0
ST-GCN Baseline,Champion m=4 (ST+CTR+TierS+T3),0.25,0.999,44.16,1.0,100.0,100.0,100.0,0,0,42.96,23.3,218.32,4.6
ST-GCN Baseline,Champion m=4 (ST+CTR+TierS+T3),0.3,0.5,3.9,0.9167,100.0,84.62,92.21,6,0,29.1,34.4,168.3,5.9
ST-GCN Baseline,Champion m=4 (ST+CTR+TierS+T3),0.3,0.6,3.9,0.9167,100.0,84.62,92.21,6,0,29.1,34.4,168.3,5.9
ST-GCN Baseline,Champion m=4 (ST+CTR+TierS+T3),0.3,0.7,6.49,0.9167,100.0,84.62,92.21,6,0,29.99,33.3,171.53,5.8
ST-GCN Baseline,Champion m=4 (ST+CTR+TierS+T3),0.3,0.8,9.09,0.9296,100.0,86.84,93.51,5,0,30.89,32.4,174.76,5.7
ST-GCN Baseline,Champion m=4 (ST+CTR+TierS+T3),0.3,0.85,10.39,0.9296,100.0,86.84,93.51,5,0,31.33,31.9,176.37,5.7
ST-GCN Baseline,Champion m=4 (ST+CTR+TierS+T3),0.3,0.9,12.99,0.9296,100.0,86.84,93.51,5,0,32.23,31.0,179.6,5.6
ST-GCN Baseline,Champion m=4 (ST+CTR+TierS+T3),0.3,0.95,14.29,0.9296,100.0,86.84,93.51,5,0,32.68,30.6,181.21,5.5
ST-GCN Baseline,Champion m=4 (ST+CTR+TierS+T3),0.3,0.98,22.08,0.9429,100.0,89.19,94.81,4,0,35.36,28.3,190.89,5.2
ST-GCN Baseline,Champion m=4 (ST+CTR+TierS+T3),0.3,0.99,27.27,0.9429,100.0,89.19,94.81,4,0,37.15,26.9,197.34,5.1
ST-GCN Baseline,Champion m=4 (ST+CTR+TierS+T3),0.3,0.999,42.86,1.0,100.0,100.0,100.0,0,0,42.51,23.5,216.7,4.6
ST-GCN Baseline,Champion m=2 (ST+T3),0.001,0.5,19.48,0.9167,100.0,84.62,92.21,6,0,29.27,34.2,176.99,5.6
ST-GCN Baseline,Champion m=2 (ST+T3),0.001,0.6,19.48,0.9167,100.0,84.62,92.21,6,0,29.27,34.2,176.99,5.6
ST-GCN Baseline,Champion m=2 (ST+T3),0.001,0.7,22.08,0.9014,96.97,84.21,90.91,6,1,29.47,33.9,178.8,5.6
ST-GCN Baseline,Champion m=2 (ST+T3),0.001,0.8,24.68,0.9143,96.97,86.49,92.21,5,1,29.68,33.7,180.6,5.5
ST-GCN Baseline,Champion m=2 (ST+T3),0.001,0.85,25.97,0.9143,96.97,86.49,92.21,5,1,29.78,33.6,181.5,5.5
ST-GCN Baseline,Champion m=2 (ST+T3),0.001,0.9,28.57,0.9143,96.97,86.49,92.21,5,1,29.98,33.4,183.31,5.5
ST-GCN Baseline,Champion m=2 (ST+T3),0.001,0.95,29.87,0.9143,96.97,86.49,92.21,5,1,30.08,33.2,184.21,5.4
ST-GCN Baseline,Champion m=2 (ST+T3),0.001,0.98,37.66,0.9275,96.97,88.89,93.51,4,1,30.69,32.6,189.62,5.3
ST-GCN Baseline,Champion m=2 (ST+T3),0.001,0.99,42.86,0.9275,96.97,88.89,93.51,4,1,31.09,32.2,193.23,5.2
ST-GCN Baseline,Champion m=2 (ST+T3),0.001,0.999,58.44,0.9846,96.97,100.0,98.7,0,1,32.3,31.0,204.05,4.9
ST-GCN Baseline,Champion m=2 (ST+T3),0.005,0.5,16.88,0.9167,100.0,84.62,92.21,6,0,29.07,34.4,175.19,5.7
ST-GCN Baseline,Champion m=2 (ST+T3),0.005,0.6,16.88,0.9167,100.0,84.62,92.21,6,0,29.07,34.4,175.19,5.7
ST-GCN Baseline,Champion m=2 (ST+T3),0.005,0.7,19.48,0.9014,96.97,84.21,90.91,6,1,29.27,34.2,176.99,5.6
ST-GCN Baseline,Champion m=2 (ST+T3),0.005,0.8,22.08,0.9143,96.97,86.49,92.21,5,1,29.47,33.9,178.8,5.6
ST-GCN Baseline,Champion m=2 (ST+T3),0.005,0.85,23.38,0.9143,96.97,86.49,92.21,5,1,29.58,33.8,179.7,5.6
ST-GCN Baseline,Champion m=2 (ST+T3),0.005,0.9,25.97,0.9143,96.97,86.49,92.21,5,1,29.78,33.6,181.5,5.5
ST-GCN Baseline,Champion m=2 (ST+T3),0.005,0.95,27.27,0.9143,96.97,86.49,92.21,5,1,29.88,33.5,182.4,5.5
ST-GCN Baseline,Champion m=2 (ST+T3),0.005,0.98,35.06,0.9275,96.97,88.89,93.51,4,1,30.48,32.8,187.82,5.3
ST-GCN Baseline,Champion m=2 (ST+T3),0.005,0.99,40.26,0.9275,96.97,88.89,93.51,4,1,30.89,32.4,191.42,5.2
ST-GCN Baseline,Champion m=2 (ST+T3),0.005,0.999,55.84,0.9846,96.97,100.0,98.7,0,1,32.1,31.2,202.25,4.9
ST-GCN Baseline,Champion m=2 (ST+T3),0.01,0.5,14.29,0.9167,100.0,84.62,92.21,6,0,28.87,34.6,173.39,5.8
ST-GCN Baseline,Champion m=2 (ST+T3),0.01,0.6,14.29,0.9167,100.0,84.62,92.21,6,0,28.87,34.6,173.39,5.8
ST-GCN Baseline,Champion m=2 (ST+T3),0.01,0.7,16.88,0.9014,96.97,84.21,90.91,6,1,29.07,34.4,175.19,5.7
ST-GCN Baseline,Champion m=2 (ST+T3),0.01,0.8,19.48,0.9143,96.97,86.49,92.21,5,1,29.27,34.2,176.99,5.6
ST-GCN Baseline,Champion m=2 (ST+T3),0.01,0.85,20.78,0.9143,96.97,86.49,92.21,5,1,29.37,34.0,177.89,5.6
ST-GCN Baseline,Champion m=2 (ST+T3),0.01,0.9,23.38,0.9143,96.97,86.49,92.21,5,1,29.58,33.8,179.7,5.6
ST-GCN Baseline,Champion m=2 (ST+T3),0.01,0.95,24.68,0.9143,96.97,86.49,92.21,5,1,29.68,33.7,180.6,5.5
ST-GCN Baseline,Champion m=2 (ST+T3),0.01,0.98,32.47,0.9275,96.97,88.89,93.51,4,1,30.28,33.0,186.01,5.4
ST-GCN Baseline,Champion m=2 (ST+T3),0.01,0.99,37.66,0.9275,96.97,88.89,93.51,4,1,30.69,32.6,189.62,5.3
ST-GCN Baseline,Champion m=2 (ST+T3),0.01,0.999,53.25,0.9846,96.97,100.0,98.7,0,1,31.9,31.3,200.44,5.0
ST-GCN Baseline,Champion m=2 (ST+T3),0.02,0.5,10.39,0.9167,100.0,84.62,92.21,6,0,28.56,35.0,170.68,5.9
ST-GCN Baseline,Champion m=2 (ST+T3),0.02,0.6,10.39,0.9167,100.0,84.62,92.21,6,0,28.56,35.0,170.68,5.9
ST-GCN Baseline,Champion m=2 (ST+T3),0.02,0.7,12.99,0.9014,96.97,84.21,90.91,6,1,28.77,34.8,172.48,5.8
ST-GCN Baseline,Champion m=2 (ST+T3),0.02,0.8,15.58,0.9143,96.97,86.49,92.21,5,1,28.97,34.5,174.29,5.7
ST-GCN Baseline,Champion m=2 (ST+T3),0.02,0.85,16.88,0.9143,96.97,86.49,92.21,5,1,29.07,34.4,175.19,5.7
ST-GCN Baseline,Champion m=2 (ST+T3),0.02,0.9,19.48,0.9143,96.97,86.49,92.21,5,1,29.27,34.2,176.99,5.6
ST-GCN Baseline,Champion m=2 (ST+T3),0.02,0.95,20.78,0.9143,96.97,86.49,92.21,5,1,29.37,34.0,177.89,5.6
ST-GCN Baseline,Champion m=2 (ST+T3),0.02,0.98,28.57,0.9275,96.97,88.89,93.51,4,1,29.98,33.4,183.31,5.5
ST-GCN Baseline,Champion m=2 (ST+T3),0.02,0.99,33.77,0.9275,96.97,88.89,93.51,4,1,30.38,32.9,186.91,5.4
ST-GCN Baseline,Champion m=2 (ST+T3),0.02,0.999,49.35,0.9846,96.97,100.0,98.7,0,1,31.6,31.6,197.74,5.1
ST-GCN Baseline,Champion m=2 (ST+T3),0.05,0.5,9.09,0.9167,100.0,84.62,92.21,6,0,28.46,35.1,169.78,5.9
ST-GCN Baseline,Champion m=2 (ST+T3),0.05,0.6,9.09,0.9167,100.0,84.62,92.21,6,0,28.46,35.1,169.78,5.9
ST-GCN Baseline,Champion m=2 (ST+T3),0.05,0.7,11.69,0.9014,96.97,84.21,90.91,6,1,28.67,34.9,171.58,5.8
ST-GCN Baseline,Champion m=2 (ST+T3),0.05,0.8,14.29,0.9143,96.97,86.49,92.21,5,1,28.87,34.6,173.39,5.8
ST-GCN Baseline,Champion m=2 (ST+T3),0.05,0.85,15.58,0.9143,96.97,86.49,92.21,5,1,28.97,34.5,174.29,5.7
ST-GCN Baseline,Champion m=2 (ST+T3),0.05,0.9,18.18,0.9143,96.97,86.49,92.21,5,1,29.17,34.3,176.09,5.7
ST-GCN Baseline,Champion m=2 (ST+T3),0.05,0.95,19.48,0.9143,96.97,86.49,92.21,5,1,29.27,34.2,176.99,5.6
ST-GCN Baseline,Champion m=2 (ST+T3),0.05,0.98,27.27,0.9275,96.97,88.89,93.51,4,1,29.88,33.5,182.4,5.5
ST-GCN Baseline,Champion m=2 (ST+T3),0.05,0.99,32.47,0.9275,96.97,88.89,93.51,4,1,30.28,33.0,186.01,5.4
ST-GCN Baseline,Champion m=2 (ST+T3),0.05,0.999,48.05,0.9846,96.97,100.0,98.7,0,1,31.5,31.8,196.83,5.1
ST-GCN Baseline,Champion m=2 (ST+T3),0.1,0.5,6.49,0.9167,100.0,84.62,92.21,6,0,28.26,35.4,167.97,6.0
ST-GCN Baseline,Champion m=2 (ST+T3),0.1,0.6,6.49,0.9167,100.0,84.62,92.21,6,0,28.26,35.4,167.97,6.0
ST-GCN Baseline,Champion m=2 (ST+T3),0.1,0.7,9.09,0.9014,96.97,84.21,90.91,6,1,28.46,35.1,169.78,5.9
ST-GCN Baseline,Champion m=2 (ST+T3),0.1,0.8,11.69,0.9143,96.97,86.49,92.21,5,1,28.67,34.9,171.58,5.8
ST-GCN Baseline,Champion m=2 (ST+T3),0.1,0.85,12.99,0.9143,96.97,86.49,92.21,5,1,28.77,34.8,172.48,5.8
ST-GCN Baseline,Champion m=2 (ST+T3),0.1,0.9,15.58,0.9143,96.97,86.49,92.21,5,1,28.97,34.5,174.29,5.7
ST-GCN Baseline,Champion m=2 (ST+T3),0.1,0.95,16.88,0.9143,96.97,86.49,92.21,5,1,29.07,34.4,175.19,5.7
ST-GCN Baseline,Champion m=2 (ST+T3),0.1,0.98,24.68,0.9275,96.97,88.89,93.51,4,1,29.68,33.7,180.6,5.5
ST-GCN Baseline,Champion m=2 (ST+T3),0.1,0.99,29.87,0.9275,96.97,88.89,93.51,4,1,30.08,33.2,184.21,5.4
ST-GCN Baseline,Champion m=2 (ST+T3),0.1,0.999,45.45,0.9846,96.97,100.0,98.7,0,1,31.29,32.0,195.03,5.1
ST-GCN Baseline,Champion m=2 (ST+T3),0.15,0.5,5.19,0.9167,100.0,84.62,92.21,6,0,28.16,35.5,167.07,6.0
ST-GCN Baseline,Champion m=2 (ST+T3),0.15,0.6,5.19,0.9167,100.0,84.62,92.21,6,0,28.16,35.5,167.07,6.0
ST-GCN Baseline,Champion m=2 (ST+T3),0.15,0.7,7.79,0.9014,96.97,84.21,90.91,6,1,28.36,35.3,168.88,5.9
ST-GCN Baseline,Champion m=2 (ST+T3),0.15,0.8,10.39,0.9143,96.97,86.49,92.21,5,1,28.56,35.0,170.68,5.9
ST-GCN Baseline,Champion m=2 (ST+T3),0.15,0.85,11.69,0.9143,96.97,86.49,92.21,5,1,28.67,34.9,171.58,5.8
ST-GCN Baseline,Champion m=2 (ST+T3),0.15,0.9,14.29,0.9143,96.97,86.49,92.21,5,1,28.87,34.6,173.39,5.8
ST-GCN Baseline,Champion m=2 (ST+T3),0.15,0.95,15.58,0.9143,96.97,86.49,92.21,5,1,28.97,34.5,174.29,5.7
ST-GCN Baseline,Champion m=2 (ST+T3),0.15,0.98,23.38,0.9275,96.97,88.89,93.51,4,1,29.58,33.8,179.7,5.6
ST-GCN Baseline,Champion m=2 (ST+T3),0.15,0.99,28.57,0.9275,96.97,88.89,93.51,4,1,29.98,33.4,183.31,5.5
ST-GCN Baseline,Champion m=2 (ST+T3),0.15,0.999,44.16,0.9846,96.97,100.0,98.7,0,1,31.19,32.1,194.13,5.2
ST-GCN Baseline,Champion m=2 (ST+T3),0.2,0.5,5.19,0.9167,100.0,84.62,92.21,6,0,28.16,35.5,167.07,6.0
ST-GCN Baseline,Champion m=2 (ST+T3),0.2,0.6,5.19,0.9167,100.0,84.62,92.21,6,0,28.16,35.5,167.07,6.0
ST-GCN Baseline,Champion m=2 (ST+T3),0.2,0.7,7.79,0.9014,96.97,84.21,90.91,6,1,28.36,35.3,168.88,5.9
ST-GCN Baseline,Champion m=2 (ST+T3),0.2,0.8,10.39,0.9143,96.97,86.49,92.21,5,1,28.56,35.0,170.68,5.9
ST-GCN Baseline,Champion m=2 (ST+T3),0.2,0.85,11.69,0.9143,96.97,86.49,92.21,5,1,28.67,34.9,171.58,5.8
ST-GCN Baseline,Champion m=2 (ST+T3),0.2,0.9,14.29,0.9143,96.97,86.49,92.21,5,1,28.87,34.6,173.39,5.8
ST-GCN Baseline,Champion m=2 (ST+T3),0.2,0.95,15.58,0.9143,96.97,86.49,92.21,5,1,28.97,34.5,174.29,5.7
ST-GCN Baseline,Champion m=2 (ST+T3),0.2,0.98,23.38,0.9275,96.97,88.89,93.51,4,1,29.58,33.8,179.7,5.6
ST-GCN Baseline,Champion m=2 (ST+T3),0.2,0.99,28.57,0.9275,96.97,88.89,93.51,4,1,29.98,33.4,183.31,5.5
ST-GCN Baseline,Champion m=2 (ST+T3),0.2,0.999,44.16,0.9846,96.97,100.0,98.7,0,1,31.19,32.1,194.13,5.2
ST-GCN Baseline,Champion m=2 (ST+T3),0.25,0.5,5.19,0.9167,100.0,84.62,92.21,6,0,28.16,35.5,167.07,6.0
ST-GCN Baseline,Champion m=2 (ST+T3),0.25,0.6,5.19,0.9167,100.0,84.62,92.21,6,0,28.16,35.5,167.07,6.0
ST-GCN Baseline,Champion m=2 (ST+T3),0.25,0.7,7.79,0.9014,96.97,84.21,90.91,6,1,28.36,35.3,168.88,5.9
ST-GCN Baseline,Champion m=2 (ST+T3),0.25,0.8,10.39,0.9143,96.97,86.49,92.21,5,1,28.56,35.0,170.68,5.9
ST-GCN Baseline,Champion m=2 (ST+T3),0.25,0.85,11.69,0.9143,96.97,86.49,92.21,5,1,28.67,34.9,171.58,5.8
ST-GCN Baseline,Champion m=2 (ST+T3),0.25,0.9,14.29,0.9143,96.97,86.49,92.21,5,1,28.87,34.6,173.39,5.8
ST-GCN Baseline,Champion m=2 (ST+T3),0.25,0.95,15.58,0.9143,96.97,86.49,92.21,5,1,28.97,34.5,174.29,5.7
ST-GCN Baseline,Champion m=2 (ST+T3),0.25,0.98,23.38,0.9275,96.97,88.89,93.51,4,1,29.58,33.8,179.7,5.6
ST-GCN Baseline,Champion m=2 (ST+T3),0.25,0.99,28.57,0.9275,96.97,88.89,93.51,4,1,29.98,33.4,183.31,5.5
ST-GCN Baseline,Champion m=2 (ST+T3),0.25,0.999,44.16,0.9846,96.97,100.0,98.7,0,1,31.19,32.1,194.13,5.2
ST-GCN Baseline,Champion m=2 (ST+T3),0.3,0.5,3.9,0.9167,100.0,84.62,92.21,6,0,28.06,35.6,166.17,6.0
ST-GCN Baseline,Champion m=2 (ST+T3),0.3,0.6,3.9,0.9167,100.0,84.62,92.21,6,0,28.06,35.6,166.17,6.0
ST-GCN Baseline,Champion m=2 (ST+T3),0.3,0.7,6.49,0.9014,96.97,84.21,90.91,6,1,28.26,35.4,167.97,6.0
ST-GCN Baseline,Champion m=2 (ST+T3),0.3,0.8,9.09,0.9143,96.97,86.49,92.21,5,1,28.46,35.1,169.78,5.9
ST-GCN Baseline,Champion m=2 (ST+T3),0.3,0.85,10.39,0.9143,96.97,86.49,92.21,5,1,28.56,35.0,170.68,5.9
ST-GCN Baseline,Champion m=2 (ST+T3),0.3,0.9,12.99,0.9143,96.97,86.49,92.21,5,1,28.77,34.8,172.48,5.8
ST-GCN Baseline,Champion m=2 (ST+T3),0.3,0.95,14.29,0.9143,96.97,86.49,92.21,5,1,28.87,34.6,173.39,5.8
ST-GCN Baseline,Champion m=2 (ST+T3),0.3,0.98,22.08,0.9275,96.97,88.89,93.51,4,1,29.47,33.9,178.8,5.6
ST-GCN Baseline,Champion m=2 (ST+T3),0.3,0.99,27.27,0.9275,96.97,88.89,93.51,4,1,29.88,33.5,182.4,5.5
ST-GCN Baseline,Champion m=2 (ST+T3),0.3,0.999,42.86,0.9846,96.97,100.0,98.7,0,1,31.09,32.2,193.23,5.2
CTR-GCN Tier S,Champion m=3 (ST+CTR+T3),0.001,0.5,15.58,0.9375,90.91,96.77,94.81,1,3,38.97,25.7,188.52,5.3
CTR-GCN Tier S,Champion m=3 (ST+CTR+T3),0.001,0.6,15.58,0.9375,90.91,96.77,94.81,1,3,38.97,25.7,188.52,5.3
CTR-GCN Tier S,Champion m=3 (ST+CTR+T3),0.001,0.7,15.58,0.9375,90.91,96.77,94.81,1,3,38.97,25.7,188.52,5.3
CTR-GCN Tier S,Champion m=3 (ST+CTR+T3),0.001,0.8,15.58,0.9375,90.91,96.77,94.81,1,3,38.97,25.7,188.52,5.3
CTR-GCN Tier S,Champion m=3 (ST+CTR+T3),0.001,0.85,16.88,0.9524,90.91,100.0,96.1,0,3,39.25,25.5,189.82,5.3
CTR-GCN Tier S,Champion m=3 (ST+CTR+T3),0.001,0.9,16.88,0.9524,90.91,100.0,96.1,0,3,39.25,25.5,189.82,5.3
CTR-GCN Tier S,Champion m=3 (ST+CTR+T3),0.001,0.95,19.48,0.9524,90.91,100.0,96.1,0,3,39.8,25.1,192.43,5.2
CTR-GCN Tier S,Champion m=3 (ST+CTR+T3),0.001,0.98,23.38,0.9524,90.91,100.0,96.1,0,3,40.62,24.6,196.34,5.1
CTR-GCN Tier S,Champion m=3 (ST+CTR+T3),0.001,0.99,23.38,0.9524,90.91,100.0,96.1,0,3,40.62,24.6,196.34,5.1
CTR-GCN Tier S,Champion m=3 (ST+CTR+T3),0.001,0.999,29.87,0.9524,90.91,100.0,96.1,0,3,41.99,23.8,202.85,4.9
CTR-GCN Tier S,Champion m=3 (ST+CTR+T3),0.005,0.5,11.69,0.9206,87.88,96.67,93.51,1,4,38.15,26.2,184.61,5.4
CTR-GCN Tier S,Champion m=3 (ST+CTR+T3),0.005,0.6,11.69,0.9206,87.88,96.67,93.51,1,4,38.15,26.2,184.61,5.4
CTR-GCN Tier S,Champion m=3 (ST+CTR+T3),0.005,0.7,11.69,0.9206,87.88,96.67,93.51,1,4,38.15,26.2,184.61,5.4
CTR-GCN Tier S,Champion m=3 (ST+CTR+T3),0.005,0.8,11.69,0.9206,87.88,96.67,93.51,1,4,38.15,26.2,184.61,5.4
CTR-GCN Tier S,Champion m=3 (ST+CTR+T3),0.005,0.85,12.99,0.9355,87.88,100.0,94.81,0,4,38.43,26.0,185.91,5.4
CTR-GCN Tier S,Champion m=3 (ST+CTR+T3),0.005,0.9,12.99,0.9355,87.88,100.0,94.81,0,4,38.43,26.0,185.91,5.4
CTR-GCN Tier S,Champion m=3 (ST+CTR+T3),0.005,0.95,15.58,0.9355,87.88,100.0,94.81,0,4,38.97,25.7,188.52,5.3
CTR-GCN Tier S,Champion m=3 (ST+CTR+T3),0.005,0.98,19.48,0.9355,87.88,100.0,94.81,0,4,39.8,25.1,192.43,5.2
CTR-GCN Tier S,Champion m=3 (ST+CTR+T3),0.005,0.99,19.48,0.9355,87.88,100.0,94.81,0,4,39.8,25.1,192.43,5.2
CTR-GCN Tier S,Champion m=3 (ST+CTR+T3),0.005,0.999,25.97,0.9355,87.88,100.0,94.81,0,4,41.17,24.3,198.94,5.0
CTR-GCN Tier S,Champion m=3 (ST+CTR+T3),0.01,0.5,9.09,0.9206,87.88,96.67,93.51,1,4,37.6,26.6,182.0,5.5
CTR-GCN Tier S,Champion m=3 (ST+CTR+T3),0.01,0.6,9.09,0.9206,87.88,96.67,93.51,1,4,37.6,26.6,182.0,5.5
CTR-GCN Tier S,Champion m=3 (ST+CTR+T3),0.01,0.7,9.09,0.9206,87.88,96.67,93.51,1,4,37.6,26.6,182.0,5.5
CTR-GCN Tier S,Champion m=3 (ST+CTR+T3),0.01,0.8,9.09,0.9206,87.88,96.67,93.51,1,4,37.6,26.6,182.0,5.5
CTR-GCN Tier S,Champion m=3 (ST+CTR+T3),0.01,0.85,10.39,0.9355,87.88,100.0,94.81,0,4,37.88,26.4,183.31,5.5
CTR-GCN Tier S,Champion m=3 (ST+CTR+T3),0.01,0.9,10.39,0.9355,87.88,100.0,94.81,0,4,37.88,26.4,183.31,5.5
CTR-GCN Tier S,Champion m=3 (ST+CTR+T3),0.01,0.95,12.99,0.9355,87.88,100.0,94.81,0,4,38.43,26.0,185.91,5.4
CTR-GCN Tier S,Champion m=3 (ST+CTR+T3),0.01,0.98,16.88,0.9355,87.88,100.0,94.81,0,4,39.25,25.5,189.82,5.3
CTR-GCN Tier S,Champion m=3 (ST+CTR+T3),0.01,0.99,16.88,0.9355,87.88,100.0,94.81,0,4,39.25,25.5,189.82,5.3
CTR-GCN Tier S,Champion m=3 (ST+CTR+T3),0.01,0.999,23.38,0.9355,87.88,100.0,94.81,0,4,40.62,24.6,196.34,5.1
CTR-GCN Tier S,Champion m=3 (ST+CTR+T3),0.02,0.5,7.79,0.9206,87.88,96.67,93.51,1,4,37.33,26.8,180.7,5.5
CTR-GCN Tier S,Champion m=3 (ST+CTR+T3),0.02,0.6,7.79,0.9206,87.88,96.67,93.51,1,4,37.33,26.8,180.7,5.5
CTR-GCN Tier S,Champion m=3 (ST+CTR+T3),0.02,0.7,7.79,0.9206,87.88,96.67,93.51,1,4,37.33,26.8,180.7,5.5
CTR-GCN Tier S,Champion m=3 (ST+CTR+T3),0.02,0.8,7.79,0.9206,87.88,96.67,93.51,1,4,37.33,26.8,180.7,5.5
CTR-GCN Tier S,Champion m=3 (ST+CTR+T3),0.02,0.85,9.09,0.9355,87.88,100.0,94.81,0,4,37.6,26.6,182.0,5.5
CTR-GCN Tier S,Champion m=3 (ST+CTR+T3),0.02,0.9,9.09,0.9355,87.88,100.0,94.81,0,4,37.6,26.6,182.0,5.5
CTR-GCN Tier S,Champion m=3 (ST+CTR+T3),0.02,0.95,11.69,0.9355,87.88,100.0,94.81,0,4,38.15,26.2,184.61,5.4
CTR-GCN Tier S,Champion m=3 (ST+CTR+T3),0.02,0.98,15.58,0.9355,87.88,100.0,94.81,0,4,38.97,25.7,188.52,5.3
CTR-GCN Tier S,Champion m=3 (ST+CTR+T3),0.02,0.99,15.58,0.9355,87.88,100.0,94.81,0,4,38.97,25.7,188.52,5.3
CTR-GCN Tier S,Champion m=3 (ST+CTR+T3),0.02,0.999,22.08,0.9355,87.88,100.0,94.81,0,4,40.35,24.8,195.03,5.1
CTR-GCN Tier S,Champion m=3 (ST+CTR+T3),0.05,0.5,5.19,0.9206,87.88,96.67,93.51,1,4,36.78,27.2,178.09,5.6
CTR-GCN Tier S,Champion m=3 (ST+CTR+T3),0.05,0.6,5.19,0.9206,87.88,96.67,93.51,1,4,36.78,27.2,178.09,5.6
CTR-GCN Tier S,Champion m=3 (ST+CTR+T3),0.05,0.7,5.19,0.9206,87.88,96.67,93.51,1,4,36.78,27.2,178.09,5.6
CTR-GCN Tier S,Champion m=3 (ST+CTR+T3),0.05,0.8,5.19,0.9206,87.88,96.67,93.51,1,4,36.78,27.2,178.09,5.6
CTR-GCN Tier S,Champion m=3 (ST+CTR+T3),0.05,0.85,6.49,0.9355,87.88,100.0,94.81,0,4,37.05,27.0,179.4,5.6
CTR-GCN Tier S,Champion m=3 (ST+CTR+T3),0.05,0.9,6.49,0.9355,87.88,100.0,94.81,0,4,37.05,27.0,179.4,5.6
CTR-GCN Tier S,Champion m=3 (ST+CTR+T3),0.05,0.95,9.09,0.9355,87.88,100.0,94.81,0,4,37.6,26.6,182.0,5.5
CTR-GCN Tier S,Champion m=3 (ST+CTR+T3),0.05,0.98,12.99,0.9355,87.88,100.0,94.81,0,4,38.43,26.0,185.91,5.4
CTR-GCN Tier S,Champion m=3 (ST+CTR+T3),0.05,0.99,12.99,0.9355,87.88,100.0,94.81,0,4,38.43,26.0,185.91,5.4
CTR-GCN Tier S,Champion m=3 (ST+CTR+T3),0.05,0.999,19.48,0.9355,87.88,100.0,94.81,0,4,39.8,25.1,192.43,5.2
CTR-GCN Tier S,Champion m=3 (ST+CTR+T3),0.1,0.5,5.19,0.9206,87.88,96.67,93.51,1,4,36.78,27.2,178.09,5.6
CTR-GCN Tier S,Champion m=3 (ST+CTR+T3),0.1,0.6,5.19,0.9206,87.88,96.67,93.51,1,4,36.78,27.2,178.09,5.6
CTR-GCN Tier S,Champion m=3 (ST+CTR+T3),0.1,0.7,5.19,0.9206,87.88,96.67,93.51,1,4,36.78,27.2,178.09,5.6
CTR-GCN Tier S,Champion m=3 (ST+CTR+T3),0.1,0.8,5.19,0.9206,87.88,96.67,93.51,1,4,36.78,27.2,178.09,5.6
CTR-GCN Tier S,Champion m=3 (ST+CTR+T3),0.1,0.85,6.49,0.9355,87.88,100.0,94.81,0,4,37.05,27.0,179.4,5.6
CTR-GCN Tier S,Champion m=3 (ST+CTR+T3),0.1,0.9,6.49,0.9355,87.88,100.0,94.81,0,4,37.05,27.0,179.4,5.6
CTR-GCN Tier S,Champion m=3 (ST+CTR+T3),0.1,0.95,9.09,0.9355,87.88,100.0,94.81,0,4,37.6,26.6,182.0,5.5
CTR-GCN Tier S,Champion m=3 (ST+CTR+T3),0.1,0.98,12.99,0.9355,87.88,100.0,94.81,0,4,38.43,26.0,185.91,5.4
CTR-GCN Tier S,Champion m=3 (ST+CTR+T3),0.1,0.99,12.99,0.9355,87.88,100.0,94.81,0,4,38.43,26.0,185.91,5.4
CTR-GCN Tier S,Champion m=3 (ST+CTR+T3),0.1,0.999,19.48,0.9355,87.88,100.0,94.81,0,4,39.8,25.1,192.43,5.2
CTR-GCN Tier S,Champion m=3 (ST+CTR+T3),0.15,0.5,5.19,0.9206,87.88,96.67,93.51,1,4,36.78,27.2,178.09,5.6
CTR-GCN Tier S,Champion m=3 (ST+CTR+T3),0.15,0.6,5.19,0.9206,87.88,96.67,93.51,1,4,36.78,27.2,178.09,5.6
CTR-GCN Tier S,Champion m=3 (ST+CTR+T3),0.15,0.7,5.19,0.9206,87.88,96.67,93.51,1,4,36.78,27.2,178.09,5.6
CTR-GCN Tier S,Champion m=3 (ST+CTR+T3),0.15,0.8,5.19,0.9206,87.88,96.67,93.51,1,4,36.78,27.2,178.09,5.6
CTR-GCN Tier S,Champion m=3 (ST+CTR+T3),0.15,0.85,6.49,0.9355,87.88,100.0,94.81,0,4,37.05,27.0,179.4,5.6
CTR-GCN Tier S,Champion m=3 (ST+CTR+T3),0.15,0.9,6.49,0.9355,87.88,100.0,94.81,0,4,37.05,27.0,179.4,5.6
CTR-GCN Tier S,Champion m=3 (ST+CTR+T3),0.15,0.95,9.09,0.9355,87.88,100.0,94.81,0,4,37.6,26.6,182.0,5.5
CTR-GCN Tier S,Champion m=3 (ST+CTR+T3),0.15,0.98,12.99,0.9355,87.88,100.0,94.81,0,4,38.43,26.0,185.91,5.4
CTR-GCN Tier S,Champion m=3 (ST+CTR+T3),0.15,0.99,12.99,0.9355,87.88,100.0,94.81,0,4,38.43,26.0,185.91,5.4
CTR-GCN Tier S,Champion m=3 (ST+CTR+T3),0.15,0.999,19.48,0.9355,87.88,100.0,94.81,0,4,39.8,25.1,192.43,5.2
CTR-GCN Tier S,Champion m=3 (ST+CTR+T3),0.2,0.5,1.3,0.9206,87.88,96.67,93.51,1,4,35.95,27.8,174.19,5.7
CTR-GCN Tier S,Champion m=3 (ST+CTR+T3),0.2,0.6,1.3,0.9206,87.88,96.67,93.51,1,4,35.95,27.8,174.19,5.7
CTR-GCN Tier S,Champion m=3 (ST+CTR+T3),0.2,0.7,1.3,0.9206,87.88,96.67,93.51,1,4,35.95,27.8,174.19,5.7
CTR-GCN Tier S,Champion m=3 (ST+CTR+T3),0.2,0.8,1.3,0.9206,87.88,96.67,93.51,1,4,35.95,27.8,174.19,5.7
CTR-GCN Tier S,Champion m=3 (ST+CTR+T3),0.2,0.85,2.6,0.9355,87.88,100.0,94.81,0,4,36.23,27.6,175.49,5.7
CTR-GCN Tier S,Champion m=3 (ST+CTR+T3),0.2,0.9,2.6,0.9355,87.88,100.0,94.81,0,4,36.23,27.6,175.49,5.7
CTR-GCN Tier S,Champion m=3 (ST+CTR+T3),0.2,0.95,5.19,0.9355,87.88,100.0,94.81,0,4,36.78,27.2,178.09,5.6
CTR-GCN Tier S,Champion m=3 (ST+CTR+T3),0.2,0.98,9.09,0.9355,87.88,100.0,94.81,0,4,37.6,26.6,182.0,5.5
CTR-GCN Tier S,Champion m=3 (ST+CTR+T3),0.2,0.99,9.09,0.9355,87.88,100.0,94.81,0,4,37.6,26.6,182.0,5.5
CTR-GCN Tier S,Champion m=3 (ST+CTR+T3),0.2,0.999,15.58,0.9355,87.88,100.0,94.81,0,4,38.97,25.7,188.52,5.3
CTR-GCN Tier S,Champion m=3 (ST+CTR+T3),0.25,0.5,1.3,0.9206,87.88,96.67,93.51,1,4,35.95,27.8,174.19,5.7
CTR-GCN Tier S,Champion m=3 (ST+CTR+T3),0.25,0.6,1.3,0.9206,87.88,96.67,93.51,1,4,35.95,27.8,174.19,5.7
CTR-GCN Tier S,Champion m=3 (ST+CTR+T3),0.25,0.7,1.3,0.9206,87.88,96.67,93.51,1,4,35.95,27.8,174.19,5.7
CTR-GCN Tier S,Champion m=3 (ST+CTR+T3),0.25,0.8,1.3,0.9206,87.88,96.67,93.51,1,4,35.95,27.8,174.19,5.7
CTR-GCN Tier S,Champion m=3 (ST+CTR+T3),0.25,0.85,2.6,0.9355,87.88,100.0,94.81,0,4,36.23,27.6,175.49,5.7
CTR-GCN Tier S,Champion m=3 (ST+CTR+T3),0.25,0.9,2.6,0.9355,87.88,100.0,94.81,0,4,36.23,27.6,175.49,5.7
CTR-GCN Tier S,Champion m=3 (ST+CTR+T3),0.25,0.95,5.19,0.9355,87.88,100.0,94.81,0,4,36.78,27.2,178.09,5.6
CTR-GCN Tier S,Champion m=3 (ST+CTR+T3),0.25,0.98,9.09,0.9355,87.88,100.0,94.81,0,4,37.6,26.6,182.0,5.5
CTR-GCN Tier S,Champion m=3 (ST+CTR+T3),0.25,0.99,9.09,0.9355,87.88,100.0,94.81,0,4,37.6,26.6,182.0,5.5
CTR-GCN Tier S,Champion m=3 (ST+CTR+T3),0.25,0.999,15.58,0.9355,87.88,100.0,94.81,0,4,38.97,25.7,188.52,5.3
CTR-GCN Tier S,Champion m=3 (ST+CTR+T3),0.3,0.5,0.0,0.9206,87.88,96.67,93.51,1,4,35.68,28.0,172.88,5.8
CTR-GCN Tier S,Champion m=3 (ST+CTR+T3),0.3,0.6,0.0,0.9206,87.88,96.67,93.51,1,4,35.68,28.0,172.88,5.8
CTR-GCN Tier S,Champion m=3 (ST+CTR+T3),0.3,0.7,0.0,0.9206,87.88,96.67,93.51,1,4,35.68,28.0,172.88,5.8
CTR-GCN Tier S,Champion m=3 (ST+CTR+T3),0.3,0.8,0.0,0.9206,87.88,96.67,93.51,1,4,35.68,28.0,172.88,5.8
CTR-GCN Tier S,Champion m=3 (ST+CTR+T3),0.3,0.85,1.3,0.9355,87.88,100.0,94.81,0,4,35.95,27.8,174.19,5.7
CTR-GCN Tier S,Champion m=3 (ST+CTR+T3),0.3,0.9,1.3,0.9355,87.88,100.0,94.81,0,4,35.95,27.8,174.19,5.7
CTR-GCN Tier S,Champion m=3 (ST+CTR+T3),0.3,0.95,3.9,0.9355,87.88,100.0,94.81,0,4,36.5,27.4,176.79,5.7
CTR-GCN Tier S,Champion m=3 (ST+CTR+T3),0.3,0.98,7.79,0.9355,87.88,100.0,94.81,0,4,37.33,26.8,180.7,5.5
CTR-GCN Tier S,Champion m=3 (ST+CTR+T3),0.3,0.99,7.79,0.9355,87.88,100.0,94.81,0,4,37.33,26.8,180.7,5.5
CTR-GCN Tier S,Champion m=3 (ST+CTR+T3),0.3,0.999,14.29,0.9355,87.88,100.0,94.81,0,4,38.7,25.8,187.22,5.3
CTR-GCN Tier S,Champion m=4 (ST+CTR+TierS+T3),0.001,0.5,15.58,0.9375,90.91,96.77,94.81,1,3,41.05,24.4,192.24,5.2
CTR-GCN Tier S,Champion m=4 (ST+CTR+TierS+T3),0.001,0.6,15.58,0.9375,90.91,96.77,94.81,1,3,41.05,24.4,192.24,5.2
CTR-GCN Tier S,Champion m=4 (ST+CTR+TierS+T3),0.001,0.7,15.58,0.9375,90.91,96.77,94.81,1,3,41.05,24.4,192.24,5.2
CTR-GCN Tier S,Champion m=4 (ST+CTR+TierS+T3),0.001,0.8,15.58,0.9375,90.91,96.77,94.81,1,3,41.05,24.4,192.24,5.2
CTR-GCN Tier S,Champion m=4 (ST+CTR+TierS+T3),0.001,0.85,16.88,0.9524,90.91,100.0,96.1,0,3,41.49,24.1,193.86,5.2
CTR-GCN Tier S,Champion m=4 (ST+CTR+TierS+T3),0.001,0.9,16.88,0.9524,90.91,100.0,96.1,0,3,41.49,24.1,193.86,5.2
CTR-GCN Tier S,Champion m=4 (ST+CTR+TierS+T3),0.001,0.95,19.48,0.9524,90.91,100.0,96.1,0,3,42.39,23.6,197.08,5.1
CTR-GCN Tier S,Champion m=4 (ST+CTR+TierS+T3),0.001,0.98,23.38,0.9524,90.91,100.0,96.1,0,3,43.73,22.9,201.92,5.0
CTR-GCN Tier S,Champion m=4 (ST+CTR+TierS+T3),0.001,0.99,23.38,0.9524,90.91,100.0,96.1,0,3,43.73,22.9,201.92,5.0
CTR-GCN Tier S,Champion m=4 (ST+CTR+TierS+T3),0.001,0.999,29.87,0.9524,90.91,100.0,96.1,0,3,45.97,21.8,209.99,4.8
CTR-GCN Tier S,Champion m=4 (ST+CTR+TierS+T3),0.005,0.5,11.69,0.9206,87.88,96.67,93.51,1,4,39.71,25.2,187.4,5.3
CTR-GCN Tier S,Champion m=4 (ST+CTR+TierS+T3),0.005,0.6,11.69,0.9206,87.88,96.67,93.51,1,4,39.71,25.2,187.4,5.3
CTR-GCN Tier S,Champion m=4 (ST+CTR+TierS+T3),0.005,0.7,11.69,0.9206,87.88,96.67,93.51,1,4,39.71,25.2,187.4,5.3
CTR-GCN Tier S,Champion m=4 (ST+CTR+TierS+T3),0.005,0.8,11.69,0.9206,87.88,96.67,93.51,1,4,39.71,25.2,187.4,5.3
CTR-GCN Tier S,Champion m=4 (ST+CTR+TierS+T3),0.005,0.85,12.99,0.9355,87.88,100.0,94.81,0,4,40.15,24.9,189.02,5.3
CTR-GCN Tier S,Champion m=4 (ST+CTR+TierS+T3),0.005,0.9,12.99,0.9355,87.88,100.0,94.81,0,4,40.15,24.9,189.02,5.3
CTR-GCN Tier S,Champion m=4 (ST+CTR+TierS+T3),0.005,0.95,15.58,0.9355,87.88,100.0,94.81,0,4,41.05,24.4,192.24,5.2
CTR-GCN Tier S,Champion m=4 (ST+CTR+TierS+T3),0.005,0.98,19.48,0.9355,87.88,100.0,94.81,0,4,42.39,23.6,197.08,5.1
CTR-GCN Tier S,Champion m=4 (ST+CTR+TierS+T3),0.005,0.99,19.48,0.9355,87.88,100.0,94.81,0,4,42.39,23.6,197.08,5.1
CTR-GCN Tier S,Champion m=4 (ST+CTR+TierS+T3),0.005,0.999,25.97,0.9355,87.88,100.0,94.81,0,4,44.62,22.4,205.15,4.9
CTR-GCN Tier S,Champion m=4 (ST+CTR+TierS+T3),0.01,0.5,9.09,0.9206,87.88,96.67,93.51,1,4,38.81,25.8,184.18,5.4
CTR-GCN Tier S,Champion m=4 (ST+CTR+TierS+T3),0.01,0.6,9.09,0.9206,87.88,96.67,93.51,1,4,38.81,25.8,184.18,5.4
CTR-GCN Tier S,Champion m=4 (ST+CTR+TierS+T3),0.01,0.7,9.09,0.9206,87.88,96.67,93.51,1,4,38.81,25.8,184.18,5.4
CTR-GCN Tier S,Champion m=4 (ST+CTR+TierS+T3),0.01,0.8,9.09,0.9206,87.88,96.67,93.51,1,4,38.81,25.8,184.18,5.4
CTR-GCN Tier S,Champion m=4 (ST+CTR+TierS+T3),0.01,0.85,10.39,0.9355,87.88,100.0,94.81,0,4,39.26,25.5,185.79,5.4
CTR-GCN Tier S,Champion m=4 (ST+CTR+TierS+T3),0.01,0.9,10.39,0.9355,87.88,100.0,94.81,0,4,39.26,25.5,185.79,5.4
CTR-GCN Tier S,Champion m=4 (ST+CTR+TierS+T3),0.01,0.95,12.99,0.9355,87.88,100.0,94.81,0,4,40.15,24.9,189.02,5.3
CTR-GCN Tier S,Champion m=4 (ST+CTR+TierS+T3),0.01,0.98,16.88,0.9355,87.88,100.0,94.81,0,4,41.49,24.1,193.86,5.2
CTR-GCN Tier S,Champion m=4 (ST+CTR+TierS+T3),0.01,0.99,16.88,0.9355,87.88,100.0,94.81,0,4,41.49,24.1,193.86,5.2
CTR-GCN Tier S,Champion m=4 (ST+CTR+TierS+T3),0.01,0.999,23.38,0.9355,87.88,100.0,94.81,0,4,43.73,22.9,201.92,5.0
CTR-GCN Tier S,Champion m=4 (ST+CTR+TierS+T3),0.02,0.5,7.79,0.9206,87.88,96.67,93.51,1,4,38.36,26.1,182.56,5.5
CTR-GCN Tier S,Champion m=4 (ST+CTR+TierS+T3),0.02,0.6,7.79,0.9206,87.88,96.67,93.51,1,4,38.36,26.1,182.56,5.5
CTR-GCN Tier S,Champion m=4 (ST+CTR+TierS+T3),0.02,0.7,7.79,0.9206,87.88,96.67,93.51,1,4,38.36,26.1,182.56,5.5
CTR-GCN Tier S,Champion m=4 (ST+CTR+TierS+T3),0.02,0.8,7.79,0.9206,87.88,96.67,93.51,1,4,38.36,26.1,182.56,5.5
CTR-GCN Tier S,Champion m=4 (ST+CTR+TierS+T3),0.02,0.85,9.09,0.9355,87.88,100.0,94.81,0,4,38.81,25.8,184.18,5.4
CTR-GCN Tier S,Champion m=4 (ST+CTR+TierS+T3),0.02,0.9,9.09,0.9355,87.88,100.0,94.81,0,4,38.81,25.8,184.18,5.4
CTR-GCN Tier S,Champion m=4 (ST+CTR+TierS+T3),0.02,0.95,11.69,0.9355,87.88,100.0,94.81,0,4,39.71,25.2,187.4,5.3
CTR-GCN Tier S,Champion m=4 (ST+CTR+TierS+T3),0.02,0.98,15.58,0.9355,87.88,100.0,94.81,0,4,41.05,24.4,192.24,5.2
CTR-GCN Tier S,Champion m=4 (ST+CTR+TierS+T3),0.02,0.99,15.58,0.9355,87.88,100.0,94.81,0,4,41.05,24.4,192.24,5.2
CTR-GCN Tier S,Champion m=4 (ST+CTR+TierS+T3),0.02,0.999,22.08,0.9355,87.88,100.0,94.81,0,4,43.28,23.1,200.31,5.0
CTR-GCN Tier S,Champion m=4 (ST+CTR+TierS+T3),0.05,0.5,5.19,0.9206,87.88,96.67,93.51,1,4,37.47,26.7,179.34,5.6
CTR-GCN Tier S,Champion m=4 (ST+CTR+TierS+T3),0.05,0.6,5.19,0.9206,87.88,96.67,93.51,1,4,37.47,26.7,179.34,5.6
CTR-GCN Tier S,Champion m=4 (ST+CTR+TierS+T3),0.05,0.7,5.19,0.9206,87.88,96.67,93.51,1,4,37.47,26.7,179.34,5.6
CTR-GCN Tier S,Champion m=4 (ST+CTR+TierS+T3),0.05,0.8,5.19,0.9206,87.88,96.67,93.51,1,4,37.47,26.7,179.34,5.6
CTR-GCN Tier S,Champion m=4 (ST+CTR+TierS+T3),0.05,0.85,6.49,0.9355,87.88,100.0,94.81,0,4,37.92,26.4,180.95,5.5
CTR-GCN Tier S,Champion m=4 (ST+CTR+TierS+T3),0.05,0.9,6.49,0.9355,87.88,100.0,94.81,0,4,37.92,26.4,180.95,5.5
CTR-GCN Tier S,Champion m=4 (ST+CTR+TierS+T3),0.05,0.95,9.09,0.9355,87.88,100.0,94.81,0,4,38.81,25.8,184.18,5.4
CTR-GCN Tier S,Champion m=4 (ST+CTR+TierS+T3),0.05,0.98,12.99,0.9355,87.88,100.0,94.81,0,4,40.15,24.9,189.02,5.3
CTR-GCN Tier S,Champion m=4 (ST+CTR+TierS+T3),0.05,0.99,12.99,0.9355,87.88,100.0,94.81,0,4,40.15,24.9,189.02,5.3
CTR-GCN Tier S,Champion m=4 (ST+CTR+TierS+T3),0.05,0.999,19.48,0.9355,87.88,100.0,94.81,0,4,42.39,23.6,197.08,5.1
CTR-GCN Tier S,Champion m=4 (ST+CTR+TierS+T3),0.1,0.5,5.19,0.9206,87.88,96.67,93.51,1,4,37.47,26.7,179.34,5.6
CTR-GCN Tier S,Champion m=4 (ST+CTR+TierS+T3),0.1,0.6,5.19,0.9206,87.88,96.67,93.51,1,4,37.47,26.7,179.34,5.6
CTR-GCN Tier S,Champion m=4 (ST+CTR+TierS+T3),0.1,0.7,5.19,0.9206,87.88,96.67,93.51,1,4,37.47,26.7,179.34,5.6
CTR-GCN Tier S,Champion m=4 (ST+CTR+TierS+T3),0.1,0.8,5.19,0.9206,87.88,96.67,93.51,1,4,37.47,26.7,179.34,5.6
CTR-GCN Tier S,Champion m=4 (ST+CTR+TierS+T3),0.1,0.85,6.49,0.9355,87.88,100.0,94.81,0,4,37.92,26.4,180.95,5.5
CTR-GCN Tier S,Champion m=4 (ST+CTR+TierS+T3),0.1,0.9,6.49,0.9355,87.88,100.0,94.81,0,4,37.92,26.4,180.95,5.5
CTR-GCN Tier S,Champion m=4 (ST+CTR+TierS+T3),0.1,0.95,9.09,0.9355,87.88,100.0,94.81,0,4,38.81,25.8,184.18,5.4
CTR-GCN Tier S,Champion m=4 (ST+CTR+TierS+T3),0.1,0.98,12.99,0.9355,87.88,100.0,94.81,0,4,40.15,24.9,189.02,5.3
CTR-GCN Tier S,Champion m=4 (ST+CTR+TierS+T3),0.1,0.99,12.99,0.9355,87.88,100.0,94.81,0,4,40.15,24.9,189.02,5.3
CTR-GCN Tier S,Champion m=4 (ST+CTR+TierS+T3),0.1,0.999,19.48,0.9355,87.88,100.0,94.81,0,4,42.39,23.6,197.08,5.1
CTR-GCN Tier S,Champion m=4 (ST+CTR+TierS+T3),0.15,0.5,5.19,0.9206,87.88,96.67,93.51,1,4,37.47,26.7,179.34,5.6
CTR-GCN Tier S,Champion m=4 (ST+CTR+TierS+T3),0.15,0.6,5.19,0.9206,87.88,96.67,93.51,1,4,37.47,26.7,179.34,5.6
CTR-GCN Tier S,Champion m=4 (ST+CTR+TierS+T3),0.15,0.7,5.19,0.9206,87.88,96.67,93.51,1,4,37.47,26.7,179.34,5.6
CTR-GCN Tier S,Champion m=4 (ST+CTR+TierS+T3),0.15,0.8,5.19,0.9206,87.88,96.67,93.51,1,4,37.47,26.7,179.34,5.6
CTR-GCN Tier S,Champion m=4 (ST+CTR+TierS+T3),0.15,0.85,6.49,0.9355,87.88,100.0,94.81,0,4,37.92,26.4,180.95,5.5
CTR-GCN Tier S,Champion m=4 (ST+CTR+TierS+T3),0.15,0.9,6.49,0.9355,87.88,100.0,94.81,0,4,37.92,26.4,180.95,5.5
CTR-GCN Tier S,Champion m=4 (ST+CTR+TierS+T3),0.15,0.95,9.09,0.9355,87.88,100.0,94.81,0,4,38.81,25.8,184.18,5.4
CTR-GCN Tier S,Champion m=4 (ST+CTR+TierS+T3),0.15,0.98,12.99,0.9355,87.88,100.0,94.81,0,4,40.15,24.9,189.02,5.3
CTR-GCN Tier S,Champion m=4 (ST+CTR+TierS+T3),0.15,0.99,12.99,0.9355,87.88,100.0,94.81,0,4,40.15,24.9,189.02,5.3
CTR-GCN Tier S,Champion m=4 (ST+CTR+TierS+T3),0.15,0.999,19.48,0.9355,87.88,100.0,94.81,0,4,42.39,23.6,197.08,5.1
CTR-GCN Tier S,Champion m=4 (ST+CTR+TierS+T3),0.2,0.5,1.3,0.9206,87.88,96.67,93.51,1,4,36.13,27.7,174.5,5.7
CTR-GCN Tier S,Champion m=4 (ST+CTR+TierS+T3),0.2,0.6,1.3,0.9206,87.88,96.67,93.51,1,4,36.13,27.7,174.5,5.7
CTR-GCN Tier S,Champion m=4 (ST+CTR+TierS+T3),0.2,0.7,1.3,0.9206,87.88,96.67,93.51,1,4,36.13,27.7,174.5,5.7
CTR-GCN Tier S,Champion m=4 (ST+CTR+TierS+T3),0.2,0.8,1.3,0.9206,87.88,96.67,93.51,1,4,36.13,27.7,174.5,5.7
CTR-GCN Tier S,Champion m=4 (ST+CTR+TierS+T3),0.2,0.85,2.6,0.9355,87.88,100.0,94.81,0,4,36.57,27.3,176.11,5.7
CTR-GCN Tier S,Champion m=4 (ST+CTR+TierS+T3),0.2,0.9,2.6,0.9355,87.88,100.0,94.81,0,4,36.57,27.3,176.11,5.7
CTR-GCN Tier S,Champion m=4 (ST+CTR+TierS+T3),0.2,0.95,5.19,0.9355,87.88,100.0,94.81,0,4,37.47,26.7,179.34,5.6
CTR-GCN Tier S,Champion m=4 (ST+CTR+TierS+T3),0.2,0.98,9.09,0.9355,87.88,100.0,94.81,0,4,38.81,25.8,184.18,5.4
CTR-GCN Tier S,Champion m=4 (ST+CTR+TierS+T3),0.2,0.99,9.09,0.9355,87.88,100.0,94.81,0,4,38.81,25.8,184.18,5.4
CTR-GCN Tier S,Champion m=4 (ST+CTR+TierS+T3),0.2,0.999,15.58,0.9355,87.88,100.0,94.81,0,4,41.05,24.4,192.24,5.2
CTR-GCN Tier S,Champion m=4 (ST+CTR+TierS+T3),0.25,0.5,1.3,0.9206,87.88,96.67,93.51,1,4,36.13,27.7,174.5,5.7
CTR-GCN Tier S,Champion m=4 (ST+CTR+TierS+T3),0.25,0.6,1.3,0.9206,87.88,96.67,93.51,1,4,36.13,27.7,174.5,5.7
CTR-GCN Tier S,Champion m=4 (ST+CTR+TierS+T3),0.25,0.7,1.3,0.9206,87.88,96.67,93.51,1,4,36.13,27.7,174.5,5.7
CTR-GCN Tier S,Champion m=4 (ST+CTR+TierS+T3),0.25,0.8,1.3,0.9206,87.88,96.67,93.51,1,4,36.13,27.7,174.5,5.7
CTR-GCN Tier S,Champion m=4 (ST+CTR+TierS+T3),0.25,0.85,2.6,0.9355,87.88,100.0,94.81,0,4,36.57,27.3,176.11,5.7
CTR-GCN Tier S,Champion m=4 (ST+CTR+TierS+T3),0.25,0.9,2.6,0.9355,87.88,100.0,94.81,0,4,36.57,27.3,176.11,5.7
CTR-GCN Tier S,Champion m=4 (ST+CTR+TierS+T3),0.25,0.95,5.19,0.9355,87.88,100.0,94.81,0,4,37.47,26.7,179.34,5.6
CTR-GCN Tier S,Champion m=4 (ST+CTR+TierS+T3),0.25,0.98,9.09,0.9355,87.88,100.0,94.81,0,4,38.81,25.8,184.18,5.4
CTR-GCN Tier S,Champion m=4 (ST+CTR+TierS+T3),0.25,0.99,9.09,0.9355,87.88,100.0,94.81,0,4,38.81,25.8,184.18,5.4
CTR-GCN Tier S,Champion m=4 (ST+CTR+TierS+T3),0.25,0.999,15.58,0.9355,87.88,100.0,94.81,0,4,41.05,24.4,192.24,5.2
CTR-GCN Tier S,Champion m=4 (ST+CTR+TierS+T3),0.3,0.5,0.0,0.9206,87.88,96.67,93.51,1,4,35.68,28.0,172.88,5.8
CTR-GCN Tier S,Champion m=4 (ST+CTR+TierS+T3),0.3,0.6,0.0,0.9206,87.88,96.67,93.51,1,4,35.68,28.0,172.88,5.8
CTR-GCN Tier S,Champion m=4 (ST+CTR+TierS+T3),0.3,0.7,0.0,0.9206,87.88,96.67,93.51,1,4,35.68,28.0,172.88,5.8
CTR-GCN Tier S,Champion m=4 (ST+CTR+TierS+T3),0.3,0.8,0.0,0.9206,87.88,96.67,93.51,1,4,35.68,28.0,172.88,5.8
CTR-GCN Tier S,Champion m=4 (ST+CTR+TierS+T3),0.3,0.85,1.3,0.9355,87.88,100.0,94.81,0,4,36.13,27.7,174.5,5.7
CTR-GCN Tier S,Champion m=4 (ST+CTR+TierS+T3),0.3,0.9,1.3,0.9355,87.88,100.0,94.81,0,4,36.13,27.7,174.5,5.7
CTR-GCN Tier S,Champion m=4 (ST+CTR+TierS+T3),0.3,0.95,3.9,0.9355,87.88,100.0,94.81,0,4,37.02,27.0,177.72,5.6
CTR-GCN Tier S,Champion m=4 (ST+CTR+TierS+T3),0.3,0.98,7.79,0.9355,87.88,100.0,94.81,0,4,38.36,26.1,182.56,5.5
CTR-GCN Tier S,Champion m=4 (ST+CTR+TierS+T3),0.3,0.99,7.79,0.9355,87.88,100.0,94.81,0,4,38.36,26.1,182.56,5.5
CTR-GCN Tier S,Champion m=4 (ST+CTR+TierS+T3),0.3,0.999,14.29,0.9355,87.88,100.0,94.81,0,4,40.6,24.6,190.63,5.2
CTR-GCN Tier S,Champion m=2 (ST+T3),0.001,0.5,15.58,0.9375,90.91,96.77,94.81,1,3,36.89,27.1,183.71,5.4
CTR-GCN Tier S,Champion m=2 (ST+T3),0.001,0.6,15.58,0.9375,90.91,96.77,94.81,1,3,36.89,27.1,183.71,5.4
CTR-GCN Tier S,Champion m=2 (ST+T3),0.001,0.7,15.58,0.9375,90.91,96.77,94.81,1,3,36.89,27.1,183.71,5.4
CTR-GCN Tier S,Champion m=2 (ST+T3),0.001,0.8,15.58,0.9375,90.91,96.77,94.81,1,3,36.89,27.1,183.71,5.4
CTR-GCN Tier S,Champion m=2 (ST+T3),0.001,0.85,16.88,0.9524,90.91,100.0,96.1,0,3,36.99,27.0,184.61,5.4
CTR-GCN Tier S,Champion m=2 (ST+T3),0.001,0.9,16.88,0.9524,90.91,100.0,96.1,0,3,36.99,27.0,184.61,5.4
CTR-GCN Tier S,Champion m=2 (ST+T3),0.001,0.95,19.48,0.9524,90.91,100.0,96.1,0,3,37.2,26.9,186.41,5.4
CTR-GCN Tier S,Champion m=2 (ST+T3),0.001,0.98,23.38,0.9524,90.91,100.0,96.1,0,3,37.5,26.7,189.12,5.3
CTR-GCN Tier S,Champion m=2 (ST+T3),0.001,0.99,23.38,0.9524,90.91,100.0,96.1,0,3,37.5,26.7,189.12,5.3
CTR-GCN Tier S,Champion m=2 (ST+T3),0.001,0.999,29.87,0.9524,90.91,100.0,96.1,0,3,38.0,26.3,193.63,5.2
CTR-GCN Tier S,Champion m=2 (ST+T3),0.005,0.5,11.69,0.9206,87.88,96.67,93.51,1,4,36.59,27.3,181.0,5.5
CTR-GCN Tier S,Champion m=2 (ST+T3),0.005,0.6,11.69,0.9206,87.88,96.67,93.51,1,4,36.59,27.3,181.0,5.5
CTR-GCN Tier S,Champion m=2 (ST+T3),0.005,0.7,11.69,0.9206,87.88,96.67,93.51,1,4,36.59,27.3,181.0,5.5
CTR-GCN Tier S,Champion m=2 (ST+T3),0.005,0.8,11.69,0.9206,87.88,96.67,93.51,1,4,36.59,27.3,181.0,5.5
CTR-GCN Tier S,Champion m=2 (ST+T3),0.005,0.85,12.99,0.9355,87.88,100.0,94.81,0,4,36.69,27.3,181.9,5.5
CTR-GCN Tier S,Champion m=2 (ST+T3),0.005,0.9,12.99,0.9355,87.88,100.0,94.81,0,4,36.69,27.3,181.9,5.5
CTR-GCN Tier S,Champion m=2 (ST+T3),0.005,0.95,15.58,0.9355,87.88,100.0,94.81,0,4,36.89,27.1,183.71,5.4
CTR-GCN Tier S,Champion m=2 (ST+T3),0.005,0.98,19.48,0.9355,87.88,100.0,94.81,0,4,37.2,26.9,186.41,5.4
CTR-GCN Tier S,Champion m=2 (ST+T3),0.005,0.99,19.48,0.9355,87.88,100.0,94.81,0,4,37.2,26.9,186.41,5.4
CTR-GCN Tier S,Champion m=2 (ST+T3),0.005,0.999,25.97,0.9355,87.88,100.0,94.81,0,4,37.7,26.5,190.92,5.2
CTR-GCN Tier S,Champion m=2 (ST+T3),0.01,0.5,9.09,0.9206,87.88,96.67,93.51,1,4,36.39,27.5,179.2,5.6
CTR-GCN Tier S,Champion m=2 (ST+T3),0.01,0.6,9.09,0.9206,87.88,96.67,93.51,1,4,36.39,27.5,179.2,5.6
CTR-GCN Tier S,Champion m=2 (ST+T3),0.01,0.7,9.09,0.9206,87.88,96.67,93.51,1,4,36.39,27.5,179.2,5.6
CTR-GCN Tier S,Champion m=2 (ST+T3),0.01,0.8,9.09,0.9206,87.88,96.67,93.51,1,4,36.39,27.5,179.2,5.6
CTR-GCN Tier S,Champion m=2 (ST+T3),0.01,0.85,10.39,0.9355,87.88,100.0,94.81,0,4,36.49,27.4,180.1,5.6
CTR-GCN Tier S,Champion m=2 (ST+T3),0.01,0.9,10.39,0.9355,87.88,100.0,94.81,0,4,36.49,27.4,180.1,5.6
CTR-GCN Tier S,Champion m=2 (ST+T3),0.01,0.95,12.99,0.9355,87.88,100.0,94.81,0,4,36.69,27.3,181.9,5.5
CTR-GCN Tier S,Champion m=2 (ST+T3),0.01,0.98,16.88,0.9355,87.88,100.0,94.81,0,4,36.99,27.0,184.61,5.4
CTR-GCN Tier S,Champion m=2 (ST+T3),0.01,0.99,16.88,0.9355,87.88,100.0,94.81,0,4,36.99,27.0,184.61,5.4
CTR-GCN Tier S,Champion m=2 (ST+T3),0.01,0.999,23.38,0.9355,87.88,100.0,94.81,0,4,37.5,26.7,189.12,5.3
CTR-GCN Tier S,Champion m=2 (ST+T3),0.02,0.5,7.79,0.9206,87.88,96.67,93.51,1,4,36.29,27.6,178.29,5.6
CTR-GCN Tier S,Champion m=2 (ST+T3),0.02,0.6,7.79,0.9206,87.88,96.67,93.51,1,4,36.29,27.6,178.29,5.6
CTR-GCN Tier S,Champion m=2 (ST+T3),0.02,0.7,7.79,0.9206,87.88,96.67,93.51,1,4,36.29,27.6,178.29,5.6
CTR-GCN Tier S,Champion m=2 (ST+T3),0.02,0.8,7.79,0.9206,87.88,96.67,93.51,1,4,36.29,27.6,178.29,5.6
CTR-GCN Tier S,Champion m=2 (ST+T3),0.02,0.85,9.09,0.9355,87.88,100.0,94.81,0,4,36.39,27.5,179.2,5.6
CTR-GCN Tier S,Champion m=2 (ST+T3),0.02,0.9,9.09,0.9355,87.88,100.0,94.81,0,4,36.39,27.5,179.2,5.6
CTR-GCN Tier S,Champion m=2 (ST+T3),0.02,0.95,11.69,0.9355,87.88,100.0,94.81,0,4,36.59,27.3,181.0,5.5
CTR-GCN Tier S,Champion m=2 (ST+T3),0.02,0.98,15.58,0.9355,87.88,100.0,94.81,0,4,36.89,27.1,183.71,5.4
CTR-GCN Tier S,Champion m=2 (ST+T3),0.02,0.99,15.58,0.9355,87.88,100.0,94.81,0,4,36.89,27.1,183.71,5.4
CTR-GCN Tier S,Champion m=2 (ST+T3),0.02,0.999,22.08,0.9355,87.88,100.0,94.81,0,4,37.4,26.7,188.22,5.3
CTR-GCN Tier S,Champion m=2 (ST+T3),0.05,0.5,5.19,0.9206,87.88,96.67,93.51,1,4,36.08,27.7,176.49,5.7
CTR-GCN Tier S,Champion m=2 (ST+T3),0.05,0.6,5.19,0.9206,87.88,96.67,93.51,1,4,36.08,27.7,176.49,5.7
CTR-GCN Tier S,Champion m=2 (ST+T3),0.05,0.7,5.19,0.9206,87.88,96.67,93.51,1,4,36.08,27.7,176.49,5.7
CTR-GCN Tier S,Champion m=2 (ST+T3),0.05,0.8,5.19,0.9206,87.88,96.67,93.51,1,4,36.08,27.7,176.49,5.7
CTR-GCN Tier S,Champion m=2 (ST+T3),0.05,0.85,6.49,0.9355,87.88,100.0,94.81,0,4,36.19,27.6,177.39,5.6
CTR-GCN Tier S,Champion m=2 (ST+T3),0.05,0.9,6.49,0.9355,87.88,100.0,94.81,0,4,36.19,27.6,177.39,5.6
CTR-GCN Tier S,Champion m=2 (ST+T3),0.05,0.95,9.09,0.9355,87.88,100.0,94.81,0,4,36.39,27.5,179.2,5.6
CTR-GCN Tier S,Champion m=2 (ST+T3),0.05,0.98,12.99,0.9355,87.88,100.0,94.81,0,4,36.69,27.3,181.9,5.5
CTR-GCN Tier S,Champion m=2 (ST+T3),0.05,0.99,12.99,0.9355,87.88,100.0,94.81,0,4,36.69,27.3,181.9,5.5
CTR-GCN Tier S,Champion m=2 (ST+T3),0.05,0.999,19.48,0.9355,87.88,100.0,94.81,0,4,37.2,26.9,186.41,5.4
CTR-GCN Tier S,Champion m=2 (ST+T3),0.1,0.5,5.19,0.9206,87.88,96.67,93.51,1,4,36.08,27.7,176.49,5.7
CTR-GCN Tier S,Champion m=2 (ST+T3),0.1,0.6,5.19,0.9206,87.88,96.67,93.51,1,4,36.08,27.7,176.49,5.7
CTR-GCN Tier S,Champion m=2 (ST+T3),0.1,0.7,5.19,0.9206,87.88,96.67,93.51,1,4,36.08,27.7,176.49,5.7
CTR-GCN Tier S,Champion m=2 (ST+T3),0.1,0.8,5.19,0.9206,87.88,96.67,93.51,1,4,36.08,27.7,176.49,5.7
CTR-GCN Tier S,Champion m=2 (ST+T3),0.1,0.85,6.49,0.9355,87.88,100.0,94.81,0,4,36.19,27.6,177.39,5.6
CTR-GCN Tier S,Champion m=2 (ST+T3),0.1,0.9,6.49,0.9355,87.88,100.0,94.81,0,4,36.19,27.6,177.39,5.6
CTR-GCN Tier S,Champion m=2 (ST+T3),0.1,0.95,9.09,0.9355,87.88,100.0,94.81,0,4,36.39,27.5,179.2,5.6
CTR-GCN Tier S,Champion m=2 (ST+T3),0.1,0.98,12.99,0.9355,87.88,100.0,94.81,0,4,36.69,27.3,181.9,5.5
CTR-GCN Tier S,Champion m=2 (ST+T3),0.1,0.99,12.99,0.9355,87.88,100.0,94.81,0,4,36.69,27.3,181.9,5.5
CTR-GCN Tier S,Champion m=2 (ST+T3),0.1,0.999,19.48,0.9355,87.88,100.0,94.81,0,4,37.2,26.9,186.41,5.4
CTR-GCN Tier S,Champion m=2 (ST+T3),0.15,0.5,5.19,0.9206,87.88,96.67,93.51,1,4,36.08,27.7,176.49,5.7
CTR-GCN Tier S,Champion m=2 (ST+T3),0.15,0.6,5.19,0.9206,87.88,96.67,93.51,1,4,36.08,27.7,176.49,5.7
CTR-GCN Tier S,Champion m=2 (ST+T3),0.15,0.7,5.19,0.9206,87.88,96.67,93.51,1,4,36.08,27.7,176.49,5.7
CTR-GCN Tier S,Champion m=2 (ST+T3),0.15,0.8,5.19,0.9206,87.88,96.67,93.51,1,4,36.08,27.7,176.49,5.7
CTR-GCN Tier S,Champion m=2 (ST+T3),0.15,0.85,6.49,0.9355,87.88,100.0,94.81,0,4,36.19,27.6,177.39,5.6
CTR-GCN Tier S,Champion m=2 (ST+T3),0.15,0.9,6.49,0.9355,87.88,100.0,94.81,0,4,36.19,27.6,177.39,5.6
CTR-GCN Tier S,Champion m=2 (ST+T3),0.15,0.95,9.09,0.9355,87.88,100.0,94.81,0,4,36.39,27.5,179.2,5.6
CTR-GCN Tier S,Champion m=2 (ST+T3),0.15,0.98,12.99,0.9355,87.88,100.0,94.81,0,4,36.69,27.3,181.9,5.5
CTR-GCN Tier S,Champion m=2 (ST+T3),0.15,0.99,12.99,0.9355,87.88,100.0,94.81,0,4,36.69,27.3,181.9,5.5
CTR-GCN Tier S,Champion m=2 (ST+T3),0.15,0.999,19.48,0.9355,87.88,100.0,94.81,0,4,37.2,26.9,186.41,5.4
CTR-GCN Tier S,Champion m=2 (ST+T3),0.2,0.5,1.3,0.9206,87.88,96.67,93.51,1,4,35.78,27.9,173.79,5.8
CTR-GCN Tier S,Champion m=2 (ST+T3),0.2,0.6,1.3,0.9206,87.88,96.67,93.51,1,4,35.78,27.9,173.79,5.8
CTR-GCN Tier S,Champion m=2 (ST+T3),0.2,0.7,1.3,0.9206,87.88,96.67,93.51,1,4,35.78,27.9,173.79,5.8
CTR-GCN Tier S,Champion m=2 (ST+T3),0.2,0.8,1.3,0.9206,87.88,96.67,93.51,1,4,35.78,27.9,173.79,5.8
CTR-GCN Tier S,Champion m=2 (ST+T3),0.2,0.85,2.6,0.9355,87.88,100.0,94.81,0,4,35.88,27.9,174.69,5.7
CTR-GCN Tier S,Champion m=2 (ST+T3),0.2,0.9,2.6,0.9355,87.88,100.0,94.81,0,4,35.88,27.9,174.69,5.7
CTR-GCN Tier S,Champion m=2 (ST+T3),0.2,0.95,5.19,0.9355,87.88,100.0,94.81,0,4,36.08,27.7,176.49,5.7
CTR-GCN Tier S,Champion m=2 (ST+T3),0.2,0.98,9.09,0.9355,87.88,100.0,94.81,0,4,36.39,27.5,179.2,5.6
CTR-GCN Tier S,Champion m=2 (ST+T3),0.2,0.99,9.09,0.9355,87.88,100.0,94.81,0,4,36.39,27.5,179.2,5.6
CTR-GCN Tier S,Champion m=2 (ST+T3),0.2,0.999,15.58,0.9355,87.88,100.0,94.81,0,4,36.89,27.1,183.71,5.4
CTR-GCN Tier S,Champion m=2 (ST+T3),0.25,0.5,1.3,0.9206,87.88,96.67,93.51,1,4,35.78,27.9,173.79,5.8
CTR-GCN Tier S,Champion m=2 (ST+T3),0.25,0.6,1.3,0.9206,87.88,96.67,93.51,1,4,35.78,27.9,173.79,5.8
CTR-GCN Tier S,Champion m=2 (ST+T3),0.25,0.7,1.3,0.9206,87.88,96.67,93.51,1,4,35.78,27.9,173.79,5.8
CTR-GCN Tier S,Champion m=2 (ST+T3),0.25,0.8,1.3,0.9206,87.88,96.67,93.51,1,4,35.78,27.9,173.79,5.8
CTR-GCN Tier S,Champion m=2 (ST+T3),0.25,0.85,2.6,0.9355,87.88,100.0,94.81,0,4,35.88,27.9,174.69,5.7
CTR-GCN Tier S,Champion m=2 (ST+T3),0.25,0.9,2.6,0.9355,87.88,100.0,94.81,0,4,35.88,27.9,174.69,5.7
CTR-GCN Tier S,Champion m=2 (ST+T3),0.25,0.95,5.19,0.9355,87.88,100.0,94.81,0,4,36.08,27.7,176.49,5.7
CTR-GCN Tier S,Champion m=2 (ST+T3),0.25,0.98,9.09,0.9355,87.88,100.0,94.81,0,4,36.39,27.5,179.2,5.6
CTR-GCN Tier S,Champion m=2 (ST+T3),0.25,0.99,9.09,0.9355,87.88,100.0,94.81,0,4,36.39,27.5,179.2,5.6
CTR-GCN Tier S,Champion m=2 (ST+T3),0.25,0.999,15.58,0.9355,87.88,100.0,94.81,0,4,36.89,27.1,183.71,5.4
CTR-GCN Tier S,Champion m=2 (ST+T3),0.3,0.5,0.0,0.9206,87.88,96.67,93.51,1,4,35.68,28.0,172.88,5.8
CTR-GCN Tier S,Champion m=2 (ST+T3),0.3,0.6,0.0,0.9206,87.88,96.67,93.51,1,4,35.68,28.0,172.88,5.8
CTR-GCN Tier S,Champion m=2 (ST+T3),0.3,0.7,0.0,0.9206,87.88,96.67,93.51,1,4,35.68,28.0,172.88,5.8
CTR-GCN Tier S,Champion m=2 (ST+T3),0.3,0.8,0.0,0.9206,87.88,96.67,93.51,1,4,35.68,28.0,172.88,5.8
CTR-GCN Tier S,Champion m=2 (ST+T3),0.3,0.85,1.3,0.9355,87.88,100.0,94.81,0,4,35.78,27.9,173.79,5.8
CTR-GCN Tier S,Champion m=2 (ST+T3),0.3,0.9,1.3,0.9355,87.88,100.0,94.81,0,4,35.78,27.9,173.79,5.8
CTR-GCN Tier S,Champion m=2 (ST+T3),0.3,0.95,3.9,0.9355,87.88,100.0,94.81,0,4,35.98,27.8,175.59,5.7
CTR-GCN Tier S,Champion m=2 (ST+T3),0.3,0.98,7.79,0.9355,87.88,100.0,94.81,0,4,36.29,27.6,178.29,5.6
CTR-GCN Tier S,Champion m=2 (ST+T3),0.3,0.99,7.79,0.9355,87.88,100.0,94.81,0,4,36.29,27.6,178.29,5.6
CTR-GCN Tier S,Champion m=2 (ST+T3),0.3,0.999,14.29,0.9355,87.88,100.0,94.81,0,4,36.79,27.2,182.8,5.5
PoseConv3D Tier 5,Champion m=3 (ST+CTR+T3),0.001,0.5,42.86,1.0,100.0,100.0,100.0,0,0,35.43,28.2,232.22,4.3
PoseConv3D Tier 5,Champion m=3 (ST+CTR+T3),0.001,0.6,48.05,1.0,100.0,100.0,100.0,0,0,36.5,27.4,235.68,4.2
PoseConv3D Tier 5,Champion m=3 (ST+CTR+T3),0.001,0.7,48.05,1.0,100.0,100.0,100.0,0,0,36.5,27.4,235.68,4.2
PoseConv3D Tier 5,Champion m=3 (ST+CTR+T3),0.001,0.8,51.95,1.0,100.0,100.0,100.0,0,0,37.3,26.8,238.27,4.2
PoseConv3D Tier 5,Champion m=3 (ST+CTR+T3),0.001,0.85,53.25,1.0,100.0,100.0,100.0,0,0,37.57,26.6,239.14,4.2
PoseConv3D Tier 5,Champion m=3 (ST+CTR+T3),0.001,0.9,54.55,1.0,100.0,100.0,100.0,0,0,37.84,26.4,240.0,4.2
PoseConv3D Tier 5,Champion m=3 (ST+CTR+T3),0.001,0.95,57.14,1.0,100.0,100.0,100.0,0,0,38.37,26.1,241.73,4.1
PoseConv3D Tier 5,Champion m=3 (ST+CTR+T3),0.001,0.98,66.23,1.0,100.0,100.0,100.0,0,0,40.25,24.8,247.79,4.0
PoseConv3D Tier 5,Champion m=3 (ST+CTR+T3),0.001,0.99,68.83,1.0,100.0,100.0,100.0,0,0,40.78,24.5,249.52,4.0
PoseConv3D Tier 5,Champion m=3 (ST+CTR+T3),0.001,0.999,74.03,1.0,100.0,100.0,100.0,0,0,41.85,23.9,252.98,4.0
PoseConv3D Tier 5,Champion m=3 (ST+CTR+T3),0.005,0.5,36.36,0.9846,96.97,100.0,98.7,0,1,34.09,29.3,227.89,4.4
PoseConv3D Tier 5,Champion m=3 (ST+CTR+T3),0.005,0.6,41.56,0.9846,96.97,100.0,98.7,0,1,35.16,28.4,231.35,4.3
PoseConv3D Tier 5,Champion m=3 (ST+CTR+T3),0.005,0.7,41.56,0.9846,96.97,100.0,98.7,0,1,35.16,28.4,231.35,4.3
PoseConv3D Tier 5,Champion m=3 (ST+CTR+T3),0.005,0.8,45.45,0.9846,96.97,100.0,98.7,0,1,35.97,27.8,233.95,4.3
PoseConv3D Tier 5,Champion m=3 (ST+CTR+T3),0.005,0.85,46.75,0.9846,96.97,100.0,98.7,0,1,36.23,27.6,234.81,4.3
PoseConv3D Tier 5,Champion m=3 (ST+CTR+T3),0.005,0.9,48.05,0.9846,96.97,100.0,98.7,0,1,36.5,27.4,235.68,4.2
PoseConv3D Tier 5,Champion m=3 (ST+CTR+T3),0.005,0.95,50.65,0.9846,96.97,100.0,98.7,0,1,37.04,27.0,237.41,4.2
PoseConv3D Tier 5,Champion m=3 (ST+CTR+T3),0.005,0.98,59.74,0.9846,96.97,100.0,98.7,0,1,38.91,25.7,243.46,4.1
PoseConv3D Tier 5,Champion m=3 (ST+CTR+T3),0.005,0.99,62.34,0.9846,96.97,100.0,98.7,0,1,39.44,25.4,245.19,4.1
PoseConv3D Tier 5,Champion m=3 (ST+CTR+T3),0.005,0.999,67.53,0.9846,96.97,100.0,98.7,0,1,40.51,24.7,248.65,4.0
PoseConv3D Tier 5,Champion m=3 (ST+CTR+T3),0.01,0.5,36.36,0.9846,96.97,100.0,98.7,0,1,34.09,29.3,227.89,4.4
PoseConv3D Tier 5,Champion m=3 (ST+CTR+T3),0.01,0.6,41.56,0.9846,96.97,100.0,98.7,0,1,35.16,28.4,231.35,4.3
PoseConv3D Tier 5,Champion m=3 (ST+CTR+T3),0.01,0.7,41.56,0.9846,96.97,100.0,98.7,0,1,35.16,28.4,231.35,4.3
PoseConv3D Tier 5,Champion m=3 (ST+CTR+T3),0.01,0.8,45.45,0.9846,96.97,100.0,98.7,0,1,35.97,27.8,233.95,4.3
PoseConv3D Tier 5,Champion m=3 (ST+CTR+T3),0.01,0.85,46.75,0.9846,96.97,100.0,98.7,0,1,36.23,27.6,234.81,4.3
PoseConv3D Tier 5,Champion m=3 (ST+CTR+T3),0.01,0.9,48.05,0.9846,96.97,100.0,98.7,0,1,36.5,27.4,235.68,4.2
PoseConv3D Tier 5,Champion m=3 (ST+CTR+T3),0.01,0.95,50.65,0.9846,96.97,100.0,98.7,0,1,37.04,27.0,237.41,4.2
PoseConv3D Tier 5,Champion m=3 (ST+CTR+T3),0.01,0.98,59.74,0.9846,96.97,100.0,98.7,0,1,38.91,25.7,243.46,4.1
PoseConv3D Tier 5,Champion m=3 (ST+CTR+T3),0.01,0.99,62.34,0.9846,96.97,100.0,98.7,0,1,39.44,25.4,245.19,4.1
PoseConv3D Tier 5,Champion m=3 (ST+CTR+T3),0.01,0.999,67.53,0.9846,96.97,100.0,98.7,0,1,40.51,24.7,248.65,4.0
PoseConv3D Tier 5,Champion m=3 (ST+CTR+T3),0.02,0.5,29.87,0.9846,96.97,100.0,98.7,0,1,32.76,30.5,223.57,4.5
PoseConv3D Tier 5,Champion m=3 (ST+CTR+T3),0.02,0.6,35.06,0.9846,96.97,100.0,98.7,0,1,33.83,29.6,227.03,4.4
PoseConv3D Tier 5,Champion m=3 (ST+CTR+T3),0.02,0.7,35.06,0.9846,96.97,100.0,98.7,0,1,33.83,29.6,227.03,4.4
PoseConv3D Tier 5,Champion m=3 (ST+CTR+T3),0.02,0.8,38.96,0.9846,96.97,100.0,98.7,0,1,34.63,28.9,229.62,4.4
PoseConv3D Tier 5,Champion m=3 (ST+CTR+T3),0.02,0.85,40.26,0.9846,96.97,100.0,98.7,0,1,34.9,28.7,230.49,4.3
PoseConv3D Tier 5,Champion m=3 (ST+CTR+T3),0.02,0.9,41.56,0.9846,96.97,100.0,98.7,0,1,35.16,28.4,231.35,4.3
PoseConv3D Tier 5,Champion m=3 (ST+CTR+T3),0.02,0.95,44.16,0.9846,96.97,100.0,98.7,0,1,35.7,28.0,233.08,4.3
PoseConv3D Tier 5,Champion m=3 (ST+CTR+T3),0.02,0.98,53.25,0.9846,96.97,100.0,98.7,0,1,37.57,26.6,239.14,4.2
PoseConv3D Tier 5,Champion m=3 (ST+CTR+T3),0.02,0.99,55.84,0.9846,96.97,100.0,98.7,0,1,38.11,26.2,240.87,4.2
PoseConv3D Tier 5,Champion m=3 (ST+CTR+T3),0.02,0.999,61.04,0.9846,96.97,100.0,98.7,0,1,39.18,25.5,244.33,4.1
PoseConv3D Tier 5,Champion m=3 (ST+CTR+T3),0.05,0.5,28.57,0.9688,93.94,100.0,97.4,0,2,32.49,30.8,222.7,4.5
PoseConv3D Tier 5,Champion m=3 (ST+CTR+T3),0.05,0.6,33.77,0.9688,93.94,100.0,97.4,0,2,33.56,29.8,226.16,4.4
PoseConv3D Tier 5,Champion m=3 (ST+CTR+T3),0.05,0.7,33.77,0.9688,93.94,100.0,97.4,0,2,33.56,29.8,226.16,4.4
PoseConv3D Tier 5,Champion m=3 (ST+CTR+T3),0.05,0.8,37.66,0.9688,93.94,100.0,97.4,0,2,34.36,29.1,228.76,4.4
PoseConv3D Tier 5,Champion m=3 (ST+CTR+T3),0.05,0.85,38.96,0.9688,93.94,100.0,97.4,0,2,34.63,28.9,229.62,4.4
PoseConv3D Tier 5,Champion m=3 (ST+CTR+T3),0.05,0.9,40.26,0.9688,93.94,100.0,97.4,0,2,34.9,28.7,230.49,4.3
PoseConv3D Tier 5,Champion m=3 (ST+CTR+T3),0.05,0.95,42.86,0.9688,93.94,100.0,97.4,0,2,35.43,28.2,232.22,4.3
PoseConv3D Tier 5,Champion m=3 (ST+CTR+T3),0.05,0.98,51.95,0.9688,93.94,100.0,97.4,0,2,37.3,26.8,238.27,4.2
PoseConv3D Tier 5,Champion m=3 (ST+CTR+T3),0.05,0.99,54.55,0.9688,93.94,100.0,97.4,0,2,37.84,26.4,240.0,4.2
PoseConv3D Tier 5,Champion m=3 (ST+CTR+T3),0.05,0.999,59.74,0.9688,93.94,100.0,97.4,0,2,38.91,25.7,243.46,4.1
PoseConv3D Tier 5,Champion m=3 (ST+CTR+T3),0.1,0.5,20.78,0.9355,87.88,100.0,94.81,0,4,30.88,32.4,217.51,4.6
PoseConv3D Tier 5,Champion m=3 (ST+CTR+T3),0.1,0.6,25.97,0.9355,87.88,100.0,94.81,0,4,31.95,31.3,220.97,4.5
PoseConv3D Tier 5,Champion m=3 (ST+CTR+T3),0.1,0.7,25.97,0.9355,87.88,100.0,94.81,0,4,31.95,31.3,220.97,4.5
PoseConv3D Tier 5,Champion m=3 (ST+CTR+T3),0.1,0.8,29.87,0.9355,87.88,100.0,94.81,0,4,32.76,30.5,223.57,4.5
PoseConv3D Tier 5,Champion m=3 (ST+CTR+T3),0.1,0.85,31.17,0.9355,87.88,100.0,94.81,0,4,33.02,30.3,224.43,4.5
PoseConv3D Tier 5,Champion m=3 (ST+CTR+T3),0.1,0.9,32.47,0.9355,87.88,100.0,94.81,0,4,33.29,30.0,225.3,4.4
PoseConv3D Tier 5,Champion m=3 (ST+CTR+T3),0.1,0.95,35.06,0.9355,87.88,100.0,94.81,0,4,33.83,29.6,227.03,4.4
PoseConv3D Tier 5,Champion m=3 (ST+CTR+T3),0.1,0.98,44.16,0.9355,87.88,100.0,94.81,0,4,35.7,28.0,233.08,4.3
PoseConv3D Tier 5,Champion m=3 (ST+CTR+T3),0.1,0.99,46.75,0.9355,87.88,100.0,94.81,0,4,36.23,27.6,234.81,4.3
PoseConv3D Tier 5,Champion m=3 (ST+CTR+T3),0.1,0.999,51.95,0.9355,87.88,100.0,94.81,0,4,37.3,26.8,238.27,4.2
PoseConv3D Tier 5,Champion m=3 (ST+CTR+T3),0.15,0.5,11.69,0.9,81.82,100.0,92.21,0,6,29.01,34.5,211.45,4.7
PoseConv3D Tier 5,Champion m=3 (ST+CTR+T3),0.15,0.6,16.88,0.9,81.82,100.0,92.21,0,6,30.08,33.2,214.91,4.7
PoseConv3D Tier 5,Champion m=3 (ST+CTR+T3),0.15,0.7,16.88,0.9,81.82,100.0,92.21,0,6,30.08,33.2,214.91,4.7
PoseConv3D Tier 5,Champion m=3 (ST+CTR+T3),0.15,0.8,20.78,0.9,81.82,100.0,92.21,0,6,30.88,32.4,217.51,4.6
PoseConv3D Tier 5,Champion m=3 (ST+CTR+T3),0.15,0.85,22.08,0.9,81.82,100.0,92.21,0,6,31.15,32.1,218.37,4.6
PoseConv3D Tier 5,Champion m=3 (ST+CTR+T3),0.15,0.9,23.38,0.9,81.82,100.0,92.21,0,6,31.42,31.8,219.24,4.6
PoseConv3D Tier 5,Champion m=3 (ST+CTR+T3),0.15,0.95,25.97,0.9,81.82,100.0,92.21,0,6,31.95,31.3,220.97,4.5
PoseConv3D Tier 5,Champion m=3 (ST+CTR+T3),0.15,0.98,35.06,0.9,81.82,100.0,92.21,0,6,33.83,29.6,227.03,4.4
PoseConv3D Tier 5,Champion m=3 (ST+CTR+T3),0.15,0.99,37.66,0.9,81.82,100.0,92.21,0,6,34.36,29.1,228.76,4.4
PoseConv3D Tier 5,Champion m=3 (ST+CTR+T3),0.15,0.999,42.86,0.9,81.82,100.0,92.21,0,6,35.43,28.2,232.22,4.3
PoseConv3D Tier 5,Champion m=3 (ST+CTR+T3),0.2,0.5,9.09,0.8621,75.76,100.0,89.61,0,8,28.48,35.1,209.72,4.8
PoseConv3D Tier 5,Champion m=3 (ST+CTR+T3),0.2,0.6,14.29,0.8621,75.76,100.0,89.61,0,8,29.55,33.8,213.18,4.7
PoseConv3D Tier 5,Champion m=3 (ST+CTR+T3),0.2,0.7,14.29,0.8621,75.76,100.0,89.61,0,8,29.55,33.8,213.18,4.7
PoseConv3D Tier 5,Champion m=3 (ST+CTR+T3),0.2,0.8,18.18,0.8621,75.76,100.0,89.61,0,8,30.35,33.0,215.78,4.6
PoseConv3D Tier 5,Champion m=3 (ST+CTR+T3),0.2,0.85,19.48,0.8621,75.76,100.0,89.61,0,8,30.62,32.7,216.64,4.6
PoseConv3D Tier 5,Champion m=3 (ST+CTR+T3),0.2,0.9,20.78,0.8621,75.76,100.0,89.61,0,8,30.88,32.4,217.51,4.6
PoseConv3D Tier 5,Champion m=3 (ST+CTR+T3),0.2,0.95,23.38,0.8621,75.76,100.0,89.61,0,8,31.42,31.8,219.24,4.6
PoseConv3D Tier 5,Champion m=3 (ST+CTR+T3),0.2,0.98,32.47,0.8621,75.76,100.0,89.61,0,8,33.29,30.0,225.3,4.4
PoseConv3D Tier 5,Champion m=3 (ST+CTR+T3),0.2,0.99,35.06,0.8621,75.76,100.0,89.61,0,8,33.83,29.6,227.03,4.4
PoseConv3D Tier 5,Champion m=3 (ST+CTR+T3),0.2,0.999,40.26,0.8621,75.76,100.0,89.61,0,8,34.9,28.7,230.49,4.3
PoseConv3D Tier 5,Champion m=3 (ST+CTR+T3),0.25,0.5,7.79,0.8621,75.76,100.0,89.61,0,8,28.21,35.5,208.86,4.8
PoseConv3D Tier 5,Champion m=3 (ST+CTR+T3),0.25,0.6,12.99,0.8621,75.76,100.0,89.61,0,8,29.28,34.2,212.32,4.7
PoseConv3D Tier 5,Champion m=3 (ST+CTR+T3),0.25,0.7,12.99,0.8621,75.76,100.0,89.61,0,8,29.28,34.2,212.32,4.7
PoseConv3D Tier 5,Champion m=3 (ST+CTR+T3),0.25,0.8,16.88,0.8621,75.76,100.0,89.61,0,8,30.08,33.2,214.91,4.7
PoseConv3D Tier 5,Champion m=3 (ST+CTR+T3),0.25,0.85,18.18,0.8621,75.76,100.0,89.61,0,8,30.35,33.0,215.78,4.6
PoseConv3D Tier 5,Champion m=3 (ST+CTR+T3),0.25,0.9,19.48,0.8621,75.76,100.0,89.61,0,8,30.62,32.7,216.64,4.6
PoseConv3D Tier 5,Champion m=3 (ST+CTR+T3),0.25,0.95,22.08,0.8621,75.76,100.0,89.61,0,8,31.15,32.1,218.37,4.6
PoseConv3D Tier 5,Champion m=3 (ST+CTR+T3),0.25,0.98,31.17,0.8621,75.76,100.0,89.61,0,8,33.02,30.3,224.43,4.5
PoseConv3D Tier 5,Champion m=3 (ST+CTR+T3),0.25,0.99,33.77,0.8621,75.76,100.0,89.61,0,8,33.56,29.8,226.16,4.4
PoseConv3D Tier 5,Champion m=3 (ST+CTR+T3),0.25,0.999,38.96,0.8621,75.76,100.0,89.61,0,8,34.63,28.9,229.62,4.4
PoseConv3D Tier 5,Champion m=3 (ST+CTR+T3),0.3,0.5,7.79,0.8621,75.76,100.0,89.61,0,8,28.21,35.5,208.86,4.8
PoseConv3D Tier 5,Champion m=3 (ST+CTR+T3),0.3,0.6,12.99,0.8621,75.76,100.0,89.61,0,8,29.28,34.2,212.32,4.7
PoseConv3D Tier 5,Champion m=3 (ST+CTR+T3),0.3,0.7,12.99,0.8621,75.76,100.0,89.61,0,8,29.28,34.2,212.32,4.7
PoseConv3D Tier 5,Champion m=3 (ST+CTR+T3),0.3,0.8,16.88,0.8621,75.76,100.0,89.61,0,8,30.08,33.2,214.91,4.7
PoseConv3D Tier 5,Champion m=3 (ST+CTR+T3),0.3,0.85,18.18,0.8621,75.76,100.0,89.61,0,8,30.35,33.0,215.78,4.6
PoseConv3D Tier 5,Champion m=3 (ST+CTR+T3),0.3,0.9,19.48,0.8621,75.76,100.0,89.61,0,8,30.62,32.7,216.64,4.6
PoseConv3D Tier 5,Champion m=3 (ST+CTR+T3),0.3,0.95,22.08,0.8621,75.76,100.0,89.61,0,8,31.15,32.1,218.37,4.6
PoseConv3D Tier 5,Champion m=3 (ST+CTR+T3),0.3,0.98,31.17,0.8621,75.76,100.0,89.61,0,8,33.02,30.3,224.43,4.5
PoseConv3D Tier 5,Champion m=3 (ST+CTR+T3),0.3,0.99,33.77,0.8621,75.76,100.0,89.61,0,8,33.56,29.8,226.16,4.4
PoseConv3D Tier 5,Champion m=3 (ST+CTR+T3),0.3,0.999,38.96,0.8621,75.76,100.0,89.61,0,8,34.63,28.9,229.62,4.4
PoseConv3D Tier 5,Champion m=4 (ST+CTR+TierS+T3),0.001,0.5,42.86,1.0,100.0,100.0,100.0,0,0,41.13,24.3,242.46,4.1
PoseConv3D Tier 5,Champion m=4 (ST+CTR+TierS+T3),0.001,0.6,48.05,1.0,100.0,100.0,100.0,0,0,42.89,23.3,247.16,4.0
PoseConv3D Tier 5,Champion m=4 (ST+CTR+TierS+T3),0.001,0.7,48.05,1.0,100.0,100.0,100.0,0,0,42.89,23.3,247.16,4.0
PoseConv3D Tier 5,Champion m=4 (ST+CTR+TierS+T3),0.001,0.8,51.95,1.0,100.0,100.0,100.0,0,0,44.21,22.6,250.69,4.0
PoseConv3D Tier 5,Champion m=4 (ST+CTR+TierS+T3),0.001,0.85,53.25,1.0,100.0,100.0,100.0,0,0,44.65,22.4,251.86,4.0
PoseConv3D Tier 5,Champion m=4 (ST+CTR+TierS+T3),0.001,0.9,54.55,1.0,100.0,100.0,100.0,0,0,45.09,22.2,253.04,4.0
PoseConv3D Tier 5,Champion m=4 (ST+CTR+TierS+T3),0.001,0.95,57.14,1.0,100.0,100.0,100.0,0,0,45.97,21.8,255.39,3.9
PoseConv3D Tier 5,Champion m=4 (ST+CTR+TierS+T3),0.001,0.98,66.23,1.0,100.0,100.0,100.0,0,0,49.05,20.4,263.62,3.8
PoseConv3D Tier 5,Champion m=4 (ST+CTR+TierS+T3),0.001,0.99,68.83,1.0,100.0,100.0,100.0,0,0,49.94,20.0,265.97,3.8
PoseConv3D Tier 5,Champion m=4 (ST+CTR+TierS+T3),0.001,0.999,74.03,1.0,100.0,100.0,100.0,0,0,51.7,19.3,270.67,3.7
PoseConv3D Tier 5,Champion m=4 (ST+CTR+TierS+T3),0.005,0.5,36.36,0.9846,96.97,100.0,98.7,0,1,38.93,25.7,236.58,4.2
PoseConv3D Tier 5,Champion m=4 (ST+CTR+TierS+T3),0.005,0.6,41.56,0.9846,96.97,100.0,98.7,0,1,40.69,24.6,241.28,4.1
PoseConv3D Tier 5,Champion m=4 (ST+CTR+TierS+T3),0.005,0.7,41.56,0.9846,96.97,100.0,98.7,0,1,40.69,24.6,241.28,4.1
PoseConv3D Tier 5,Champion m=4 (ST+CTR+TierS+T3),0.005,0.8,45.45,0.9846,96.97,100.0,98.7,0,1,42.01,23.8,244.81,4.1
PoseConv3D Tier 5,Champion m=4 (ST+CTR+TierS+T3),0.005,0.85,46.75,0.9846,96.97,100.0,98.7,0,1,42.45,23.6,245.99,4.1
PoseConv3D Tier 5,Champion m=4 (ST+CTR+TierS+T3),0.005,0.9,48.05,0.9846,96.97,100.0,98.7,0,1,42.89,23.3,247.16,4.0
PoseConv3D Tier 5,Champion m=4 (ST+CTR+TierS+T3),0.005,0.95,50.65,0.9846,96.97,100.0,98.7,0,1,43.77,22.8,249.51,4.0
PoseConv3D Tier 5,Champion m=4 (ST+CTR+TierS+T3),0.005,0.98,59.74,0.9846,96.97,100.0,98.7,0,1,46.85,21.3,257.74,3.9
PoseConv3D Tier 5,Champion m=4 (ST+CTR+TierS+T3),0.005,0.99,62.34,0.9846,96.97,100.0,98.7,0,1,47.73,20.9,260.09,3.8
PoseConv3D Tier 5,Champion m=4 (ST+CTR+TierS+T3),0.005,0.999,67.53,0.9846,96.97,100.0,98.7,0,1,49.5,20.2,264.8,3.8
PoseConv3D Tier 5,Champion m=4 (ST+CTR+TierS+T3),0.01,0.5,36.36,0.9846,96.97,100.0,98.7,0,1,38.93,25.7,236.58,4.2
PoseConv3D Tier 5,Champion m=4 (ST+CTR+TierS+T3),0.01,0.6,41.56,0.9846,96.97,100.0,98.7,0,1,40.69,24.6,241.28,4.1
PoseConv3D Tier 5,Champion m=4 (ST+CTR+TierS+T3),0.01,0.7,41.56,0.9846,96.97,100.0,98.7,0,1,40.69,24.6,241.28,4.1
PoseConv3D Tier 5,Champion m=4 (ST+CTR+TierS+T3),0.01,0.8,45.45,0.9846,96.97,100.0,98.7,0,1,42.01,23.8,244.81,4.1
PoseConv3D Tier 5,Champion m=4 (ST+CTR+TierS+T3),0.01,0.85,46.75,0.9846,96.97,100.0,98.7,0,1,42.45,23.6,245.99,4.1
PoseConv3D Tier 5,Champion m=4 (ST+CTR+TierS+T3),0.01,0.9,48.05,0.9846,96.97,100.0,98.7,0,1,42.89,23.3,247.16,4.0
PoseConv3D Tier 5,Champion m=4 (ST+CTR+TierS+T3),0.01,0.95,50.65,0.9846,96.97,100.0,98.7,0,1,43.77,22.8,249.51,4.0
PoseConv3D Tier 5,Champion m=4 (ST+CTR+TierS+T3),0.01,0.98,59.74,0.9846,96.97,100.0,98.7,0,1,46.85,21.3,257.74,3.9
PoseConv3D Tier 5,Champion m=4 (ST+CTR+TierS+T3),0.01,0.99,62.34,0.9846,96.97,100.0,98.7,0,1,47.73,20.9,260.09,3.8
PoseConv3D Tier 5,Champion m=4 (ST+CTR+TierS+T3),0.01,0.999,67.53,0.9846,96.97,100.0,98.7,0,1,49.5,20.2,264.8,3.8
PoseConv3D Tier 5,Champion m=4 (ST+CTR+TierS+T3),0.02,0.5,29.87,0.9846,96.97,100.0,98.7,0,1,36.73,27.2,230.71,4.3
PoseConv3D Tier 5,Champion m=4 (ST+CTR+TierS+T3),0.02,0.6,35.06,0.9846,96.97,100.0,98.7,0,1,38.49,26.0,235.41,4.2
PoseConv3D Tier 5,Champion m=4 (ST+CTR+TierS+T3),0.02,0.7,35.06,0.9846,96.97,100.0,98.7,0,1,38.49,26.0,235.41,4.2
PoseConv3D Tier 5,Champion m=4 (ST+CTR+TierS+T3),0.02,0.8,38.96,0.9846,96.97,100.0,98.7,0,1,39.81,25.1,238.93,4.2
PoseConv3D Tier 5,Champion m=4 (ST+CTR+TierS+T3),0.02,0.85,40.26,0.9846,96.97,100.0,98.7,0,1,40.25,24.8,240.11,4.2
PoseConv3D Tier 5,Champion m=4 (ST+CTR+TierS+T3),0.02,0.9,41.56,0.9846,96.97,100.0,98.7,0,1,40.69,24.6,241.28,4.1
PoseConv3D Tier 5,Champion m=4 (ST+CTR+TierS+T3),0.02,0.95,44.16,0.9846,96.97,100.0,98.7,0,1,41.57,24.1,243.64,4.1
PoseConv3D Tier 5,Champion m=4 (ST+CTR+TierS+T3),0.02,0.98,53.25,0.9846,96.97,100.0,98.7,0,1,44.65,22.4,251.86,4.0
PoseConv3D Tier 5,Champion m=4 (ST+CTR+TierS+T3),0.02,0.99,55.84,0.9846,96.97,100.0,98.7,0,1,45.53,22.0,254.22,3.9
PoseConv3D Tier 5,Champion m=4 (ST+CTR+TierS+T3),0.02,0.999,61.04,0.9846,96.97,100.0,98.7,0,1,47.29,21.1,258.92,3.9
PoseConv3D Tier 5,Champion m=4 (ST+CTR+TierS+T3),0.05,0.5,28.57,0.9688,93.94,100.0,97.4,0,2,36.29,27.6,229.53,4.4
PoseConv3D Tier 5,Champion m=4 (ST+CTR+TierS+T3),0.05,0.6,33.77,0.9688,93.94,100.0,97.4,0,2,38.05,26.3,234.23,4.3
PoseConv3D Tier 5,Champion m=4 (ST+CTR+TierS+T3),0.05,0.7,33.77,0.9688,93.94,100.0,97.4,0,2,38.05,26.3,234.23,4.3
PoseConv3D Tier 5,Champion m=4 (ST+CTR+TierS+T3),0.05,0.8,37.66,0.9688,93.94,100.0,97.4,0,2,39.37,25.4,237.76,4.2
PoseConv3D Tier 5,Champion m=4 (ST+CTR+TierS+T3),0.05,0.85,38.96,0.9688,93.94,100.0,97.4,0,2,39.81,25.1,238.93,4.2
PoseConv3D Tier 5,Champion m=4 (ST+CTR+TierS+T3),0.05,0.9,40.26,0.9688,93.94,100.0,97.4,0,2,40.25,24.8,240.11,4.2
PoseConv3D Tier 5,Champion m=4 (ST+CTR+TierS+T3),0.05,0.95,42.86,0.9688,93.94,100.0,97.4,0,2,41.13,24.3,242.46,4.1
PoseConv3D Tier 5,Champion m=4 (ST+CTR+TierS+T3),0.05,0.98,51.95,0.9688,93.94,100.0,97.4,0,2,44.21,22.6,250.69,4.0
PoseConv3D Tier 5,Champion m=4 (ST+CTR+TierS+T3),0.05,0.99,54.55,0.9688,93.94,100.0,97.4,0,2,45.09,22.2,253.04,4.0
PoseConv3D Tier 5,Champion m=4 (ST+CTR+TierS+T3),0.05,0.999,59.74,0.9688,93.94,100.0,97.4,0,2,46.85,21.3,257.74,3.9
PoseConv3D Tier 5,Champion m=4 (ST+CTR+TierS+T3),0.1,0.5,20.78,0.9355,87.88,100.0,94.81,0,4,33.65,29.7,222.48,4.5
PoseConv3D Tier 5,Champion m=4 (ST+CTR+TierS+T3),0.1,0.6,25.97,0.9355,87.88,100.0,94.81,0,4,35.41,28.2,227.18,4.4
PoseConv3D Tier 5,Champion m=4 (ST+CTR+TierS+T3),0.1,0.7,25.97,0.9355,87.88,100.0,94.81,0,4,35.41,28.2,227.18,4.4
PoseConv3D Tier 5,Champion m=4 (ST+CTR+TierS+T3),0.1,0.8,29.87,0.9355,87.88,100.0,94.81,0,4,36.73,27.2,230.71,4.3
PoseConv3D Tier 5,Champion m=4 (ST+CTR+TierS+T3),0.1,0.85,31.17,0.9355,87.88,100.0,94.81,0,4,37.17,26.9,231.88,4.3
PoseConv3D Tier 5,Champion m=4 (ST+CTR+TierS+T3),0.1,0.9,32.47,0.9355,87.88,100.0,94.81,0,4,37.61,26.6,233.06,4.3
PoseConv3D Tier 5,Champion m=4 (ST+CTR+TierS+T3),0.1,0.95,35.06,0.9355,87.88,100.0,94.81,0,4,38.49,26.0,235.41,4.2
PoseConv3D Tier 5,Champion m=4 (ST+CTR+TierS+T3),0.1,0.98,44.16,0.9355,87.88,100.0,94.81,0,4,41.57,24.1,243.64,4.1
PoseConv3D Tier 5,Champion m=4 (ST+CTR+TierS+T3),0.1,0.99,46.75,0.9355,87.88,100.0,94.81,0,4,42.45,23.6,245.99,4.1
PoseConv3D Tier 5,Champion m=4 (ST+CTR+TierS+T3),0.1,0.999,51.95,0.9355,87.88,100.0,94.81,0,4,44.21,22.6,250.69,4.0
PoseConv3D Tier 5,Champion m=4 (ST+CTR+TierS+T3),0.15,0.5,11.69,0.9,81.82,100.0,92.21,0,6,30.57,32.7,214.25,4.7
PoseConv3D Tier 5,Champion m=4 (ST+CTR+TierS+T3),0.15,0.6,16.88,0.9,81.82,100.0,92.21,0,6,32.33,30.9,218.95,4.6
PoseConv3D Tier 5,Champion m=4 (ST+CTR+TierS+T3),0.15,0.7,16.88,0.9,81.82,100.0,92.21,0,6,32.33,30.9,218.95,4.6
PoseConv3D Tier 5,Champion m=4 (ST+CTR+TierS+T3),0.15,0.8,20.78,0.9,81.82,100.0,92.21,0,6,33.65,29.7,222.48,4.5
PoseConv3D Tier 5,Champion m=4 (ST+CTR+TierS+T3),0.15,0.85,22.08,0.9,81.82,100.0,92.21,0,6,34.09,29.3,223.65,4.5
PoseConv3D Tier 5,Champion m=4 (ST+CTR+TierS+T3),0.15,0.9,23.38,0.9,81.82,100.0,92.21,0,6,34.53,29.0,224.83,4.4
PoseConv3D Tier 5,Champion m=4 (ST+CTR+TierS+T3),0.15,0.95,25.97,0.9,81.82,100.0,92.21,0,6,35.41,28.2,227.18,4.4
PoseConv3D Tier 5,Champion m=4 (ST+CTR+TierS+T3),0.15,0.98,35.06,0.9,81.82,100.0,92.21,0,6,38.49,26.0,235.41,4.2
PoseConv3D Tier 5,Champion m=4 (ST+CTR+TierS+T3),0.15,0.99,37.66,0.9,81.82,100.0,92.21,0,6,39.37,25.4,237.76,4.2
PoseConv3D Tier 5,Champion m=4 (ST+CTR+TierS+T3),0.15,0.999,42.86,0.9,81.82,100.0,92.21,0,6,41.13,24.3,242.46,4.1
PoseConv3D Tier 5,Champion m=4 (ST+CTR+TierS+T3),0.2,0.5,9.09,0.8621,75.76,100.0,89.61,0,8,29.69,33.7,211.9,4.7
PoseConv3D Tier 5,Champion m=4 (ST+CTR+TierS+T3),0.2,0.6,14.29,0.8621,75.76,100.0,89.61,0,8,31.45,31.8,216.6,4.6
PoseConv3D Tier 5,Champion m=4 (ST+CTR+TierS+T3),0.2,0.7,14.29,0.8621,75.76,100.0,89.61,0,8,31.45,31.8,216.6,4.6
PoseConv3D Tier 5,Champion m=4 (ST+CTR+TierS+T3),0.2,0.8,18.18,0.8621,75.76,100.0,89.61,0,8,32.77,30.5,220.13,4.5
PoseConv3D Tier 5,Champion m=4 (ST+CTR+TierS+T3),0.2,0.85,19.48,0.8621,75.76,100.0,89.61,0,8,33.21,30.1,221.3,4.5
PoseConv3D Tier 5,Champion m=4 (ST+CTR+TierS+T3),0.2,0.9,20.78,0.8621,75.76,100.0,89.61,0,8,33.65,29.7,222.48,4.5
PoseConv3D Tier 5,Champion m=4 (ST+CTR+TierS+T3),0.2,0.95,23.38,0.8621,75.76,100.0,89.61,0,8,34.53,29.0,224.83,4.4
PoseConv3D Tier 5,Champion m=4 (ST+CTR+TierS+T3),0.2,0.98,32.47,0.8621,75.76,100.0,89.61,0,8,37.61,26.6,233.06,4.3
PoseConv3D Tier 5,Champion m=4 (ST+CTR+TierS+T3),0.2,0.99,35.06,0.8621,75.76,100.0,89.61,0,8,38.49,26.0,235.41,4.2
PoseConv3D Tier 5,Champion m=4 (ST+CTR+TierS+T3),0.2,0.999,40.26,0.8621,75.76,100.0,89.61,0,8,40.25,24.8,240.11,4.2
PoseConv3D Tier 5,Champion m=4 (ST+CTR+TierS+T3),0.25,0.5,7.79,0.8621,75.76,100.0,89.61,0,8,29.24,34.2,210.72,4.7
PoseConv3D Tier 5,Champion m=4 (ST+CTR+TierS+T3),0.25,0.6,12.99,0.8621,75.76,100.0,89.61,0,8,31.01,32.3,215.42,4.6
PoseConv3D Tier 5,Champion m=4 (ST+CTR+TierS+T3),0.25,0.7,12.99,0.8621,75.76,100.0,89.61,0,8,31.01,32.3,215.42,4.6
PoseConv3D Tier 5,Champion m=4 (ST+CTR+TierS+T3),0.25,0.8,16.88,0.8621,75.76,100.0,89.61,0,8,32.33,30.9,218.95,4.6
PoseConv3D Tier 5,Champion m=4 (ST+CTR+TierS+T3),0.25,0.85,18.18,0.8621,75.76,100.0,89.61,0,8,32.77,30.5,220.13,4.5
PoseConv3D Tier 5,Champion m=4 (ST+CTR+TierS+T3),0.25,0.9,19.48,0.8621,75.76,100.0,89.61,0,8,33.21,30.1,221.3,4.5
PoseConv3D Tier 5,Champion m=4 (ST+CTR+TierS+T3),0.25,0.95,22.08,0.8621,75.76,100.0,89.61,0,8,34.09,29.3,223.65,4.5
PoseConv3D Tier 5,Champion m=4 (ST+CTR+TierS+T3),0.25,0.98,31.17,0.8621,75.76,100.0,89.61,0,8,37.17,26.9,231.88,4.3
PoseConv3D Tier 5,Champion m=4 (ST+CTR+TierS+T3),0.25,0.99,33.77,0.8621,75.76,100.0,89.61,0,8,38.05,26.3,234.23,4.3
PoseConv3D Tier 5,Champion m=4 (ST+CTR+TierS+T3),0.25,0.999,38.96,0.8621,75.76,100.0,89.61,0,8,39.81,25.1,238.93,4.2
PoseConv3D Tier 5,Champion m=4 (ST+CTR+TierS+T3),0.3,0.5,7.79,0.8621,75.76,100.0,89.61,0,8,29.24,34.2,210.72,4.7
PoseConv3D Tier 5,Champion m=4 (ST+CTR+TierS+T3),0.3,0.6,12.99,0.8621,75.76,100.0,89.61,0,8,31.01,32.3,215.42,4.6
PoseConv3D Tier 5,Champion m=4 (ST+CTR+TierS+T3),0.3,0.7,12.99,0.8621,75.76,100.0,89.61,0,8,31.01,32.3,215.42,4.6
PoseConv3D Tier 5,Champion m=4 (ST+CTR+TierS+T3),0.3,0.8,16.88,0.8621,75.76,100.0,89.61,0,8,32.33,30.9,218.95,4.6
PoseConv3D Tier 5,Champion m=4 (ST+CTR+TierS+T3),0.3,0.85,18.18,0.8621,75.76,100.0,89.61,0,8,32.77,30.5,220.13,4.5
PoseConv3D Tier 5,Champion m=4 (ST+CTR+TierS+T3),0.3,0.9,19.48,0.8621,75.76,100.0,89.61,0,8,33.21,30.1,221.3,4.5
PoseConv3D Tier 5,Champion m=4 (ST+CTR+TierS+T3),0.3,0.95,22.08,0.8621,75.76,100.0,89.61,0,8,34.09,29.3,223.65,4.5
PoseConv3D Tier 5,Champion m=4 (ST+CTR+TierS+T3),0.3,0.98,31.17,0.8621,75.76,100.0,89.61,0,8,37.17,26.9,231.88,4.3
PoseConv3D Tier 5,Champion m=4 (ST+CTR+TierS+T3),0.3,0.99,33.77,0.8621,75.76,100.0,89.61,0,8,38.05,26.3,234.23,4.3
PoseConv3D Tier 5,Champion m=4 (ST+CTR+TierS+T3),0.3,0.999,38.96,0.8621,75.76,100.0,89.61,0,8,39.81,25.1,238.93,4.2
PoseConv3D Tier 5,Champion m=2 (ST+T3),0.001,0.5,42.86,1.0,100.0,100.0,100.0,0,0,29.71,33.7,218.98,4.6
PoseConv3D Tier 5,Champion m=2 (ST+T3),0.001,0.6,48.05,1.0,100.0,100.0,100.0,0,0,30.08,33.2,220.84,4.5
PoseConv3D Tier 5,Champion m=2 (ST+T3),0.001,0.7,48.05,1.0,100.0,100.0,100.0,0,0,30.08,33.2,220.84,4.5
PoseConv3D Tier 5,Champion m=2 (ST+T3),0.001,0.8,51.95,1.0,100.0,100.0,100.0,0,0,30.37,32.9,222.23,4.5
PoseConv3D Tier 5,Champion m=2 (ST+T3),0.001,0.85,53.25,1.0,100.0,100.0,100.0,0,0,30.46,32.8,222.7,4.5
PoseConv3D Tier 5,Champion m=2 (ST+T3),0.001,0.9,54.55,1.0,100.0,100.0,100.0,0,0,30.55,32.7,223.16,4.5
PoseConv3D Tier 5,Champion m=2 (ST+T3),0.001,0.95,57.14,1.0,100.0,100.0,100.0,0,0,30.74,32.5,224.09,4.5
PoseConv3D Tier 5,Champion m=2 (ST+T3),0.001,0.98,66.23,0.9846,96.97,100.0,98.7,0,1,31.4,31.8,227.34,4.4
PoseConv3D Tier 5,Champion m=2 (ST+T3),0.001,0.99,68.83,0.9846,96.97,100.0,98.7,0,1,31.59,31.7,228.26,4.4
PoseConv3D Tier 5,Champion m=2 (ST+T3),0.001,0.999,74.03,0.9846,96.97,100.0,98.7,0,1,31.97,31.3,230.12,4.3
PoseConv3D Tier 5,Champion m=2 (ST+T3),0.005,0.5,36.36,0.9846,96.97,100.0,98.7,0,1,29.24,34.2,216.66,4.6
PoseConv3D Tier 5,Champion m=2 (ST+T3),0.005,0.6,41.56,0.9846,96.97,100.0,98.7,0,1,29.61,33.8,218.52,4.6
PoseConv3D Tier 5,Champion m=2 (ST+T3),0.005,0.7,41.56,0.9846,96.97,100.0,98.7,0,1,29.61,33.8,218.52,4.6
PoseConv3D Tier 5,Champion m=2 (ST+T3),0.005,0.8,45.45,0.9846,96.97,100.0,98.7,0,1,29.9,33.4,219.91,4.5
PoseConv3D Tier 5,Champion m=2 (ST+T3),0.005,0.85,46.75,0.9846,96.97,100.0,98.7,0,1,29.99,33.3,220.38,4.5
PoseConv3D Tier 5,Champion m=2 (ST+T3),0.005,0.9,48.05,0.9846,96.97,100.0,98.7,0,1,30.08,33.2,220.84,4.5
PoseConv3D Tier 5,Champion m=2 (ST+T3),0.005,0.95,50.65,0.9846,96.97,100.0,98.7,0,1,30.27,33.0,221.77,4.5
PoseConv3D Tier 5,Champion m=2 (ST+T3),0.005,0.98,59.74,0.9688,93.94,100.0,97.4,0,2,30.93,32.3,225.02,4.4
PoseConv3D Tier 5,Champion m=2 (ST+T3),0.005,0.99,62.34,0.9688,93.94,100.0,97.4,0,2,31.12,32.1,225.94,4.4
PoseConv3D Tier 5,Champion m=2 (ST+T3),0.005,0.999,67.53,0.9688,93.94,100.0,97.4,0,2,31.49,31.8,227.8,4.4
PoseConv3D Tier 5,Champion m=2 (ST+T3),0.01,0.5,36.36,0.9846,96.97,100.0,98.7,0,1,29.24,34.2,216.66,4.6
PoseConv3D Tier 5,Champion m=2 (ST+T3),0.01,0.6,41.56,0.9846,96.97,100.0,98.7,0,1,29.61,33.8,218.52,4.6
PoseConv3D Tier 5,Champion m=2 (ST+T3),0.01,0.7,41.56,0.9846,96.97,100.0,98.7,0,1,29.61,33.8,218.52,4.6
PoseConv3D Tier 5,Champion m=2 (ST+T3),0.01,0.8,45.45,0.9846,96.97,100.0,98.7,0,1,29.9,33.4,219.91,4.5
PoseConv3D Tier 5,Champion m=2 (ST+T3),0.01,0.85,46.75,0.9846,96.97,100.0,98.7,0,1,29.99,33.3,220.38,4.5
PoseConv3D Tier 5,Champion m=2 (ST+T3),0.01,0.9,48.05,0.9846,96.97,100.0,98.7,0,1,30.08,33.2,220.84,4.5
PoseConv3D Tier 5,Champion m=2 (ST+T3),0.01,0.95,50.65,0.9846,96.97,100.0,98.7,0,1,30.27,33.0,221.77,4.5
PoseConv3D Tier 5,Champion m=2 (ST+T3),0.01,0.98,59.74,0.9688,93.94,100.0,97.4,0,2,30.93,32.3,225.02,4.4
PoseConv3D Tier 5,Champion m=2 (ST+T3),0.01,0.99,62.34,0.9688,93.94,100.0,97.4,0,2,31.12,32.1,225.94,4.4
PoseConv3D Tier 5,Champion m=2 (ST+T3),0.01,0.999,67.53,0.9688,93.94,100.0,97.4,0,2,31.49,31.8,227.8,4.4
PoseConv3D Tier 5,Champion m=2 (ST+T3),0.02,0.5,29.87,0.9846,96.97,100.0,98.7,0,1,28.77,34.8,214.34,4.7
PoseConv3D Tier 5,Champion m=2 (ST+T3),0.02,0.6,35.06,0.9846,96.97,100.0,98.7,0,1,29.14,34.3,216.2,4.6
PoseConv3D Tier 5,Champion m=2 (ST+T3),0.02,0.7,35.06,0.9846,96.97,100.0,98.7,0,1,29.14,34.3,216.2,4.6
PoseConv3D Tier 5,Champion m=2 (ST+T3),0.02,0.8,38.96,0.9846,96.97,100.0,98.7,0,1,29.43,34.0,217.59,4.6
PoseConv3D Tier 5,Champion m=2 (ST+T3),0.02,0.85,40.26,0.9846,96.97,100.0,98.7,0,1,29.52,33.9,218.05,4.6
PoseConv3D Tier 5,Champion m=2 (ST+T3),0.02,0.9,41.56,0.9846,96.97,100.0,98.7,0,1,29.61,33.8,218.52,4.6
PoseConv3D Tier 5,Champion m=2 (ST+T3),0.02,0.95,44.16,0.9846,96.97,100.0,98.7,0,1,29.8,33.6,219.45,4.6
PoseConv3D Tier 5,Champion m=2 (ST+T3),0.02,0.98,53.25,0.9688,93.94,100.0,97.4,0,2,30.46,32.8,222.7,4.5
PoseConv3D Tier 5,Champion m=2 (ST+T3),0.02,0.99,55.84,0.9688,93.94,100.0,97.4,0,2,30.65,32.6,223.62,4.5
PoseConv3D Tier 5,Champion m=2 (ST+T3),0.02,0.999,61.04,0.9688,93.94,100.0,97.4,0,2,31.02,32.2,225.48,4.4
PoseConv3D Tier 5,Champion m=2 (ST+T3),0.05,0.5,28.57,0.9688,93.94,100.0,97.4,0,2,28.67,34.9,213.88,4.7
PoseConv3D Tier 5,Champion m=2 (ST+T3),0.05,0.6,33.77,0.9688,93.94,100.0,97.4,0,2,29.05,34.4,215.73,4.6
PoseConv3D Tier 5,Champion m=2 (ST+T3),0.05,0.7,33.77,0.9688,93.94,100.0,97.4,0,2,29.05,34.4,215.73,4.6
PoseConv3D Tier 5,Champion m=2 (ST+T3),0.05,0.8,37.66,0.9688,93.94,100.0,97.4,0,2,29.33,34.1,217.13,4.6
PoseConv3D Tier 5,Champion m=2 (ST+T3),0.05,0.85,38.96,0.9688,93.94,100.0,97.4,0,2,29.43,34.0,217.59,4.6
PoseConv3D Tier 5,Champion m=2 (ST+T3),0.05,0.9,40.26,0.9688,93.94,100.0,97.4,0,2,29.52,33.9,218.05,4.6
PoseConv3D Tier 5,Champion m=2 (ST+T3),0.05,0.95,42.86,0.9688,93.94,100.0,97.4,0,2,29.71,33.7,218.98,4.6
PoseConv3D Tier 5,Champion m=2 (ST+T3),0.05,0.98,51.95,0.9524,90.91,100.0,96.1,0,3,30.37,32.9,222.23,4.5
PoseConv3D Tier 5,Champion m=2 (ST+T3),0.05,0.99,54.55,0.9524,90.91,100.0,96.1,0,3,30.55,32.7,223.16,4.5
PoseConv3D Tier 5,Champion m=2 (ST+T3),0.05,0.999,59.74,0.9524,90.91,100.0,96.1,0,3,30.93,32.3,225.02,4.4
PoseConv3D Tier 5,Champion m=2 (ST+T3),0.1,0.5,20.78,0.9355,87.88,100.0,94.81,0,4,28.11,35.6,211.09,4.7
PoseConv3D Tier 5,Champion m=2 (ST+T3),0.1,0.6,25.97,0.9355,87.88,100.0,94.81,0,4,28.48,35.1,212.95,4.7
PoseConv3D Tier 5,Champion m=2 (ST+T3),0.1,0.7,25.97,0.9355,87.88,100.0,94.81,0,4,28.48,35.1,212.95,4.7
PoseConv3D Tier 5,Champion m=2 (ST+T3),0.1,0.8,29.87,0.9355,87.88,100.0,94.81,0,4,28.77,34.8,214.34,4.7
PoseConv3D Tier 5,Champion m=2 (ST+T3),0.1,0.85,31.17,0.9355,87.88,100.0,94.81,0,4,28.86,34.6,214.81,4.7
PoseConv3D Tier 5,Champion m=2 (ST+T3),0.1,0.9,32.47,0.9355,87.88,100.0,94.81,0,4,28.96,34.5,215.27,4.6
PoseConv3D Tier 5,Champion m=2 (ST+T3),0.1,0.95,35.06,0.9355,87.88,100.0,94.81,0,4,29.14,34.3,216.2,4.6
PoseConv3D Tier 5,Champion m=2 (ST+T3),0.1,0.98,44.16,0.918,84.85,100.0,93.51,0,5,29.8,33.6,219.45,4.6
PoseConv3D Tier 5,Champion m=2 (ST+T3),0.1,0.99,46.75,0.918,84.85,100.0,93.51,0,5,29.99,33.3,220.38,4.5
PoseConv3D Tier 5,Champion m=2 (ST+T3),0.1,0.999,51.95,0.918,84.85,100.0,93.51,0,5,30.37,32.9,222.23,4.5
PoseConv3D Tier 5,Champion m=2 (ST+T3),0.15,0.5,11.69,0.9,81.82,100.0,92.21,0,6,27.45,36.4,207.84,4.8
PoseConv3D Tier 5,Champion m=2 (ST+T3),0.15,0.6,16.88,0.9,81.82,100.0,92.21,0,6,27.83,35.9,209.7,4.8
PoseConv3D Tier 5,Champion m=2 (ST+T3),0.15,0.7,16.88,0.9,81.82,100.0,92.21,0,6,27.83,35.9,209.7,4.8
PoseConv3D Tier 5,Champion m=2 (ST+T3),0.15,0.8,20.78,0.9,81.82,100.0,92.21,0,6,28.11,35.6,211.09,4.7
PoseConv3D Tier 5,Champion m=2 (ST+T3),0.15,0.85,22.08,0.9,81.82,100.0,92.21,0,6,28.2,35.5,211.56,4.7
PoseConv3D Tier 5,Champion m=2 (ST+T3),0.15,0.9,23.38,0.9,81.82,100.0,92.21,0,6,28.3,35.3,212.02,4.7
PoseConv3D Tier 5,Champion m=2 (ST+T3),0.15,0.95,25.97,0.9,81.82,100.0,92.21,0,6,28.48,35.1,212.95,4.7
PoseConv3D Tier 5,Champion m=2 (ST+T3),0.15,0.98,35.06,0.8814,78.79,100.0,90.91,0,7,29.14,34.3,216.2,4.6
PoseConv3D Tier 5,Champion m=2 (ST+T3),0.15,0.99,37.66,0.8814,78.79,100.0,90.91,0,7,29.33,34.1,217.13,4.6
PoseConv3D Tier 5,Champion m=2 (ST+T3),0.15,0.999,42.86,0.8814,78.79,100.0,90.91,0,7,29.71,33.7,218.98,4.6
PoseConv3D Tier 5,Champion m=2 (ST+T3),0.2,0.5,9.09,0.8621,75.76,100.0,89.61,0,8,27.26,36.7,206.92,4.8
PoseConv3D Tier 5,Champion m=2 (ST+T3),0.2,0.6,14.29,0.8621,75.76,100.0,89.61,0,8,27.64,36.2,208.77,4.8
PoseConv3D Tier 5,Champion m=2 (ST+T3),0.2,0.7,14.29,0.8621,75.76,100.0,89.61,0,8,27.64,36.2,208.77,4.8
PoseConv3D Tier 5,Champion m=2 (ST+T3),0.2,0.8,18.18,0.8621,75.76,100.0,89.61,0,8,27.92,35.8,210.17,4.8
PoseConv3D Tier 5,Champion m=2 (ST+T3),0.2,0.85,19.48,0.8621,75.76,100.0,89.61,0,8,28.01,35.7,210.63,4.7
PoseConv3D Tier 5,Champion m=2 (ST+T3),0.2,0.9,20.78,0.8621,75.76,100.0,89.61,0,8,28.11,35.6,211.09,4.7
PoseConv3D Tier 5,Champion m=2 (ST+T3),0.2,0.95,23.38,0.8621,75.76,100.0,89.61,0,8,28.3,35.3,212.02,4.7
PoseConv3D Tier 5,Champion m=2 (ST+T3),0.2,0.98,32.47,0.8421,72.73,100.0,88.31,0,9,28.96,34.5,215.27,4.6
PoseConv3D Tier 5,Champion m=2 (ST+T3),0.2,0.99,35.06,0.8421,72.73,100.0,88.31,0,9,29.14,34.3,216.2,4.6
PoseConv3D Tier 5,Champion m=2 (ST+T3),0.2,0.999,40.26,0.8421,72.73,100.0,88.31,0,9,29.52,33.9,218.05,4.6
PoseConv3D Tier 5,Champion m=2 (ST+T3),0.25,0.5,7.79,0.8621,75.76,100.0,89.61,0,8,27.17,36.8,206.45,4.8
PoseConv3D Tier 5,Champion m=2 (ST+T3),0.25,0.6,12.99,0.8621,75.76,100.0,89.61,0,8,27.54,36.3,208.31,4.8
PoseConv3D Tier 5,Champion m=2 (ST+T3),0.25,0.7,12.99,0.8621,75.76,100.0,89.61,0,8,27.54,36.3,208.31,4.8
PoseConv3D Tier 5,Champion m=2 (ST+T3),0.25,0.8,16.88,0.8621,75.76,100.0,89.61,0,8,27.83,35.9,209.7,4.8
PoseConv3D Tier 5,Champion m=2 (ST+T3),0.25,0.85,18.18,0.8621,75.76,100.0,89.61,0,8,27.92,35.8,210.17,4.8
PoseConv3D Tier 5,Champion m=2 (ST+T3),0.25,0.9,19.48,0.8621,75.76,100.0,89.61,0,8,28.01,35.7,210.63,4.7
PoseConv3D Tier 5,Champion m=2 (ST+T3),0.25,0.95,22.08,0.8621,75.76,100.0,89.61,0,8,28.2,35.5,211.56,4.7
PoseConv3D Tier 5,Champion m=2 (ST+T3),0.25,0.98,31.17,0.8421,72.73,100.0,88.31,0,9,28.86,34.6,214.81,4.7
PoseConv3D Tier 5,Champion m=2 (ST+T3),0.25,0.99,33.77,0.8421,72.73,100.0,88.31,0,9,29.05,34.4,215.73,4.6
PoseConv3D Tier 5,Champion m=2 (ST+T3),0.25,0.999,38.96,0.8421,72.73,100.0,88.31,0,9,29.43,34.0,217.59,4.6
PoseConv3D Tier 5,Champion m=2 (ST+T3),0.3,0.5,7.79,0.8621,75.76,100.0,89.61,0,8,27.17,36.8,206.45,4.8
PoseConv3D Tier 5,Champion m=2 (ST+T3),0.3,0.6,12.99,0.8621,75.76,100.0,89.61,0,8,27.54,36.3,208.31,4.8
PoseConv3D Tier 5,Champion m=2 (ST+T3),0.3,0.7,12.99,0.8621,75.76,100.0,89.61,0,8,27.54,36.3,208.31,4.8
PoseConv3D Tier 5,Champion m=2 (ST+T3),0.3,0.8,16.88,0.8621,75.76,100.0,89.61,0,8,27.83,35.9,209.7,4.8
PoseConv3D Tier 5,Champion m=2 (ST+T3),0.3,0.85,18.18,0.8621,75.76,100.0,89.61,0,8,27.92,35.8,210.17,4.8
PoseConv3D Tier 5,Champion m=2 (ST+T3),0.3,0.9,19.48,0.8621,75.76,100.0,89.61,0,8,28.01,35.7,210.63,4.7
PoseConv3D Tier 5,Champion m=2 (ST+T3),0.3,0.95,22.08,0.8621,75.76,100.0,89.61,0,8,28.2,35.5,211.56,4.7
PoseConv3D Tier 5,Champion m=2 (ST+T3),0.3,0.98,31.17,0.8421,72.73,100.0,88.31,0,9,28.86,34.6,214.81,4.7
PoseConv3D Tier 5,Champion m=2 (ST+T3),0.3,0.99,33.77,0.8421,72.73,100.0,88.31,0,9,29.05,34.4,215.73,4.6
PoseConv3D Tier 5,Champion m=2 (ST+T3),0.3,0.999,38.96,0.8421,72.73,100.0,88.31,0,9,29.43,34.0,217.59,4.6
