type,w_stgcn,w_ctrgcn,w_pc3d,tau_server,recall,precision,accuracy,f1,fp,fn,p_low,p_high,edge_discard_ratio,edge_alert_ratio,escalation_ratio
server_ensemble_weight_sweep,0.5,0.35,0.15,0.35,100.0,73.33,84.42,0.8462,12,0,,,,,
server_ensemble_weight_sweep,0.5,0.35,0.15,0.355,100.0,82.5,90.91,0.9041,7,0,,,,,
server_ensemble_weight_sweep,0.5,0.35,0.15,0.36,100.0,84.62,92.21,0.9167,6,0,,,,,
server_ensemble_weight_sweep,0.5,0.35,0.15,0.365,100.0,84.62,92.21,0.9167,6,0,,,,,
server_ensemble_weight_sweep,0.5,0.35,0.15,0.37,100.0,84.62,92.21,0.9167,6,0,,,,,
server_ensemble_weight_sweep,0.5,0.35,0.15,0.375,100.0,84.62,92.21,0.9167,6,0,,,,,
server_ensemble_weight_sweep,0.5,0.35,0.15,0.38,100.0,84.62,92.21,0.9167,6,0,,,,,
server_ensemble_weight_sweep,0.5,0.35,0.15,0.385,100.0,84.62,92.21,0.9167,6,0,,,,,
server_ensemble_weight_sweep,0.5,0.35,0.15,0.39,100.0,84.62,92.21,0.9167,6,0,,,,,
server_ensemble_weight_sweep,0.5,0.35,0.15,0.395,100.0,84.62,92.21,0.9167,6,0,,,,,
server_ensemble_weight_sweep,0.5,0.35,0.15,0.4,100.0,84.62,92.21,0.9167,6,0,,,,,
server_ensemble_weight_sweep,0.5,0.35,0.15,0.405,100.0,84.62,92.21,0.9167,6,0,,,,,
server_ensemble_weight_sweep,0.5,0.35,0.15,0.41,100.0,84.62,92.21,0.9167,6,0,,,,,
server_ensemble_weight_sweep,0.5,0.35,0.15,0.415,100.0,84.62,92.21,0.9167,6,0,,,,,
server_ensemble_weight_sweep,0.5,0.35,0.15,0.42,100.0,84.62,92.21,0.9167,6,0,,,,,
server_ensemble_weight_sweep,0.5,0.35,0.15,0.425,100.0,84.62,92.21,0.9167,6,0,,,,,
server_ensemble_weight_sweep,0.5,0.35,0.15,0.43,100.0,84.62,92.21,0.9167,6,0,,,,,
server_ensemble_weight_sweep,0.5,0.35,0.15,0.435,100.0,84.62,92.21,0.9167,6,0,,,,,
server_ensemble_weight_sweep,0.5,0.35,0.15,0.44,100.0,84.62,92.21,0.9167,6,0,,,,,
server_ensemble_weight_sweep,0.5,0.35,0.15,0.445,100.0,84.62,92.21,0.9167,6,0,,,,,
server_ensemble_weight_sweep,0.5,0.35,0.15,0.45,100.0,84.62,92.21,0.9167,6,0,,,,,
server_ensemble_weight_sweep,0.5,0.35,0.15,0.455,100.0,84.62,92.21,0.9167,6,0,,,,,
server_ensemble_weight_sweep,0.5,0.35,0.15,0.46,100.0,84.62,92.21,0.9167,6,0,,,,,
server_ensemble_weight_sweep,0.5,0.35,0.15,0.465,100.0,84.62,92.21,0.9167,6,0,,,,,
server_ensemble_weight_sweep,0.5,0.35,0.15,0.47,100.0,84.62,92.21,0.9167,6,0,,,,,
server_ensemble_weight_sweep,0.5,0.35,0.15,0.475,100.0,84.62,92.21,0.9167,6,0,,,,,
server_ensemble_weight_sweep,0.5,0.35,0.15,0.48,100.0,84.62,92.21,0.9167,6,0,,,,,
server_ensemble_weight_sweep,0.5,0.35,0.15,0.485,100.0,84.62,92.21,0.9167,6,0,,,,,
server_ensemble_weight_sweep,0.5,0.35,0.15,0.49,100.0,84.62,92.21,0.9167,6,0,,,,,
server_ensemble_weight_sweep,0.5,0.35,0.15,0.495,100.0,84.62,92.21,0.9167,6,0,,,,,
server_ensemble_weight_sweep,0.5,0.35,0.15,0.5,96.97,94.12,96.1,0.9552,2,1,,,,,
server_ensemble_weight_sweep,0.5,0.35,0.15,0.505,96.97,94.12,96.1,0.9552,2,1,,,,,
server_ensemble_weight_sweep,0.5,0.35,0.15,0.51,96.97,94.12,96.1,0.9552,2,1,,,,,
server_ensemble_weight_sweep,0.5,0.35,0.15,0.515,96.97,94.12,96.1,0.9552,2,1,,,,,
server_ensemble_weight_sweep,0.5,0.35,0.15,0.52,96.97,94.12,96.1,0.9552,2,1,,,,,
server_ensemble_weight_sweep,0.5,0.35,0.15,0.525,96.97,94.12,96.1,0.9552,2,1,,,,,
server_ensemble_weight_sweep,0.5,0.35,0.15,0.53,96.97,94.12,96.1,0.9552,2,1,,,,,
server_ensemble_weight_sweep,0.5,0.35,0.15,0.535,96.97,94.12,96.1,0.9552,2,1,,,,,
server_ensemble_weight_sweep,0.5,0.35,0.15,0.54,96.97,94.12,96.1,0.9552,2,1,,,,,
server_ensemble_weight_sweep,0.5,0.35,0.15,0.545,96.97,94.12,96.1,0.9552,2,1,,,,,
server_ensemble_weight_sweep,0.5,0.35,0.15,0.55,96.97,94.12,96.1,0.9552,2,1,,,,,
server_ensemble_weight_sweep,0.5,0.35,0.15,0.555,96.97,94.12,96.1,0.9552,2,1,,,,,
server_ensemble_weight_sweep,0.5,0.35,0.15,0.56,96.97,94.12,96.1,0.9552,2,1,,,,,
server_ensemble_weight_sweep,0.5,0.35,0.15,0.565,96.97,94.12,96.1,0.9552,2,1,,,,,
server_ensemble_weight_sweep,0.5,0.35,0.15,0.57,96.97,94.12,96.1,0.9552,2,1,,,,,
server_ensemble_weight_sweep,0.5,0.35,0.15,0.575,96.97,94.12,96.1,0.9552,2,1,,,,,
server_ensemble_weight_sweep,0.5,0.35,0.15,0.58,96.97,94.12,96.1,0.9552,2,1,,,,,
server_ensemble_weight_sweep,0.5,0.35,0.15,0.585,96.97,94.12,96.1,0.9552,2,1,,,,,
server_ensemble_weight_sweep,0.5,0.35,0.15,0.59,96.97,94.12,96.1,0.9552,2,1,,,,,
server_ensemble_weight_sweep,0.5,0.35,0.15,0.595,96.97,94.12,96.1,0.9552,2,1,,,,,
server_ensemble_weight_sweep,0.5,0.35,0.15,0.6,96.97,94.12,96.1,0.9552,2,1,,,,,
server_ensemble_weight_sweep,0.5,0.35,0.15,0.605,96.97,94.12,96.1,0.9552,2,1,,,,,
server_ensemble_weight_sweep,0.5,0.35,0.15,0.61,96.97,94.12,96.1,0.9552,2,1,,,,,
server_ensemble_weight_sweep,0.5,0.35,0.15,0.615,96.97,94.12,96.1,0.9552,2,1,,,,,
server_ensemble_weight_sweep,0.5,0.35,0.15,0.62,96.97,94.12,96.1,0.9552,2,1,,,,,
server_ensemble_weight_sweep,0.5,0.35,0.15,0.625,96.97,94.12,96.1,0.9552,2,1,,,,,
server_ensemble_weight_sweep,0.5,0.35,0.15,0.63,96.97,94.12,96.1,0.9552,2,1,,,,,
server_ensemble_weight_sweep,0.5,0.35,0.15,0.635,96.97,94.12,96.1,0.9552,2,1,,,,,
server_ensemble_weight_sweep,0.5,0.35,0.15,0.64,96.97,94.12,96.1,0.9552,2,1,,,,,
server_ensemble_weight_sweep,0.5,0.35,0.15,0.645,96.97,94.12,96.1,0.9552,2,1,,,,,
server_ensemble_weight_sweep,0.5,0.35,0.15,0.65,96.97,94.12,96.1,0.9552,2,1,,,,,
server_ensemble_weight_sweep,0.5,0.35,0.15,0.655,96.97,94.12,96.1,0.9552,2,1,,,,,
server_ensemble_weight_sweep,0.5,0.35,0.15,0.66,96.97,94.12,96.1,0.9552,2,1,,,,,
server_ensemble_weight_sweep,0.5,0.35,0.15,0.665,96.97,94.12,96.1,0.9552,2,1,,,,,
server_ensemble_weight_sweep,0.5,0.35,0.15,0.67,96.97,94.12,96.1,0.9552,2,1,,,,,
server_ensemble_weight_sweep,0.5,0.35,0.15,0.675,96.97,94.12,96.1,0.9552,2,1,,,,,
server_ensemble_weight_sweep,0.5,0.35,0.15,0.68,96.97,94.12,96.1,0.9552,2,1,,,,,
server_ensemble_weight_sweep,0.5,0.35,0.15,0.685,96.97,94.12,96.1,0.9552,2,1,,,,,
server_ensemble_weight_sweep,0.5,0.35,0.15,0.69,96.97,94.12,96.1,0.9552,2,1,,,,,
server_ensemble_weight_sweep,0.5,0.35,0.15,0.695,96.97,94.12,96.1,0.9552,2,1,,,,,
server_ensemble_weight_sweep,0.5,0.35,0.15,0.7,96.97,94.12,96.1,0.9552,2,1,,,,,
server_ensemble_weight_sweep,0.45,0.35,0.2,0.35,100.0,73.33,84.42,0.8462,12,0,,,,,
server_ensemble_weight_sweep,0.45,0.35,0.2,0.355,100.0,84.62,92.21,0.9167,6,0,,,,,
server_ensemble_weight_sweep,0.45,0.35,0.2,0.36,100.0,84.62,92.21,0.9167,6,0,,,,,
server_ensemble_weight_sweep,0.45,0.35,0.2,0.365,100.0,84.62,92.21,0.9167,6,0,,,,,
server_ensemble_weight_sweep,0.45,0.35,0.2,0.37,100.0,84.62,92.21,0.9167,6,0,,,,,
server_ensemble_weight_sweep,0.45,0.35,0.2,0.375,100.0,84.62,92.21,0.9167,6,0,,,,,
server_ensemble_weight_sweep,0.45,0.35,0.2,0.38,100.0,84.62,92.21,0.9167,6,0,,,,,
server_ensemble_weight_sweep,0.45,0.35,0.2,0.385,100.0,84.62,92.21,0.9167,6,0,,,,,
server_ensemble_weight_sweep,0.45,0.35,0.2,0.39,100.0,84.62,92.21,0.9167,6,0,,,,,
server_ensemble_weight_sweep,0.45,0.35,0.2,0.395,100.0,84.62,92.21,0.9167,6,0,,,,,
server_ensemble_weight_sweep,0.45,0.35,0.2,0.4,100.0,84.62,92.21,0.9167,6,0,,,,,
server_ensemble_weight_sweep,0.45,0.35,0.2,0.405,100.0,84.62,92.21,0.9167,6,0,,,,,
server_ensemble_weight_sweep,0.45,0.35,0.2,0.41,100.0,84.62,92.21,0.9167,6,0,,,,,
server_ensemble_weight_sweep,0.45,0.35,0.2,0.415,100.0,84.62,92.21,0.9167,6,0,,,,,
server_ensemble_weight_sweep,0.45,0.35,0.2,0.42,100.0,84.62,92.21,0.9167,6,0,,,,,
server_ensemble_weight_sweep,0.45,0.35,0.2,0.425,100.0,84.62,92.21,0.9167,6,0,,,,,
server_ensemble_weight_sweep,0.45,0.35,0.2,0.43,100.0,84.62,92.21,0.9167,6,0,,,,,
server_ensemble_weight_sweep,0.45,0.35,0.2,0.435,100.0,84.62,92.21,0.9167,6,0,,,,,
server_ensemble_weight_sweep,0.45,0.35,0.2,0.44,100.0,84.62,92.21,0.9167,6,0,,,,,
server_ensemble_weight_sweep,0.45,0.35,0.2,0.445,100.0,84.62,92.21,0.9167,6,0,,,,,
server_ensemble_weight_sweep,0.45,0.35,0.2,0.45,100.0,94.29,97.4,0.9706,2,0,,,,,
server_ensemble_weight_sweep,0.45,0.35,0.2,0.455,100.0,94.29,97.4,0.9706,2,0,,,,,
server_ensemble_weight_sweep,0.45,0.35,0.2,0.46,100.0,94.29,97.4,0.9706,2,0,,,,,
server_ensemble_weight_sweep,0.45,0.35,0.2,0.465,100.0,94.29,97.4,0.9706,2,0,,,,,
server_ensemble_weight_sweep,0.45,0.35,0.2,0.47,100.0,94.29,97.4,0.9706,2,0,,,,,
server_ensemble_weight_sweep,0.45,0.35,0.2,0.475,100.0,94.29,97.4,0.9706,2,0,,,,,
server_ensemble_weight_sweep,0.45,0.35,0.2,0.48,100.0,94.29,97.4,0.9706,2,0,,,,,
server_ensemble_weight_sweep,0.45,0.35,0.2,0.485,100.0,94.29,97.4,0.9706,2,0,,,,,
server_ensemble_weight_sweep,0.45,0.35,0.2,0.49,100.0,94.29,97.4,0.9706,2,0,,,,,
server_ensemble_weight_sweep,0.45,0.35,0.2,0.495,100.0,94.29,97.4,0.9706,2,0,,,,,
server_ensemble_weight_sweep,0.45,0.35,0.2,0.5,100.0,94.29,97.4,0.9706,2,0,,,,,
server_ensemble_weight_sweep,0.45,0.35,0.2,0.505,100.0,94.29,97.4,0.9706,2,0,,,,,
server_ensemble_weight_sweep,0.45,0.35,0.2,0.51,100.0,94.29,97.4,0.9706,2,0,,,,,
server_ensemble_weight_sweep,0.45,0.35,0.2,0.515,100.0,94.29,97.4,0.9706,2,0,,,,,
server_ensemble_weight_sweep,0.45,0.35,0.2,0.52,96.97,94.12,96.1,0.9552,2,1,,,,,
server_ensemble_weight_sweep,0.45,0.35,0.2,0.525,96.97,94.12,96.1,0.9552,2,1,,,,,
server_ensemble_weight_sweep,0.45,0.35,0.2,0.53,96.97,94.12,96.1,0.9552,2,1,,,,,
server_ensemble_weight_sweep,0.45,0.35,0.2,0.535,96.97,94.12,96.1,0.9552,2,1,,,,,
server_ensemble_weight_sweep,0.45,0.35,0.2,0.54,96.97,94.12,96.1,0.9552,2,1,,,,,
server_ensemble_weight_sweep,0.45,0.35,0.2,0.545,96.97,94.12,96.1,0.9552,2,1,,,,,
server_ensemble_weight_sweep,0.45,0.35,0.2,0.55,96.97,94.12,96.1,0.9552,2,1,,,,,
server_ensemble_weight_sweep,0.45,0.35,0.2,0.555,96.97,94.12,96.1,0.9552,2,1,,,,,
server_ensemble_weight_sweep,0.45,0.35,0.2,0.56,96.97,94.12,96.1,0.9552,2,1,,,,,
server_ensemble_weight_sweep,0.45,0.35,0.2,0.565,96.97,94.12,96.1,0.9552,2,1,,,,,
server_ensemble_weight_sweep,0.45,0.35,0.2,0.57,96.97,94.12,96.1,0.9552,2,1,,,,,
server_ensemble_weight_sweep,0.45,0.35,0.2,0.575,96.97,94.12,96.1,0.9552,2,1,,,,,
server_ensemble_weight_sweep,0.45,0.35,0.2,0.58,96.97,94.12,96.1,0.9552,2,1,,,,,
server_ensemble_weight_sweep,0.45,0.35,0.2,0.585,96.97,94.12,96.1,0.9552,2,1,,,,,
server_ensemble_weight_sweep,0.45,0.35,0.2,0.59,96.97,94.12,96.1,0.9552,2,1,,,,,
server_ensemble_weight_sweep,0.45,0.35,0.2,0.595,96.97,94.12,96.1,0.9552,2,1,,,,,
server_ensemble_weight_sweep,0.45,0.35,0.2,0.6,96.97,94.12,96.1,0.9552,2,1,,,,,
server_ensemble_weight_sweep,0.45,0.35,0.2,0.605,96.97,94.12,96.1,0.9552,2,1,,,,,
server_ensemble_weight_sweep,0.45,0.35,0.2,0.61,96.97,94.12,96.1,0.9552,2,1,,,,,
server_ensemble_weight_sweep,0.45,0.35,0.2,0.615,96.97,94.12,96.1,0.9552,2,1,,,,,
server_ensemble_weight_sweep,0.45,0.35,0.2,0.62,96.97,94.12,96.1,0.9552,2,1,,,,,
server_ensemble_weight_sweep,0.45,0.35,0.2,0.625,96.97,94.12,96.1,0.9552,2,1,,,,,
server_ensemble_weight_sweep,0.45,0.35,0.2,0.63,96.97,94.12,96.1,0.9552,2,1,,,,,
server_ensemble_weight_sweep,0.45,0.35,0.2,0.635,96.97,94.12,96.1,0.9552,2,1,,,,,
server_ensemble_weight_sweep,0.45,0.35,0.2,0.64,96.97,94.12,96.1,0.9552,2,1,,,,,
server_ensemble_weight_sweep,0.45,0.35,0.2,0.645,96.97,94.12,96.1,0.9552,2,1,,,,,
server_ensemble_weight_sweep,0.45,0.35,0.2,0.65,96.97,94.12,96.1,0.9552,2,1,,,,,
server_ensemble_weight_sweep,0.45,0.35,0.2,0.655,96.97,94.12,96.1,0.9552,2,1,,,,,
server_ensemble_weight_sweep,0.45,0.35,0.2,0.66,96.97,94.12,96.1,0.9552,2,1,,,,,
server_ensemble_weight_sweep,0.45,0.35,0.2,0.665,96.97,94.12,96.1,0.9552,2,1,,,,,
server_ensemble_weight_sweep,0.45,0.35,0.2,0.67,96.97,94.12,96.1,0.9552,2,1,,,,,
server_ensemble_weight_sweep,0.45,0.35,0.2,0.675,96.97,94.12,96.1,0.9552,2,1,,,,,
server_ensemble_weight_sweep,0.45,0.35,0.2,0.68,96.97,94.12,96.1,0.9552,2,1,,,,,
server_ensemble_weight_sweep,0.45,0.35,0.2,0.685,96.97,94.12,96.1,0.9552,2,1,,,,,
server_ensemble_weight_sweep,0.45,0.35,0.2,0.69,96.97,94.12,96.1,0.9552,2,1,,,,,
server_ensemble_weight_sweep,0.45,0.35,0.2,0.695,96.97,94.12,96.1,0.9552,2,1,,,,,
server_ensemble_weight_sweep,0.45,0.35,0.2,0.7,96.97,94.12,96.1,0.9552,2,1,,,,,
server_ensemble_weight_sweep,0.4,0.4,0.2,0.35,100.0,71.74,83.12,0.8354,13,0,,,,,
server_ensemble_weight_sweep,0.4,0.4,0.2,0.355,100.0,71.74,83.12,0.8354,13,0,,,,,
server_ensemble_weight_sweep,0.4,0.4,0.2,0.36,100.0,71.74,83.12,0.8354,13,0,,,,,
server_ensemble_weight_sweep,0.4,0.4,0.2,0.365,100.0,71.74,83.12,0.8354,13,0,,,,,
server_ensemble_weight_sweep,0.4,0.4,0.2,0.37,100.0,71.74,83.12,0.8354,13,0,,,,,
server_ensemble_weight_sweep,0.4,0.4,0.2,0.375,100.0,71.74,83.12,0.8354,13,0,,,,,
server_ensemble_weight_sweep,0.4,0.4,0.2,0.38,100.0,71.74,83.12,0.8354,13,0,,,,,
server_ensemble_weight_sweep,0.4,0.4,0.2,0.385,100.0,71.74,83.12,0.8354,13,0,,,,,
server_ensemble_weight_sweep,0.4,0.4,0.2,0.39,100.0,71.74,83.12,0.8354,13,0,,,,,
server_ensemble_weight_sweep,0.4,0.4,0.2,0.395,100.0,71.74,83.12,0.8354,13,0,,,,,
server_ensemble_weight_sweep,0.4,0.4,0.2,0.4,100.0,80.49,89.61,0.8919,8,0,,,,,
server_ensemble_weight_sweep,0.4,0.4,0.2,0.405,100.0,94.29,97.4,0.9706,2,0,,,,,
server_ensemble_weight_sweep,0.4,0.4,0.2,0.41,100.0,94.29,97.4,0.9706,2,0,,,,,
server_ensemble_weight_sweep,0.4,0.4,0.2,0.415,100.0,94.29,97.4,0.9706,2,0,,,,,
server_ensemble_weight_sweep,0.4,0.4,0.2,0.42,100.0,94.29,97.4,0.9706,2,0,,,,,
server_ensemble_weight_sweep,0.4,0.4,0.2,0.425,100.0,94.29,97.4,0.9706,2,0,,,,,
server_ensemble_weight_sweep,0.4,0.4,0.2,0.43,100.0,94.29,97.4,0.9706,2,0,,,,,
server_ensemble_weight_sweep,0.4,0.4,0.2,0.435,100.0,94.29,97.4,0.9706,2,0,,,,,
server_ensemble_weight_sweep,0.4,0.4,0.2,0.44,100.0,94.29,97.4,0.9706,2,0,,,,,
server_ensemble_weight_sweep,0.4,0.4,0.2,0.445,100.0,94.29,97.4,0.9706,2,0,,,,,
server_ensemble_weight_sweep,0.4,0.4,0.2,0.45,100.0,94.29,97.4,0.9706,2,0,,,,,
server_ensemble_weight_sweep,0.4,0.4,0.2,0.455,100.0,94.29,97.4,0.9706,2,0,,,,,
server_ensemble_weight_sweep,0.4,0.4,0.2,0.46,100.0,94.29,97.4,0.9706,2,0,,,,,
server_ensemble_weight_sweep,0.4,0.4,0.2,0.465,100.0,94.29,97.4,0.9706,2,0,,,,,
server_ensemble_weight_sweep,0.4,0.4,0.2,0.47,100.0,94.29,97.4,0.9706,2,0,,,,,
server_ensemble_weight_sweep,0.4,0.4,0.2,0.475,100.0,94.29,97.4,0.9706,2,0,,,,,
server_ensemble_weight_sweep,0.4,0.4,0.2,0.48,100.0,94.29,97.4,0.9706,2,0,,,,,
server_ensemble_weight_sweep,0.4,0.4,0.2,0.485,100.0,94.29,97.4,0.9706,2,0,,,,,
server_ensemble_weight_sweep,0.4,0.4,0.2,0.49,96.97,94.12,96.1,0.9552,2,1,,,,,
server_ensemble_weight_sweep,0.4,0.4,0.2,0.495,96.97,94.12,96.1,0.9552,2,1,,,,,
server_ensemble_weight_sweep,0.4,0.4,0.2,0.5,96.97,94.12,96.1,0.9552,2,1,,,,,
server_ensemble_weight_sweep,0.4,0.4,0.2,0.505,96.97,94.12,96.1,0.9552,2,1,,,,,
server_ensemble_weight_sweep,0.4,0.4,0.2,0.51,96.97,94.12,96.1,0.9552,2,1,,,,,
server_ensemble_weight_sweep,0.4,0.4,0.2,0.515,96.97,94.12,96.1,0.9552,2,1,,,,,
server_ensemble_weight_sweep,0.4,0.4,0.2,0.52,96.97,94.12,96.1,0.9552,2,1,,,,,
server_ensemble_weight_sweep,0.4,0.4,0.2,0.525,96.97,94.12,96.1,0.9552,2,1,,,,,
server_ensemble_weight_sweep,0.4,0.4,0.2,0.53,96.97,94.12,96.1,0.9552,2,1,,,,,
server_ensemble_weight_sweep,0.4,0.4,0.2,0.535,96.97,94.12,96.1,0.9552,2,1,,,,,
server_ensemble_weight_sweep,0.4,0.4,0.2,0.54,96.97,94.12,96.1,0.9552,2,1,,,,,
server_ensemble_weight_sweep,0.4,0.4,0.2,0.545,96.97,94.12,96.1,0.9552,2,1,,,,,
server_ensemble_weight_sweep,0.4,0.4,0.2,0.55,96.97,94.12,96.1,0.9552,2,1,,,,,
server_ensemble_weight_sweep,0.4,0.4,0.2,0.555,96.97,94.12,96.1,0.9552,2,1,,,,,
server_ensemble_weight_sweep,0.4,0.4,0.2,0.56,96.97,94.12,96.1,0.9552,2,1,,,,,
server_ensemble_weight_sweep,0.4,0.4,0.2,0.565,96.97,94.12,96.1,0.9552,2,1,,,,,
server_ensemble_weight_sweep,0.4,0.4,0.2,0.57,96.97,94.12,96.1,0.9552,2,1,,,,,
server_ensemble_weight_sweep,0.4,0.4,0.2,0.575,96.97,94.12,96.1,0.9552,2,1,,,,,
server_ensemble_weight_sweep,0.4,0.4,0.2,0.58,96.97,94.12,96.1,0.9552,2,1,,,,,
server_ensemble_weight_sweep,0.4,0.4,0.2,0.585,96.97,94.12,96.1,0.9552,2,1,,,,,
server_ensemble_weight_sweep,0.4,0.4,0.2,0.59,96.97,94.12,96.1,0.9552,2,1,,,,,
server_ensemble_weight_sweep,0.4,0.4,0.2,0.595,96.97,94.12,96.1,0.9552,2,1,,,,,
server_ensemble_weight_sweep,0.4,0.4,0.2,0.6,96.97,94.12,96.1,0.9552,2,1,,,,,
server_ensemble_weight_sweep,0.4,0.4,0.2,0.605,96.97,94.12,96.1,0.9552,2,1,,,,,
server_ensemble_weight_sweep,0.4,0.4,0.2,0.61,96.97,94.12,96.1,0.9552,2,1,,,,,
server_ensemble_weight_sweep,0.4,0.4,0.2,0.615,96.97,94.12,96.1,0.9552,2,1,,,,,
server_ensemble_weight_sweep,0.4,0.4,0.2,0.62,96.97,94.12,96.1,0.9552,2,1,,,,,
server_ensemble_weight_sweep,0.4,0.4,0.2,0.625,96.97,94.12,96.1,0.9552,2,1,,,,,
server_ensemble_weight_sweep,0.4,0.4,0.2,0.63,96.97,94.12,96.1,0.9552,2,1,,,,,
server_ensemble_weight_sweep,0.4,0.4,0.2,0.635,96.97,94.12,96.1,0.9552,2,1,,,,,
server_ensemble_weight_sweep,0.4,0.4,0.2,0.64,96.97,94.12,96.1,0.9552,2,1,,,,,
server_ensemble_weight_sweep,0.4,0.4,0.2,0.645,96.97,94.12,96.1,0.9552,2,1,,,,,
server_ensemble_weight_sweep,0.4,0.4,0.2,0.65,96.97,94.12,96.1,0.9552,2,1,,,,,
server_ensemble_weight_sweep,0.4,0.4,0.2,0.655,96.97,94.12,96.1,0.9552,2,1,,,,,
server_ensemble_weight_sweep,0.4,0.4,0.2,0.66,96.97,94.12,96.1,0.9552,2,1,,,,,
server_ensemble_weight_sweep,0.4,0.4,0.2,0.665,96.97,94.12,96.1,0.9552,2,1,,,,,
server_ensemble_weight_sweep,0.4,0.4,0.2,0.67,96.97,94.12,96.1,0.9552,2,1,,,,,
server_ensemble_weight_sweep,0.4,0.4,0.2,0.675,96.97,94.12,96.1,0.9552,2,1,,,,,
server_ensemble_weight_sweep,0.4,0.4,0.2,0.68,96.97,94.12,96.1,0.9552,2,1,,,,,
server_ensemble_weight_sweep,0.4,0.4,0.2,0.685,96.97,94.12,96.1,0.9552,2,1,,,,,
server_ensemble_weight_sweep,0.4,0.4,0.2,0.69,96.97,94.12,96.1,0.9552,2,1,,,,,
server_ensemble_weight_sweep,0.4,0.4,0.2,0.695,96.97,94.12,96.1,0.9552,2,1,,,,,
server_ensemble_weight_sweep,0.4,0.4,0.2,0.7,96.97,94.12,96.1,0.9552,2,1,,,,,
server_ensemble_weight_sweep,0.35,0.35,0.3,0.35,100.0,80.49,89.61,0.8919,8,0,,,,,
server_ensemble_weight_sweep,0.35,0.35,0.3,0.355,100.0,94.29,97.4,0.9706,2,0,,,,,
server_ensemble_weight_sweep,0.35,0.35,0.3,0.36,100.0,94.29,97.4,0.9706,2,0,,,,,
server_ensemble_weight_sweep,0.35,0.35,0.3,0.365,100.0,94.29,97.4,0.9706,2,0,,,,,
server_ensemble_weight_sweep,0.35,0.35,0.3,0.37,100.0,94.29,97.4,0.9706,2,0,,,,,
server_ensemble_weight_sweep,0.35,0.35,0.3,0.375,100.0,94.29,97.4,0.9706,2,0,,,,,
server_ensemble_weight_sweep,0.35,0.35,0.3,0.38,100.0,94.29,97.4,0.9706,2,0,,,,,
server_ensemble_weight_sweep,0.35,0.35,0.3,0.385,100.0,94.29,97.4,0.9706,2,0,,,,,
server_ensemble_weight_sweep,0.35,0.35,0.3,0.39,100.0,94.29,97.4,0.9706,2,0,,,,,
server_ensemble_weight_sweep,0.35,0.35,0.3,0.395,100.0,94.29,97.4,0.9706,2,0,,,,,
server_ensemble_weight_sweep,0.35,0.35,0.3,0.4,100.0,94.29,97.4,0.9706,2,0,,,,,
server_ensemble_weight_sweep,0.35,0.35,0.3,0.405,100.0,94.29,97.4,0.9706,2,0,,,,,
server_ensemble_weight_sweep,0.35,0.35,0.3,0.41,100.0,94.29,97.4,0.9706,2,0,,,,,
server_ensemble_weight_sweep,0.35,0.35,0.3,0.415,100.0,94.29,97.4,0.9706,2,0,,,,,
server_ensemble_weight_sweep,0.35,0.35,0.3,0.42,100.0,94.29,97.4,0.9706,2,0,,,,,
server_ensemble_weight_sweep,0.35,0.35,0.3,0.425,100.0,94.29,97.4,0.9706,2,0,,,,,
server_ensemble_weight_sweep,0.35,0.35,0.3,0.43,100.0,94.29,97.4,0.9706,2,0,,,,,
server_ensemble_weight_sweep,0.35,0.35,0.3,0.435,100.0,94.29,97.4,0.9706,2,0,,,,,
server_ensemble_weight_sweep,0.35,0.35,0.3,0.44,100.0,94.29,97.4,0.9706,2,0,,,,,
server_ensemble_weight_sweep,0.35,0.35,0.3,0.445,100.0,94.29,97.4,0.9706,2,0,,,,,
server_ensemble_weight_sweep,0.35,0.35,0.3,0.45,100.0,94.29,97.4,0.9706,2,0,,,,,
server_ensemble_weight_sweep,0.35,0.35,0.3,0.455,100.0,94.29,97.4,0.9706,2,0,,,,,
server_ensemble_weight_sweep,0.35,0.35,0.3,0.46,100.0,94.29,97.4,0.9706,2,0,,,,,
server_ensemble_weight_sweep,0.35,0.35,0.3,0.465,100.0,94.29,97.4,0.9706,2,0,,,,,
server_ensemble_weight_sweep,0.35,0.35,0.3,0.47,100.0,94.29,97.4,0.9706,2,0,,,,,
server_ensemble_weight_sweep,0.35,0.35,0.3,0.475,100.0,94.29,97.4,0.9706,2,0,,,,,
server_ensemble_weight_sweep,0.35,0.35,0.3,0.48,100.0,94.29,97.4,0.9706,2,0,,,,,
server_ensemble_weight_sweep,0.35,0.35,0.3,0.485,100.0,94.29,97.4,0.9706,2,0,,,,,
server_ensemble_weight_sweep,0.35,0.35,0.3,0.49,100.0,94.29,97.4,0.9706,2,0,,,,,
server_ensemble_weight_sweep,0.35,0.35,0.3,0.495,100.0,94.29,97.4,0.9706,2,0,,,,,
server_ensemble_weight_sweep,0.35,0.35,0.3,0.5,100.0,94.29,97.4,0.9706,2,0,,,,,
server_ensemble_weight_sweep,0.35,0.35,0.3,0.505,100.0,94.29,97.4,0.9706,2,0,,,,,
server_ensemble_weight_sweep,0.35,0.35,0.3,0.51,100.0,94.29,97.4,0.9706,2,0,,,,,
server_ensemble_weight_sweep,0.35,0.35,0.3,0.515,100.0,94.29,97.4,0.9706,2,0,,,,,
server_ensemble_weight_sweep,0.35,0.35,0.3,0.52,100.0,94.29,97.4,0.9706,2,0,,,,,
server_ensemble_weight_sweep,0.35,0.35,0.3,0.525,100.0,94.29,97.4,0.9706,2,0,,,,,
server_ensemble_weight_sweep,0.35,0.35,0.3,0.53,100.0,94.29,97.4,0.9706,2,0,,,,,
server_ensemble_weight_sweep,0.35,0.35,0.3,0.535,100.0,94.29,97.4,0.9706,2,0,,,,,
server_ensemble_weight_sweep,0.35,0.35,0.3,0.54,100.0,94.29,97.4,0.9706,2,0,,,,,
server_ensemble_weight_sweep,0.35,0.35,0.3,0.545,100.0,94.29,97.4,0.9706,2,0,,,,,
server_ensemble_weight_sweep,0.35,0.35,0.3,0.55,100.0,94.29,97.4,0.9706,2,0,,,,,
server_ensemble_weight_sweep,0.35,0.35,0.3,0.555,96.97,94.12,96.1,0.9552,2,1,,,,,
server_ensemble_weight_sweep,0.35,0.35,0.3,0.56,96.97,94.12,96.1,0.9552,2,1,,,,,
server_ensemble_weight_sweep,0.35,0.35,0.3,0.565,96.97,94.12,96.1,0.9552,2,1,,,,,
server_ensemble_weight_sweep,0.35,0.35,0.3,0.57,96.97,94.12,96.1,0.9552,2,1,,,,,
server_ensemble_weight_sweep,0.35,0.35,0.3,0.575,96.97,94.12,96.1,0.9552,2,1,,,,,
server_ensemble_weight_sweep,0.35,0.35,0.3,0.58,96.97,94.12,96.1,0.9552,2,1,,,,,
server_ensemble_weight_sweep,0.35,0.35,0.3,0.585,96.97,94.12,96.1,0.9552,2,1,,,,,
server_ensemble_weight_sweep,0.35,0.35,0.3,0.59,96.97,94.12,96.1,0.9552,2,1,,,,,
server_ensemble_weight_sweep,0.35,0.35,0.3,0.595,96.97,94.12,96.1,0.9552,2,1,,,,,
server_ensemble_weight_sweep,0.35,0.35,0.3,0.6,96.97,94.12,96.1,0.9552,2,1,,,,,
server_ensemble_weight_sweep,0.35,0.35,0.3,0.605,96.97,94.12,96.1,0.9552,2,1,,,,,
server_ensemble_weight_sweep,0.35,0.35,0.3,0.61,96.97,94.12,96.1,0.9552,2,1,,,,,
server_ensemble_weight_sweep,0.35,0.35,0.3,0.615,96.97,94.12,96.1,0.9552,2,1,,,,,
server_ensemble_weight_sweep,0.35,0.35,0.3,0.62,96.97,94.12,96.1,0.9552,2,1,,,,,
server_ensemble_weight_sweep,0.35,0.35,0.3,0.625,96.97,94.12,96.1,0.9552,2,1,,,,,
server_ensemble_weight_sweep,0.35,0.35,0.3,0.63,96.97,94.12,96.1,0.9552,2,1,,,,,
server_ensemble_weight_sweep,0.35,0.35,0.3,0.635,96.97,94.12,96.1,0.9552,2,1,,,,,
server_ensemble_weight_sweep,0.35,0.35,0.3,0.64,96.97,94.12,96.1,0.9552,2,1,,,,,
server_ensemble_weight_sweep,0.35,0.35,0.3,0.645,96.97,94.12,96.1,0.9552,2,1,,,,,
server_ensemble_weight_sweep,0.35,0.35,0.3,0.65,96.97,94.12,96.1,0.9552,2,1,,,,,
server_ensemble_weight_sweep,0.35,0.35,0.3,0.655,96.97,94.12,96.1,0.9552,2,1,,,,,
server_ensemble_weight_sweep,0.35,0.35,0.3,0.66,96.97,94.12,96.1,0.9552,2,1,,,,,
server_ensemble_weight_sweep,0.35,0.35,0.3,0.665,93.94,93.94,94.81,0.9394,2,2,,,,,
server_ensemble_weight_sweep,0.35,0.35,0.3,0.67,93.94,93.94,94.81,0.9394,2,2,,,,,
server_ensemble_weight_sweep,0.35,0.35,0.3,0.675,93.94,93.94,94.81,0.9394,2,2,,,,,
server_ensemble_weight_sweep,0.35,0.35,0.3,0.68,93.94,93.94,94.81,0.9394,2,2,,,,,
server_ensemble_weight_sweep,0.35,0.35,0.3,0.685,93.94,96.88,96.1,0.9538,1,2,,,,,
server_ensemble_weight_sweep,0.35,0.35,0.3,0.69,90.91,96.77,94.81,0.9375,1,3,,,,,
server_ensemble_weight_sweep,0.35,0.35,0.3,0.695,87.88,100.0,94.81,0.9355,0,4,,,,,
server_ensemble_weight_sweep,0.35,0.35,0.3,0.7,78.79,100.0,90.91,0.8814,0,7,,,,,
server_ensemble_weight_sweep,0.55,0.25,0.2,0.35,100.0,84.62,92.21,0.9167,6,0,,,,,
server_ensemble_weight_sweep,0.55,0.25,0.2,0.355,100.0,84.62,92.21,0.9167,6,0,,,,,
server_ensemble_weight_sweep,0.55,0.25,0.2,0.36,100.0,84.62,92.21,0.9167,6,0,,,,,
server_ensemble_weight_sweep,0.55,0.25,0.2,0.365,100.0,84.62,92.21,0.9167,6,0,,,,,
server_ensemble_weight_sweep,0.55,0.25,0.2,0.37,100.0,84.62,92.21,0.9167,6,0,,,,,
server_ensemble_weight_sweep,0.55,0.25,0.2,0.375,100.0,84.62,92.21,0.9167,6,0,,,,,
server_ensemble_weight_sweep,0.55,0.25,0.2,0.38,100.0,84.62,92.21,0.9167,6,0,,,,,
server_ensemble_weight_sweep,0.55,0.25,0.2,0.385,100.0,84.62,92.21,0.9167,6,0,,,,,
server_ensemble_weight_sweep,0.55,0.25,0.2,0.39,100.0,84.62,92.21,0.9167,6,0,,,,,
server_ensemble_weight_sweep,0.55,0.25,0.2,0.395,100.0,84.62,92.21,0.9167,6,0,,,,,
server_ensemble_weight_sweep,0.55,0.25,0.2,0.4,100.0,84.62,92.21,0.9167,6,0,,,,,
server_ensemble_weight_sweep,0.55,0.25,0.2,0.405,100.0,84.62,92.21,0.9167,6,0,,,,,
server_ensemble_weight_sweep,0.55,0.25,0.2,0.41,100.0,84.62,92.21,0.9167,6,0,,,,,
server_ensemble_weight_sweep,0.55,0.25,0.2,0.415,100.0,84.62,92.21,0.9167,6,0,,,,,
server_ensemble_weight_sweep,0.55,0.25,0.2,0.42,100.0,84.62,92.21,0.9167,6,0,,,,,
server_ensemble_weight_sweep,0.55,0.25,0.2,0.425,100.0,84.62,92.21,0.9167,6,0,,,,,
server_ensemble_weight_sweep,0.55,0.25,0.2,0.43,100.0,84.62,92.21,0.9167,6,0,,,,,
server_ensemble_weight_sweep,0.55,0.25,0.2,0.435,100.0,84.62,92.21,0.9167,6,0,,,,,
server_ensemble_weight_sweep,0.55,0.25,0.2,0.44,100.0,84.62,92.21,0.9167,6,0,,,,,
server_ensemble_weight_sweep,0.55,0.25,0.2,0.445,100.0,84.62,92.21,0.9167,6,0,,,,,
server_ensemble_weight_sweep,0.55,0.25,0.2,0.45,100.0,84.62,92.21,0.9167,6,0,,,,,
server_ensemble_weight_sweep,0.55,0.25,0.2,0.455,100.0,84.62,92.21,0.9167,6,0,,,,,
server_ensemble_weight_sweep,0.55,0.25,0.2,0.46,100.0,84.62,92.21,0.9167,6,0,,,,,
server_ensemble_weight_sweep,0.55,0.25,0.2,0.465,100.0,84.62,92.21,0.9167,6,0,,,,,
server_ensemble_weight_sweep,0.55,0.25,0.2,0.47,100.0,84.62,92.21,0.9167,6,0,,,,,
server_ensemble_weight_sweep,0.55,0.25,0.2,0.475,100.0,84.62,92.21,0.9167,6,0,,,,,
server_ensemble_weight_sweep,0.55,0.25,0.2,0.48,100.0,84.62,92.21,0.9167,6,0,,,,,
server_ensemble_weight_sweep,0.55,0.25,0.2,0.485,100.0,84.62,92.21,0.9167,6,0,,,,,
server_ensemble_weight_sweep,0.55,0.25,0.2,0.49,100.0,84.62,92.21,0.9167,6,0,,,,,
server_ensemble_weight_sweep,0.55,0.25,0.2,0.495,100.0,84.62,92.21,0.9167,6,0,,,,,
server_ensemble_weight_sweep,0.55,0.25,0.2,0.5,100.0,84.62,92.21,0.9167,6,0,,,,,
server_ensemble_weight_sweep,0.55,0.25,0.2,0.505,100.0,84.62,92.21,0.9167,6,0,,,,,
server_ensemble_weight_sweep,0.55,0.25,0.2,0.51,100.0,84.62,92.21,0.9167,6,0,,,,,
server_ensemble_weight_sweep,0.55,0.25,0.2,0.515,100.0,84.62,92.21,0.9167,6,0,,,,,
server_ensemble_weight_sweep,0.55,0.25,0.2,0.52,100.0,84.62,92.21,0.9167,6,0,,,,,
server_ensemble_weight_sweep,0.55,0.25,0.2,0.525,100.0,84.62,92.21,0.9167,6,0,,,,,
server_ensemble_weight_sweep,0.55,0.25,0.2,0.53,100.0,84.62,92.21,0.9167,6,0,,,,,
server_ensemble_weight_sweep,0.55,0.25,0.2,0.535,100.0,84.62,92.21,0.9167,6,0,,,,,
server_ensemble_weight_sweep,0.55,0.25,0.2,0.54,100.0,84.62,92.21,0.9167,6,0,,,,,
server_ensemble_weight_sweep,0.55,0.25,0.2,0.545,100.0,84.62,92.21,0.9167,6,0,,,,,
server_ensemble_weight_sweep,0.55,0.25,0.2,0.55,100.0,94.29,97.4,0.9706,2,0,,,,,
server_ensemble_weight_sweep,0.55,0.25,0.2,0.555,100.0,94.29,97.4,0.9706,2,0,,,,,
server_ensemble_weight_sweep,0.55,0.25,0.2,0.56,100.0,94.29,97.4,0.9706,2,0,,,,,
server_ensemble_weight_sweep,0.55,0.25,0.2,0.565,100.0,94.29,97.4,0.9706,2,0,,,,,
server_ensemble_weight_sweep,0.55,0.25,0.2,0.57,100.0,94.29,97.4,0.9706,2,0,,,,,
server_ensemble_weight_sweep,0.55,0.25,0.2,0.575,96.97,94.12,96.1,0.9552,2,1,,,,,
server_ensemble_weight_sweep,0.55,0.25,0.2,0.58,96.97,94.12,96.1,0.9552,2,1,,,,,
server_ensemble_weight_sweep,0.55,0.25,0.2,0.585,96.97,94.12,96.1,0.9552,2,1,,,,,
server_ensemble_weight_sweep,0.55,0.25,0.2,0.59,96.97,94.12,96.1,0.9552,2,1,,,,,
server_ensemble_weight_sweep,0.55,0.25,0.2,0.595,96.97,94.12,96.1,0.9552,2,1,,,,,
server_ensemble_weight_sweep,0.55,0.25,0.2,0.6,96.97,94.12,96.1,0.9552,2,1,,,,,
server_ensemble_weight_sweep,0.55,0.25,0.2,0.605,96.97,94.12,96.1,0.9552,2,1,,,,,
server_ensemble_weight_sweep,0.55,0.25,0.2,0.61,96.97,94.12,96.1,0.9552,2,1,,,,,
server_ensemble_weight_sweep,0.55,0.25,0.2,0.615,96.97,94.12,96.1,0.9552,2,1,,,,,
server_ensemble_weight_sweep,0.55,0.25,0.2,0.62,96.97,94.12,96.1,0.9552,2,1,,,,,
server_ensemble_weight_sweep,0.55,0.25,0.2,0.625,96.97,94.12,96.1,0.9552,2,1,,,,,
server_ensemble_weight_sweep,0.55,0.25,0.2,0.63,96.97,94.12,96.1,0.9552,2,1,,,,,
server_ensemble_weight_sweep,0.55,0.25,0.2,0.635,96.97,94.12,96.1,0.9552,2,1,,,,,
server_ensemble_weight_sweep,0.55,0.25,0.2,0.64,96.97,94.12,96.1,0.9552,2,1,,,,,
server_ensemble_weight_sweep,0.55,0.25,0.2,0.645,96.97,94.12,96.1,0.9552,2,1,,,,,
server_ensemble_weight_sweep,0.55,0.25,0.2,0.65,96.97,94.12,96.1,0.9552,2,1,,,,,
server_ensemble_weight_sweep,0.55,0.25,0.2,0.655,96.97,94.12,96.1,0.9552,2,1,,,,,
server_ensemble_weight_sweep,0.55,0.25,0.2,0.66,96.97,94.12,96.1,0.9552,2,1,,,,,
server_ensemble_weight_sweep,0.55,0.25,0.2,0.665,96.97,94.12,96.1,0.9552,2,1,,,,,
server_ensemble_weight_sweep,0.55,0.25,0.2,0.67,96.97,94.12,96.1,0.9552,2,1,,,,,
server_ensemble_weight_sweep,0.55,0.25,0.2,0.675,96.97,94.12,96.1,0.9552,2,1,,,,,
server_ensemble_weight_sweep,0.55,0.25,0.2,0.68,96.97,94.12,96.1,0.9552,2,1,,,,,
server_ensemble_weight_sweep,0.55,0.25,0.2,0.685,96.97,94.12,96.1,0.9552,2,1,,,,,
server_ensemble_weight_sweep,0.55,0.25,0.2,0.69,96.97,94.12,96.1,0.9552,2,1,,,,,
server_ensemble_weight_sweep,0.55,0.25,0.2,0.695,96.97,94.12,96.1,0.9552,2,1,,,,,
server_ensemble_weight_sweep,0.55,0.25,0.2,0.7,96.97,96.97,97.4,0.9697,1,1,,,,,
server_ensemble_weight_sweep,0.6,0.2,0.2,0.35,100.0,84.62,92.21,0.9167,6,0,,,,,
server_ensemble_weight_sweep,0.6,0.2,0.2,0.355,100.0,84.62,92.21,0.9167,6,0,,,,,
server_ensemble_weight_sweep,0.6,0.2,0.2,0.36,100.0,84.62,92.21,0.9167,6,0,,,,,
server_ensemble_weight_sweep,0.6,0.2,0.2,0.365,100.0,84.62,92.21,0.9167,6,0,,,,,
server_ensemble_weight_sweep,0.6,0.2,0.2,0.37,100.0,84.62,92.21,0.9167,6,0,,,,,
server_ensemble_weight_sweep,0.6,0.2,0.2,0.375,100.0,84.62,92.21,0.9167,6,0,,,,,
server_ensemble_weight_sweep,0.6,0.2,0.2,0.38,100.0,84.62,92.21,0.9167,6,0,,,,,
server_ensemble_weight_sweep,0.6,0.2,0.2,0.385,100.0,84.62,92.21,0.9167,6,0,,,,,
server_ensemble_weight_sweep,0.6,0.2,0.2,0.39,100.0,84.62,92.21,0.9167,6,0,,,,,
server_ensemble_weight_sweep,0.6,0.2,0.2,0.395,100.0,84.62,92.21,0.9167,6,0,,,,,
server_ensemble_weight_sweep,0.6,0.2,0.2,0.4,100.0,84.62,92.21,0.9167,6,0,,,,,
server_ensemble_weight_sweep,0.6,0.2,0.2,0.405,100.0,84.62,92.21,0.9167,6,0,,,,,
server_ensemble_weight_sweep,0.6,0.2,0.2,0.41,100.0,84.62,92.21,0.9167,6,0,,,,,
server_ensemble_weight_sweep,0.6,0.2,0.2,0.415,100.0,84.62,92.21,0.9167,6,0,,,,,
server_ensemble_weight_sweep,0.6,0.2,0.2,0.42,100.0,84.62,92.21,0.9167,6,0,,,,,
server_ensemble_weight_sweep,0.6,0.2,0.2,0.425,100.0,84.62,92.21,0.9167,6,0,,,,,
server_ensemble_weight_sweep,0.6,0.2,0.2,0.43,100.0,84.62,92.21,0.9167,6,0,,,,,
server_ensemble_weight_sweep,0.6,0.2,0.2,0.435,100.0,84.62,92.21,0.9167,6,0,,,,,
server_ensemble_weight_sweep,0.6,0.2,0.2,0.44,100.0,84.62,92.21,0.9167,6,0,,,,,
server_ensemble_weight_sweep,0.6,0.2,0.2,0.445,100.0,84.62,92.21,0.9167,6,0,,,,,
server_ensemble_weight_sweep,0.6,0.2,0.2,0.45,100.0,84.62,92.21,0.9167,6,0,,,,,
server_ensemble_weight_sweep,0.6,0.2,0.2,0.455,100.0,84.62,92.21,0.9167,6,0,,,,,
server_ensemble_weight_sweep,0.6,0.2,0.2,0.46,100.0,84.62,92.21,0.9167,6,0,,,,,
server_ensemble_weight_sweep,0.6,0.2,0.2,0.465,100.0,84.62,92.21,0.9167,6,0,,,,,
server_ensemble_weight_sweep,0.6,0.2,0.2,0.47,100.0,84.62,92.21,0.9167,6,0,,,,,
server_ensemble_weight_sweep,0.6,0.2,0.2,0.475,100.0,84.62,92.21,0.9167,6,0,,,,,
server_ensemble_weight_sweep,0.6,0.2,0.2,0.48,100.0,84.62,92.21,0.9167,6,0,,,,,
server_ensemble_weight_sweep,0.6,0.2,0.2,0.485,100.0,84.62,92.21,0.9167,6,0,,,,,
server_ensemble_weight_sweep,0.6,0.2,0.2,0.49,100.0,84.62,92.21,0.9167,6,0,,,,,
server_ensemble_weight_sweep,0.6,0.2,0.2,0.495,100.0,84.62,92.21,0.9167,6,0,,,,,
server_ensemble_weight_sweep,0.6,0.2,0.2,0.5,100.0,84.62,92.21,0.9167,6,0,,,,,
server_ensemble_weight_sweep,0.6,0.2,0.2,0.505,100.0,84.62,92.21,0.9167,6,0,,,,,
server_ensemble_weight_sweep,0.6,0.2,0.2,0.51,100.0,84.62,92.21,0.9167,6,0,,,,,
server_ensemble_weight_sweep,0.6,0.2,0.2,0.515,100.0,84.62,92.21,0.9167,6,0,,,,,
server_ensemble_weight_sweep,0.6,0.2,0.2,0.52,100.0,84.62,92.21,0.9167,6,0,,,,,
server_ensemble_weight_sweep,0.6,0.2,0.2,0.525,100.0,84.62,92.21,0.9167,6,0,,,,,
server_ensemble_weight_sweep,0.6,0.2,0.2,0.53,100.0,84.62,92.21,0.9167,6,0,,,,,
server_ensemble_weight_sweep,0.6,0.2,0.2,0.535,100.0,84.62,92.21,0.9167,6,0,,,,,
server_ensemble_weight_sweep,0.6,0.2,0.2,0.54,100.0,84.62,92.21,0.9167,6,0,,,,,
server_ensemble_weight_sweep,0.6,0.2,0.2,0.545,100.0,84.62,92.21,0.9167,6,0,,,,,
server_ensemble_weight_sweep,0.6,0.2,0.2,0.55,100.0,84.62,92.21,0.9167,6,0,,,,,
server_ensemble_weight_sweep,0.6,0.2,0.2,0.555,100.0,84.62,92.21,0.9167,6,0,,,,,
server_ensemble_weight_sweep,0.6,0.2,0.2,0.56,100.0,84.62,92.21,0.9167,6,0,,,,,
server_ensemble_weight_sweep,0.6,0.2,0.2,0.565,100.0,84.62,92.21,0.9167,6,0,,,,,
server_ensemble_weight_sweep,0.6,0.2,0.2,0.57,100.0,84.62,92.21,0.9167,6,0,,,,,
server_ensemble_weight_sweep,0.6,0.2,0.2,0.575,100.0,84.62,92.21,0.9167,6,0,,,,,
server_ensemble_weight_sweep,0.6,0.2,0.2,0.58,100.0,84.62,92.21,0.9167,6,0,,,,,
server_ensemble_weight_sweep,0.6,0.2,0.2,0.585,100.0,84.62,92.21,0.9167,6,0,,,,,
server_ensemble_weight_sweep,0.6,0.2,0.2,0.59,100.0,84.62,92.21,0.9167,6,0,,,,,
server_ensemble_weight_sweep,0.6,0.2,0.2,0.595,100.0,84.62,92.21,0.9167,6,0,,,,,
server_ensemble_weight_sweep,0.6,0.2,0.2,0.6,100.0,94.29,97.4,0.9706,2,0,,,,,
server_ensemble_weight_sweep,0.6,0.2,0.2,0.605,96.97,94.12,96.1,0.9552,2,1,,,,,
server_ensemble_weight_sweep,0.6,0.2,0.2,0.61,96.97,94.12,96.1,0.9552,2,1,,,,,
server_ensemble_weight_sweep,0.6,0.2,0.2,0.615,96.97,94.12,96.1,0.9552,2,1,,,,,
server_ensemble_weight_sweep,0.6,0.2,0.2,0.62,96.97,94.12,96.1,0.9552,2,1,,,,,
server_ensemble_weight_sweep,0.6,0.2,0.2,0.625,96.97,94.12,96.1,0.9552,2,1,,,,,
server_ensemble_weight_sweep,0.6,0.2,0.2,0.63,96.97,94.12,96.1,0.9552,2,1,,,,,
server_ensemble_weight_sweep,0.6,0.2,0.2,0.635,96.97,94.12,96.1,0.9552,2,1,,,,,
server_ensemble_weight_sweep,0.6,0.2,0.2,0.64,96.97,94.12,96.1,0.9552,2,1,,,,,
server_ensemble_weight_sweep,0.6,0.2,0.2,0.645,96.97,94.12,96.1,0.9552,2,1,,,,,
server_ensemble_weight_sweep,0.6,0.2,0.2,0.65,96.97,94.12,96.1,0.9552,2,1,,,,,
server_ensemble_weight_sweep,0.6,0.2,0.2,0.655,96.97,94.12,96.1,0.9552,2,1,,,,,
server_ensemble_weight_sweep,0.6,0.2,0.2,0.66,96.97,94.12,96.1,0.9552,2,1,,,,,
server_ensemble_weight_sweep,0.6,0.2,0.2,0.665,96.97,94.12,96.1,0.9552,2,1,,,,,
server_ensemble_weight_sweep,0.6,0.2,0.2,0.67,96.97,94.12,96.1,0.9552,2,1,,,,,
server_ensemble_weight_sweep,0.6,0.2,0.2,0.675,96.97,94.12,96.1,0.9552,2,1,,,,,
server_ensemble_weight_sweep,0.6,0.2,0.2,0.68,96.97,94.12,96.1,0.9552,2,1,,,,,
server_ensemble_weight_sweep,0.6,0.2,0.2,0.685,96.97,94.12,96.1,0.9552,2,1,,,,,
server_ensemble_weight_sweep,0.6,0.2,0.2,0.69,96.97,96.97,97.4,0.9697,1,1,,,,,
server_ensemble_weight_sweep,0.6,0.2,0.2,0.695,96.97,96.97,97.4,0.9697,1,1,,,,,
server_ensemble_weight_sweep,0.6,0.2,0.2,0.7,96.97,96.97,97.4,0.9697,1,1,,,,,
server_ensemble_weight_sweep,0.33,0.33,0.34,0.35,100.0,91.67,96.1,0.9565,3,0,,,,,
server_ensemble_weight_sweep,0.33,0.33,0.34,0.355,100.0,91.67,96.1,0.9565,3,0,,,,,
server_ensemble_weight_sweep,0.33,0.33,0.34,0.36,100.0,91.67,96.1,0.9565,3,0,,,,,
server_ensemble_weight_sweep,0.33,0.33,0.34,0.365,100.0,91.67,96.1,0.9565,3,0,,,,,
server_ensemble_weight_sweep,0.33,0.33,0.34,0.37,100.0,91.67,96.1,0.9565,3,0,,,,,
server_ensemble_weight_sweep,0.33,0.33,0.34,0.375,100.0,94.29,97.4,0.9706,2,0,,,,,
server_ensemble_weight_sweep,0.33,0.33,0.34,0.38,100.0,94.29,97.4,0.9706,2,0,,,,,
server_ensemble_weight_sweep,0.33,0.33,0.34,0.385,100.0,94.29,97.4,0.9706,2,0,,,,,
server_ensemble_weight_sweep,0.33,0.33,0.34,0.39,100.0,94.29,97.4,0.9706,2,0,,,,,
server_ensemble_weight_sweep,0.33,0.33,0.34,0.395,100.0,94.29,97.4,0.9706,2,0,,,,,
server_ensemble_weight_sweep,0.33,0.33,0.34,0.4,100.0,94.29,97.4,0.9706,2,0,,,,,
server_ensemble_weight_sweep,0.33,0.33,0.34,0.405,100.0,94.29,97.4,0.9706,2,0,,,,,
server_ensemble_weight_sweep,0.33,0.33,0.34,0.41,100.0,94.29,97.4,0.9706,2,0,,,,,
server_ensemble_weight_sweep,0.33,0.33,0.34,0.415,100.0,94.29,97.4,0.9706,2,0,,,,,
server_ensemble_weight_sweep,0.33,0.33,0.34,0.42,100.0,94.29,97.4,0.9706,2,0,,,,,
server_ensemble_weight_sweep,0.33,0.33,0.34,0.425,100.0,94.29,97.4,0.9706,2,0,,,,,
server_ensemble_weight_sweep,0.33,0.33,0.34,0.43,100.0,94.29,97.4,0.9706,2,0,,,,,
server_ensemble_weight_sweep,0.33,0.33,0.34,0.435,100.0,94.29,97.4,0.9706,2,0,,,,,
server_ensemble_weight_sweep,0.33,0.33,0.34,0.44,100.0,94.29,97.4,0.9706,2,0,,,,,
server_ensemble_weight_sweep,0.33,0.33,0.34,0.445,100.0,94.29,97.4,0.9706,2,0,,,,,
server_ensemble_weight_sweep,0.33,0.33,0.34,0.45,100.0,94.29,97.4,0.9706,2,0,,,,,
server_ensemble_weight_sweep,0.33,0.33,0.34,0.455,100.0,94.29,97.4,0.9706,2,0,,,,,
server_ensemble_weight_sweep,0.33,0.33,0.34,0.46,100.0,94.29,97.4,0.9706,2,0,,,,,
server_ensemble_weight_sweep,0.33,0.33,0.34,0.465,100.0,94.29,97.4,0.9706,2,0,,,,,
server_ensemble_weight_sweep,0.33,0.33,0.34,0.47,100.0,94.29,97.4,0.9706,2,0,,,,,
server_ensemble_weight_sweep,0.33,0.33,0.34,0.475,100.0,94.29,97.4,0.9706,2,0,,,,,
server_ensemble_weight_sweep,0.33,0.33,0.34,0.48,100.0,94.29,97.4,0.9706,2,0,,,,,
server_ensemble_weight_sweep,0.33,0.33,0.34,0.485,100.0,94.29,97.4,0.9706,2,0,,,,,
server_ensemble_weight_sweep,0.33,0.33,0.34,0.49,100.0,94.29,97.4,0.9706,2,0,,,,,
server_ensemble_weight_sweep,0.33,0.33,0.34,0.495,100.0,94.29,97.4,0.9706,2,0,,,,,
server_ensemble_weight_sweep,0.33,0.33,0.34,0.5,100.0,94.29,97.4,0.9706,2,0,,,,,
server_ensemble_weight_sweep,0.33,0.33,0.34,0.505,100.0,94.29,97.4,0.9706,2,0,,,,,
server_ensemble_weight_sweep,0.33,0.33,0.34,0.51,100.0,94.29,97.4,0.9706,2,0,,,,,
server_ensemble_weight_sweep,0.33,0.33,0.34,0.515,100.0,94.29,97.4,0.9706,2,0,,,,,
server_ensemble_weight_sweep,0.33,0.33,0.34,0.52,100.0,94.29,97.4,0.9706,2,0,,,,,
server_ensemble_weight_sweep,0.33,0.33,0.34,0.525,100.0,94.29,97.4,0.9706,2,0,,,,,
server_ensemble_weight_sweep,0.33,0.33,0.34,0.53,100.0,94.29,97.4,0.9706,2,0,,,,,
server_ensemble_weight_sweep,0.33,0.33,0.34,0.535,100.0,94.29,97.4,0.9706,2,0,,,,,
server_ensemble_weight_sweep,0.33,0.33,0.34,0.54,100.0,94.29,97.4,0.9706,2,0,,,,,
server_ensemble_weight_sweep,0.33,0.33,0.34,0.545,100.0,94.29,97.4,0.9706,2,0,,,,,
server_ensemble_weight_sweep,0.33,0.33,0.34,0.55,100.0,94.29,97.4,0.9706,2,0,,,,,
server_ensemble_weight_sweep,0.33,0.33,0.34,0.555,100.0,94.29,97.4,0.9706,2,0,,,,,
server_ensemble_weight_sweep,0.33,0.33,0.34,0.56,100.0,94.29,97.4,0.9706,2,0,,,,,
server_ensemble_weight_sweep,0.33,0.33,0.34,0.565,100.0,94.29,97.4,0.9706,2,0,,,,,
server_ensemble_weight_sweep,0.33,0.33,0.34,0.57,100.0,94.29,97.4,0.9706,2,0,,,,,
server_ensemble_weight_sweep,0.33,0.33,0.34,0.575,100.0,94.29,97.4,0.9706,2,0,,,,,
server_ensemble_weight_sweep,0.33,0.33,0.34,0.58,96.97,94.12,96.1,0.9552,2,1,,,,,
server_ensemble_weight_sweep,0.33,0.33,0.34,0.585,96.97,94.12,96.1,0.9552,2,1,,,,,
server_ensemble_weight_sweep,0.33,0.33,0.34,0.59,96.97,94.12,96.1,0.9552,2,1,,,,,
server_ensemble_weight_sweep,0.33,0.33,0.34,0.595,96.97,94.12,96.1,0.9552,2,1,,,,,
server_ensemble_weight_sweep,0.33,0.33,0.34,0.6,96.97,94.12,96.1,0.9552,2,1,,,,,
server_ensemble_weight_sweep,0.33,0.33,0.34,0.605,96.97,94.12,96.1,0.9552,2,1,,,,,
server_ensemble_weight_sweep,0.33,0.33,0.34,0.61,96.97,94.12,96.1,0.9552,2,1,,,,,
server_ensemble_weight_sweep,0.33,0.33,0.34,0.615,96.97,94.12,96.1,0.9552,2,1,,,,,
server_ensemble_weight_sweep,0.33,0.33,0.34,0.62,96.97,94.12,96.1,0.9552,2,1,,,,,
server_ensemble_weight_sweep,0.33,0.33,0.34,0.625,96.97,94.12,96.1,0.9552,2,1,,,,,
server_ensemble_weight_sweep,0.33,0.33,0.34,0.63,93.94,93.94,94.81,0.9394,2,2,,,,,
server_ensemble_weight_sweep,0.33,0.33,0.34,0.635,93.94,93.94,94.81,0.9394,2,2,,,,,
server_ensemble_weight_sweep,0.33,0.33,0.34,0.64,93.94,93.94,94.81,0.9394,2,2,,,,,
server_ensemble_weight_sweep,0.33,0.33,0.34,0.645,93.94,93.94,94.81,0.9394,2,2,,,,,
server_ensemble_weight_sweep,0.33,0.33,0.34,0.65,90.91,93.75,93.51,0.9231,2,3,,,,,
server_ensemble_weight_sweep,0.33,0.33,0.34,0.655,87.88,96.67,93.51,0.9206,1,4,,,,,
server_ensemble_weight_sweep,0.33,0.33,0.34,0.66,78.79,100.0,90.91,0.8814,0,7,,,,,
server_ensemble_weight_sweep,0.33,0.33,0.34,0.665,75.76,100.0,89.61,0.8621,0,8,,,,,
server_ensemble_weight_sweep,0.33,0.33,0.34,0.67,75.76,100.0,89.61,0.8621,0,8,,,,,
server_ensemble_weight_sweep,0.33,0.33,0.34,0.675,75.76,100.0,89.61,0.8621,0,8,,,,,
server_ensemble_weight_sweep,0.33,0.33,0.34,0.68,75.76,100.0,89.61,0.8621,0,8,,,,,
server_ensemble_weight_sweep,0.33,0.33,0.34,0.685,75.76,100.0,89.61,0.8621,0,8,,,,,
server_ensemble_weight_sweep,0.33,0.33,0.34,0.69,75.76,100.0,89.61,0.8621,0,8,,,,,
server_ensemble_weight_sweep,0.33,0.33,0.34,0.695,75.76,100.0,89.61,0.8621,0,8,,,,,
server_ensemble_weight_sweep,0.33,0.33,0.34,0.7,75.76,100.0,89.61,0.8621,0,8,,,,,
server_ensemble_weight_sweep,0.4,0.3,0.3,0.35,100.0,84.62,92.21,0.9167,6,0,,,,,
server_ensemble_weight_sweep,0.4,0.3,0.3,0.355,100.0,84.62,92.21,0.9167,6,0,,,,,
server_ensemble_weight_sweep,0.4,0.3,0.3,0.36,100.0,84.62,92.21,0.9167,6,0,,,,,
server_ensemble_weight_sweep,0.4,0.3,0.3,0.365,100.0,84.62,92.21,0.9167,6,0,,,,,
server_ensemble_weight_sweep,0.4,0.3,0.3,0.37,100.0,84.62,92.21,0.9167,6,0,,,,,
server_ensemble_weight_sweep,0.4,0.3,0.3,0.375,100.0,84.62,92.21,0.9167,6,0,,,,,
server_ensemble_weight_sweep,0.4,0.3,0.3,0.38,100.0,84.62,92.21,0.9167,6,0,,,,,
server_ensemble_weight_sweep,0.4,0.3,0.3,0.385,100.0,84.62,92.21,0.9167,6,0,,,,,
server_ensemble_weight_sweep,0.4,0.3,0.3,0.39,100.0,84.62,92.21,0.9167,6,0,,,,,
server_ensemble_weight_sweep,0.4,0.3,0.3,0.395,100.0,84.62,92.21,0.9167,6,0,,,,,
server_ensemble_weight_sweep,0.4,0.3,0.3,0.4,100.0,94.29,97.4,0.9706,2,0,,,,,
server_ensemble_weight_sweep,0.4,0.3,0.3,0.405,100.0,94.29,97.4,0.9706,2,0,,,,,
server_ensemble_weight_sweep,0.4,0.3,0.3,0.41,100.0,94.29,97.4,0.9706,2,0,,,,,
server_ensemble_weight_sweep,0.4,0.3,0.3,0.415,100.0,94.29,97.4,0.9706,2,0,,,,,
server_ensemble_weight_sweep,0.4,0.3,0.3,0.42,100.0,94.29,97.4,0.9706,2,0,,,,,
server_ensemble_weight_sweep,0.4,0.3,0.3,0.425,100.0,94.29,97.4,0.9706,2,0,,,,,
server_ensemble_weight_sweep,0.4,0.3,0.3,0.43,100.0,94.29,97.4,0.9706,2,0,,,,,
server_ensemble_weight_sweep,0.4,0.3,0.3,0.435,100.0,94.29,97.4,0.9706,2,0,,,,,
server_ensemble_weight_sweep,0.4,0.3,0.3,0.44,100.0,94.29,97.4,0.9706,2,0,,,,,
server_ensemble_weight_sweep,0.4,0.3,0.3,0.445,100.0,94.29,97.4,0.9706,2,0,,,,,
server_ensemble_weight_sweep,0.4,0.3,0.3,0.45,100.0,94.29,97.4,0.9706,2,0,,,,,
server_ensemble_weight_sweep,0.4,0.3,0.3,0.455,100.0,94.29,97.4,0.9706,2,0,,,,,
server_ensemble_weight_sweep,0.4,0.3,0.3,0.46,100.0,94.29,97.4,0.9706,2,0,,,,,
server_ensemble_weight_sweep,0.4,0.3,0.3,0.465,100.0,94.29,97.4,0.9706,2,0,,,,,
server_ensemble_weight_sweep,0.4,0.3,0.3,0.47,100.0,94.29,97.4,0.9706,2,0,,,,,
server_ensemble_weight_sweep,0.4,0.3,0.3,0.475,100.0,94.29,97.4,0.9706,2,0,,,,,
server_ensemble_weight_sweep,0.4,0.3,0.3,0.48,100.0,94.29,97.4,0.9706,2,0,,,,,
server_ensemble_weight_sweep,0.4,0.3,0.3,0.485,100.0,94.29,97.4,0.9706,2,0,,,,,
server_ensemble_weight_sweep,0.4,0.3,0.3,0.49,100.0,94.29,97.4,0.9706,2,0,,,,,
server_ensemble_weight_sweep,0.4,0.3,0.3,0.495,100.0,94.29,97.4,0.9706,2,0,,,,,
server_ensemble_weight_sweep,0.4,0.3,0.3,0.5,100.0,94.29,97.4,0.9706,2,0,,,,,
server_ensemble_weight_sweep,0.4,0.3,0.3,0.505,100.0,94.29,97.4,0.9706,2,0,,,,,
server_ensemble_weight_sweep,0.4,0.3,0.3,0.51,100.0,94.29,97.4,0.9706,2,0,,,,,
server_ensemble_weight_sweep,0.4,0.3,0.3,0.515,100.0,94.29,97.4,0.9706,2,0,,,,,
server_ensemble_weight_sweep,0.4,0.3,0.3,0.52,100.0,94.29,97.4,0.9706,2,0,,,,,
server_ensemble_weight_sweep,0.4,0.3,0.3,0.525,100.0,94.29,97.4,0.9706,2,0,,,,,
server_ensemble_weight_sweep,0.4,0.3,0.3,0.53,100.0,94.29,97.4,0.9706,2,0,,,,,
server_ensemble_weight_sweep,0.4,0.3,0.3,0.535,100.0,94.29,97.4,0.9706,2,0,,,,,
server_ensemble_weight_sweep,0.4,0.3,0.3,0.54,100.0,94.29,97.4,0.9706,2,0,,,,,
server_ensemble_weight_sweep,0.4,0.3,0.3,0.545,100.0,94.29,97.4,0.9706,2,0,,,,,
server_ensemble_weight_sweep,0.4,0.3,0.3,0.55,100.0,94.29,97.4,0.9706,2,0,,,,,
server_ensemble_weight_sweep,0.4,0.3,0.3,0.555,100.0,94.29,97.4,0.9706,2,0,,,,,
server_ensemble_weight_sweep,0.4,0.3,0.3,0.56,100.0,94.29,97.4,0.9706,2,0,,,,,
server_ensemble_weight_sweep,0.4,0.3,0.3,0.565,100.0,94.29,97.4,0.9706,2,0,,,,,
server_ensemble_weight_sweep,0.4,0.3,0.3,0.57,100.0,94.29,97.4,0.9706,2,0,,,,,
server_ensemble_weight_sweep,0.4,0.3,0.3,0.575,100.0,94.29,97.4,0.9706,2,0,,,,,
server_ensemble_weight_sweep,0.4,0.3,0.3,0.58,96.97,94.12,96.1,0.9552,2,1,,,,,
server_ensemble_weight_sweep,0.4,0.3,0.3,0.585,96.97,94.12,96.1,0.9552,2,1,,,,,
server_ensemble_weight_sweep,0.4,0.3,0.3,0.59,96.97,94.12,96.1,0.9552,2,1,,,,,
server_ensemble_weight_sweep,0.4,0.3,0.3,0.595,96.97,94.12,96.1,0.9552,2,1,,,,,
server_ensemble_weight_sweep,0.4,0.3,0.3,0.6,96.97,94.12,96.1,0.9552,2,1,,,,,
server_ensemble_weight_sweep,0.4,0.3,0.3,0.605,96.97,94.12,96.1,0.9552,2,1,,,,,
server_ensemble_weight_sweep,0.4,0.3,0.3,0.61,96.97,94.12,96.1,0.9552,2,1,,,,,
server_ensemble_weight_sweep,0.4,0.3,0.3,0.615,96.97,94.12,96.1,0.9552,2,1,,,,,
server_ensemble_weight_sweep,0.4,0.3,0.3,0.62,96.97,94.12,96.1,0.9552,2,1,,,,,
server_ensemble_weight_sweep,0.4,0.3,0.3,0.625,96.97,94.12,96.1,0.9552,2,1,,,,,
server_ensemble_weight_sweep,0.4,0.3,0.3,0.63,96.97,94.12,96.1,0.9552,2,1,,,,,
server_ensemble_weight_sweep,0.4,0.3,0.3,0.635,96.97,94.12,96.1,0.9552,2,1,,,,,
server_ensemble_weight_sweep,0.4,0.3,0.3,0.64,96.97,94.12,96.1,0.9552,2,1,,,,,
server_ensemble_weight_sweep,0.4,0.3,0.3,0.645,96.97,94.12,96.1,0.9552,2,1,,,,,
server_ensemble_weight_sweep,0.4,0.3,0.3,0.65,96.97,94.12,96.1,0.9552,2,1,,,,,
server_ensemble_weight_sweep,0.4,0.3,0.3,0.655,96.97,94.12,96.1,0.9552,2,1,,,,,
server_ensemble_weight_sweep,0.4,0.3,0.3,0.66,96.97,94.12,96.1,0.9552,2,1,,,,,
server_ensemble_weight_sweep,0.4,0.3,0.3,0.665,93.94,93.94,94.81,0.9394,2,2,,,,,
server_ensemble_weight_sweep,0.4,0.3,0.3,0.67,93.94,96.88,96.1,0.9538,1,2,,,,,
server_ensemble_weight_sweep,0.4,0.3,0.3,0.675,93.94,96.88,96.1,0.9538,1,2,,,,,
server_ensemble_weight_sweep,0.4,0.3,0.3,0.68,93.94,96.88,96.1,0.9538,1,2,,,,,
server_ensemble_weight_sweep,0.4,0.3,0.3,0.685,93.94,96.88,96.1,0.9538,1,2,,,,,
server_ensemble_weight_sweep,0.4,0.3,0.3,0.69,90.91,96.77,94.81,0.9375,1,3,,,,,
server_ensemble_weight_sweep,0.4,0.3,0.3,0.695,87.88,100.0,94.81,0.9355,0,4,,,,,
server_ensemble_weight_sweep,0.4,0.3,0.3,0.7,78.79,100.0,90.91,0.8814,0,7,,,,,
server_ensemble_weight_sweep,0.25,0.5,0.25,0.35,100.0,78.57,88.31,0.88,9,0,,,,,
server_ensemble_weight_sweep,0.25,0.5,0.25,0.355,100.0,78.57,88.31,0.88,9,0,,,,,
server_ensemble_weight_sweep,0.25,0.5,0.25,0.36,100.0,78.57,88.31,0.88,9,0,,,,,
server_ensemble_weight_sweep,0.25,0.5,0.25,0.365,100.0,78.57,88.31,0.88,9,0,,,,,
server_ensemble_weight_sweep,0.25,0.5,0.25,0.37,100.0,78.57,88.31,0.88,9,0,,,,,
server_ensemble_weight_sweep,0.25,0.5,0.25,0.375,100.0,78.57,88.31,0.88,9,0,,,,,
server_ensemble_weight_sweep,0.25,0.5,0.25,0.38,100.0,78.57,88.31,0.88,9,0,,,,,
server_ensemble_weight_sweep,0.25,0.5,0.25,0.385,100.0,78.57,88.31,0.88,9,0,,,,,
server_ensemble_weight_sweep,0.25,0.5,0.25,0.39,100.0,78.57,88.31,0.88,9,0,,,,,
server_ensemble_weight_sweep,0.25,0.5,0.25,0.395,100.0,78.57,88.31,0.88,9,0,,,,,
server_ensemble_weight_sweep,0.25,0.5,0.25,0.4,100.0,78.57,88.31,0.88,9,0,,,,,
server_ensemble_weight_sweep,0.25,0.5,0.25,0.405,100.0,78.57,88.31,0.88,9,0,,,,,
server_ensemble_weight_sweep,0.25,0.5,0.25,0.41,100.0,78.57,88.31,0.88,9,0,,,,,
server_ensemble_weight_sweep,0.25,0.5,0.25,0.415,100.0,78.57,88.31,0.88,9,0,,,,,
server_ensemble_weight_sweep,0.25,0.5,0.25,0.42,100.0,78.57,88.31,0.88,9,0,,,,,
server_ensemble_weight_sweep,0.25,0.5,0.25,0.425,100.0,78.57,88.31,0.88,9,0,,,,,
server_ensemble_weight_sweep,0.25,0.5,0.25,0.43,100.0,78.57,88.31,0.88,9,0,,,,,
server_ensemble_weight_sweep,0.25,0.5,0.25,0.435,100.0,78.57,88.31,0.88,9,0,,,,,
server_ensemble_weight_sweep,0.25,0.5,0.25,0.44,100.0,78.57,88.31,0.88,9,0,,,,,
server_ensemble_weight_sweep,0.25,0.5,0.25,0.445,96.97,78.05,87.01,0.8649,9,1,,,,,
server_ensemble_weight_sweep,0.25,0.5,0.25,0.45,96.97,78.05,87.01,0.8649,9,1,,,,,
server_ensemble_weight_sweep,0.25,0.5,0.25,0.455,96.97,78.05,87.01,0.8649,9,1,,,,,
server_ensemble_weight_sweep,0.25,0.5,0.25,0.46,96.97,78.05,87.01,0.8649,9,1,,,,,
server_ensemble_weight_sweep,0.25,0.5,0.25,0.465,96.97,78.05,87.01,0.8649,9,1,,,,,
server_ensemble_weight_sweep,0.25,0.5,0.25,0.47,96.97,78.05,87.01,0.8649,9,1,,,,,
server_ensemble_weight_sweep,0.25,0.5,0.25,0.475,96.97,78.05,87.01,0.8649,9,1,,,,,
server_ensemble_weight_sweep,0.25,0.5,0.25,0.48,96.97,78.05,87.01,0.8649,9,1,,,,,
server_ensemble_weight_sweep,0.25,0.5,0.25,0.485,96.97,78.05,87.01,0.8649,9,1,,,,,
server_ensemble_weight_sweep,0.25,0.5,0.25,0.49,96.97,78.05,87.01,0.8649,9,1,,,,,
server_ensemble_weight_sweep,0.25,0.5,0.25,0.495,96.97,78.05,87.01,0.8649,9,1,,,,,
server_ensemble_weight_sweep,0.25,0.5,0.25,0.5,96.97,82.05,89.61,0.8889,7,1,,,,,
server_ensemble_weight_sweep,0.25,0.5,0.25,0.505,96.97,94.12,96.1,0.9552,2,1,,,,,
server_ensemble_weight_sweep,0.25,0.5,0.25,0.51,96.97,94.12,96.1,0.9552,2,1,,,,,
server_ensemble_weight_sweep,0.25,0.5,0.25,0.515,96.97,94.12,96.1,0.9552,2,1,,,,,
server_ensemble_weight_sweep,0.25,0.5,0.25,0.52,96.97,94.12,96.1,0.9552,2,1,,,,,
server_ensemble_weight_sweep,0.25,0.5,0.25,0.525,96.97,94.12,96.1,0.9552,2,1,,,,,
server_ensemble_weight_sweep,0.25,0.5,0.25,0.53,96.97,94.12,96.1,0.9552,2,1,,,,,
server_ensemble_weight_sweep,0.25,0.5,0.25,0.535,96.97,94.12,96.1,0.9552,2,1,,,,,
server_ensemble_weight_sweep,0.25,0.5,0.25,0.54,96.97,94.12,96.1,0.9552,2,1,,,,,
server_ensemble_weight_sweep,0.25,0.5,0.25,0.545,96.97,94.12,96.1,0.9552,2,1,,,,,
server_ensemble_weight_sweep,0.25,0.5,0.25,0.55,96.97,94.12,96.1,0.9552,2,1,,,,,
server_ensemble_weight_sweep,0.25,0.5,0.25,0.555,96.97,94.12,96.1,0.9552,2,1,,,,,
server_ensemble_weight_sweep,0.25,0.5,0.25,0.56,96.97,94.12,96.1,0.9552,2,1,,,,,
server_ensemble_weight_sweep,0.25,0.5,0.25,0.565,96.97,94.12,96.1,0.9552,2,1,,,,,
server_ensemble_weight_sweep,0.25,0.5,0.25,0.57,96.97,94.12,96.1,0.9552,2,1,,,,,
server_ensemble_weight_sweep,0.25,0.5,0.25,0.575,96.97,94.12,96.1,0.9552,2,1,,,,,
server_ensemble_weight_sweep,0.25,0.5,0.25,0.58,96.97,94.12,96.1,0.9552,2,1,,,,,
server_ensemble_weight_sweep,0.25,0.5,0.25,0.585,96.97,94.12,96.1,0.9552,2,1,,,,,
server_ensemble_weight_sweep,0.25,0.5,0.25,0.59,96.97,94.12,96.1,0.9552,2,1,,,,,
server_ensemble_weight_sweep,0.25,0.5,0.25,0.595,96.97,94.12,96.1,0.9552,2,1,,,,,
server_ensemble_weight_sweep,0.25,0.5,0.25,0.6,96.97,94.12,96.1,0.9552,2,1,,,,,
server_ensemble_weight_sweep,0.25,0.5,0.25,0.605,96.97,94.12,96.1,0.9552,2,1,,,,,
server_ensemble_weight_sweep,0.25,0.5,0.25,0.61,96.97,94.12,96.1,0.9552,2,1,,,,,
server_ensemble_weight_sweep,0.25,0.5,0.25,0.615,96.97,94.12,96.1,0.9552,2,1,,,,,
server_ensemble_weight_sweep,0.25,0.5,0.25,0.62,96.97,94.12,96.1,0.9552,2,1,,,,,
server_ensemble_weight_sweep,0.25,0.5,0.25,0.625,96.97,94.12,96.1,0.9552,2,1,,,,,
server_ensemble_weight_sweep,0.25,0.5,0.25,0.63,96.97,94.12,96.1,0.9552,2,1,,,,,
server_ensemble_weight_sweep,0.25,0.5,0.25,0.635,96.97,94.12,96.1,0.9552,2,1,,,,,
server_ensemble_weight_sweep,0.25,0.5,0.25,0.64,96.97,94.12,96.1,0.9552,2,1,,,,,
server_ensemble_weight_sweep,0.25,0.5,0.25,0.645,96.97,94.12,96.1,0.9552,2,1,,,,,
server_ensemble_weight_sweep,0.25,0.5,0.25,0.65,96.97,94.12,96.1,0.9552,2,1,,,,,
server_ensemble_weight_sweep,0.25,0.5,0.25,0.655,96.97,94.12,96.1,0.9552,2,1,,,,,
server_ensemble_weight_sweep,0.25,0.5,0.25,0.66,96.97,94.12,96.1,0.9552,2,1,,,,,
server_ensemble_weight_sweep,0.25,0.5,0.25,0.665,96.97,94.12,96.1,0.9552,2,1,,,,,
server_ensemble_weight_sweep,0.25,0.5,0.25,0.67,96.97,94.12,96.1,0.9552,2,1,,,,,
server_ensemble_weight_sweep,0.25,0.5,0.25,0.675,96.97,94.12,96.1,0.9552,2,1,,,,,
server_ensemble_weight_sweep,0.25,0.5,0.25,0.68,96.97,94.12,96.1,0.9552,2,1,,,,,
server_ensemble_weight_sweep,0.25,0.5,0.25,0.685,96.97,94.12,96.1,0.9552,2,1,,,,,
server_ensemble_weight_sweep,0.25,0.5,0.25,0.69,96.97,94.12,96.1,0.9552,2,1,,,,,
server_ensemble_weight_sweep,0.25,0.5,0.25,0.695,96.97,94.12,96.1,0.9552,2,1,,,,,
server_ensemble_weight_sweep,0.25,0.5,0.25,0.7,96.97,94.12,96.1,0.9552,2,1,,,,,
server_ensemble_weight_sweep,0.2,0.4,0.4,0.35,100.0,76.74,87.01,0.8684,10,0,,,,,
server_ensemble_weight_sweep,0.2,0.4,0.4,0.355,100.0,76.74,87.01,0.8684,10,0,,,,,
server_ensemble_weight_sweep,0.2,0.4,0.4,0.36,100.0,76.74,87.01,0.8684,10,0,,,,,
server_ensemble_weight_sweep,0.2,0.4,0.4,0.365,100.0,76.74,87.01,0.8684,10,0,,,,,
server_ensemble_weight_sweep,0.2,0.4,0.4,0.37,100.0,76.74,87.01,0.8684,10,0,,,,,
server_ensemble_weight_sweep,0.2,0.4,0.4,0.375,100.0,76.74,87.01,0.8684,10,0,,,,,
server_ensemble_weight_sweep,0.2,0.4,0.4,0.38,100.0,76.74,87.01,0.8684,10,0,,,,,
server_ensemble_weight_sweep,0.2,0.4,0.4,0.385,100.0,76.74,87.01,0.8684,10,0,,,,,
server_ensemble_weight_sweep,0.2,0.4,0.4,0.39,100.0,76.74,87.01,0.8684,10,0,,,,,
server_ensemble_weight_sweep,0.2,0.4,0.4,0.395,100.0,76.74,87.01,0.8684,10,0,,,,,
server_ensemble_weight_sweep,0.2,0.4,0.4,0.4,100.0,80.49,89.61,0.8919,8,0,,,,,
server_ensemble_weight_sweep,0.2,0.4,0.4,0.405,100.0,91.67,96.1,0.9565,3,0,,,,,
server_ensemble_weight_sweep,0.2,0.4,0.4,0.41,100.0,91.67,96.1,0.9565,3,0,,,,,
server_ensemble_weight_sweep,0.2,0.4,0.4,0.415,100.0,91.67,96.1,0.9565,3,0,,,,,
server_ensemble_weight_sweep,0.2,0.4,0.4,0.42,100.0,94.29,97.4,0.9706,2,0,,,,,
server_ensemble_weight_sweep,0.2,0.4,0.4,0.425,100.0,94.29,97.4,0.9706,2,0,,,,,
server_ensemble_weight_sweep,0.2,0.4,0.4,0.43,100.0,94.29,97.4,0.9706,2,0,,,,,
server_ensemble_weight_sweep,0.2,0.4,0.4,0.435,100.0,94.29,97.4,0.9706,2,0,,,,,
server_ensemble_weight_sweep,0.2,0.4,0.4,0.44,100.0,94.29,97.4,0.9706,2,0,,,,,
server_ensemble_weight_sweep,0.2,0.4,0.4,0.445,100.0,94.29,97.4,0.9706,2,0,,,,,
server_ensemble_weight_sweep,0.2,0.4,0.4,0.45,100.0,94.29,97.4,0.9706,2,0,,,,,
server_ensemble_weight_sweep,0.2,0.4,0.4,0.455,100.0,94.29,97.4,0.9706,2,0,,,,,
server_ensemble_weight_sweep,0.2,0.4,0.4,0.46,100.0,94.29,97.4,0.9706,2,0,,,,,
server_ensemble_weight_sweep,0.2,0.4,0.4,0.465,100.0,94.29,97.4,0.9706,2,0,,,,,
server_ensemble_weight_sweep,0.2,0.4,0.4,0.47,100.0,94.29,97.4,0.9706,2,0,,,,,
server_ensemble_weight_sweep,0.2,0.4,0.4,0.475,100.0,94.29,97.4,0.9706,2,0,,,,,
server_ensemble_weight_sweep,0.2,0.4,0.4,0.48,100.0,94.29,97.4,0.9706,2,0,,,,,
server_ensemble_weight_sweep,0.2,0.4,0.4,0.485,100.0,94.29,97.4,0.9706,2,0,,,,,
server_ensemble_weight_sweep,0.2,0.4,0.4,0.49,100.0,94.29,97.4,0.9706,2,0,,,,,
server_ensemble_weight_sweep,0.2,0.4,0.4,0.495,100.0,94.29,97.4,0.9706,2,0,,,,,
server_ensemble_weight_sweep,0.2,0.4,0.4,0.5,100.0,94.29,97.4,0.9706,2,0,,,,,
server_ensemble_weight_sweep,0.2,0.4,0.4,0.505,100.0,94.29,97.4,0.9706,2,0,,,,,
server_ensemble_weight_sweep,0.2,0.4,0.4,0.51,100.0,94.29,97.4,0.9706,2,0,,,,,
server_ensemble_weight_sweep,0.2,0.4,0.4,0.515,100.0,94.29,97.4,0.9706,2,0,,,,,
server_ensemble_weight_sweep,0.2,0.4,0.4,0.52,100.0,94.29,97.4,0.9706,2,0,,,,,
server_ensemble_weight_sweep,0.2,0.4,0.4,0.525,100.0,94.29,97.4,0.9706,2,0,,,,,
server_ensemble_weight_sweep,0.2,0.4,0.4,0.53,100.0,94.29,97.4,0.9706,2,0,,,,,
server_ensemble_weight_sweep,0.2,0.4,0.4,0.535,100.0,94.29,97.4,0.9706,2,0,,,,,
server_ensemble_weight_sweep,0.2,0.4,0.4,0.54,100.0,94.29,97.4,0.9706,2,0,,,,,
server_ensemble_weight_sweep,0.2,0.4,0.4,0.545,100.0,94.29,97.4,0.9706,2,0,,,,,
server_ensemble_weight_sweep,0.2,0.4,0.4,0.55,100.0,94.29,97.4,0.9706,2,0,,,,,
server_ensemble_weight_sweep,0.2,0.4,0.4,0.555,100.0,94.29,97.4,0.9706,2,0,,,,,
server_ensemble_weight_sweep,0.2,0.4,0.4,0.56,96.97,94.12,96.1,0.9552,2,1,,,,,
server_ensemble_weight_sweep,0.2,0.4,0.4,0.565,96.97,94.12,96.1,0.9552,2,1,,,,,
server_ensemble_weight_sweep,0.2,0.4,0.4,0.57,93.94,93.94,94.81,0.9394,2,2,,,,,
server_ensemble_weight_sweep,0.2,0.4,0.4,0.575,93.94,93.94,94.81,0.9394,2,2,,,,,
server_ensemble_weight_sweep,0.2,0.4,0.4,0.58,93.94,93.94,94.81,0.9394,2,2,,,,,
server_ensemble_weight_sweep,0.2,0.4,0.4,0.585,93.94,93.94,94.81,0.9394,2,2,,,,,
server_ensemble_weight_sweep,0.2,0.4,0.4,0.59,93.94,93.94,94.81,0.9394,2,2,,,,,
server_ensemble_weight_sweep,0.2,0.4,0.4,0.595,90.91,93.75,93.51,0.9231,2,3,,,,,
server_ensemble_weight_sweep,0.2,0.4,0.4,0.6,78.79,96.3,89.61,0.8667,1,7,,,,,
server_ensemble_weight_sweep,0.2,0.4,0.4,0.605,75.76,96.15,88.31,0.8475,1,8,,,,,
server_ensemble_weight_sweep,0.2,0.4,0.4,0.61,75.76,96.15,88.31,0.8475,1,8,,,,,
server_ensemble_weight_sweep,0.2,0.4,0.4,0.615,75.76,96.15,88.31,0.8475,1,8,,,,,
server_ensemble_weight_sweep,0.2,0.4,0.4,0.62,75.76,96.15,88.31,0.8475,1,8,,,,,
server_ensemble_weight_sweep,0.2,0.4,0.4,0.625,75.76,96.15,88.31,0.8475,1,8,,,,,
server_ensemble_weight_sweep,0.2,0.4,0.4,0.63,75.76,96.15,88.31,0.8475,1,8,,,,,
server_ensemble_weight_sweep,0.2,0.4,0.4,0.635,75.76,96.15,88.31,0.8475,1,8,,,,,
server_ensemble_weight_sweep,0.2,0.4,0.4,0.64,75.76,96.15,88.31,0.8475,1,8,,,,,
server_ensemble_weight_sweep,0.2,0.4,0.4,0.645,75.76,96.15,88.31,0.8475,1,8,,,,,
server_ensemble_weight_sweep,0.2,0.4,0.4,0.65,75.76,96.15,88.31,0.8475,1,8,,,,,
server_ensemble_weight_sweep,0.2,0.4,0.4,0.655,75.76,100.0,89.61,0.8621,0,8,,,,,
server_ensemble_weight_sweep,0.2,0.4,0.4,0.66,75.76,100.0,89.61,0.8621,0,8,,,,,
server_ensemble_weight_sweep,0.2,0.4,0.4,0.665,75.76,100.0,89.61,0.8621,0,8,,,,,
server_ensemble_weight_sweep,0.2,0.4,0.4,0.67,75.76,100.0,89.61,0.8621,0,8,,,,,
server_ensemble_weight_sweep,0.2,0.4,0.4,0.675,75.76,100.0,89.61,0.8621,0,8,,,,,
server_ensemble_weight_sweep,0.2,0.4,0.4,0.68,75.76,100.0,89.61,0.8621,0,8,,,,,
server_ensemble_weight_sweep,0.2,0.4,0.4,0.685,75.76,100.0,89.61,0.8621,0,8,,,,,
server_ensemble_weight_sweep,0.2,0.4,0.4,0.69,75.76,100.0,89.61,0.8621,0,8,,,,,
server_ensemble_weight_sweep,0.2,0.4,0.4,0.695,75.76,100.0,89.61,0.8621,0,8,,,,,
server_ensemble_weight_sweep,0.2,0.4,0.4,0.7,75.76,100.0,89.61,0.8621,0,8,,,,,
hierarchical_escalation_sweep,,,,0.45,100.0,84.62,92.21,0.9167,6,0,0.2,0.6,44.2,50.6,5.2
hierarchical_escalation_sweep,,,,0.48,100.0,84.62,92.21,0.9167,6,0,0.2,0.6,44.2,50.6,5.2
hierarchical_escalation_sweep,,,,0.5,100.0,84.62,92.21,0.9167,6,0,0.2,0.6,44.2,50.6,5.2
hierarchical_escalation_sweep,,,,0.52,100.0,84.62,92.21,0.9167,6,0,0.2,0.6,44.2,50.6,5.2
hierarchical_escalation_sweep,,,,0.55,100.0,84.62,92.21,0.9167,6,0,0.2,0.6,44.2,50.6,5.2
hierarchical_escalation_sweep,,,,0.45,100.0,84.62,92.21,0.9167,6,0,0.2,0.65,44.2,49.4,6.5
hierarchical_escalation_sweep,,,,0.48,100.0,84.62,92.21,0.9167,6,0,0.2,0.65,44.2,49.4,6.5
hierarchical_escalation_sweep,,,,0.5,100.0,84.62,92.21,0.9167,6,0,0.2,0.65,44.2,49.4,6.5
hierarchical_escalation_sweep,,,,0.52,100.0,84.62,92.21,0.9167,6,0,0.2,0.65,44.2,49.4,6.5
hierarchical_escalation_sweep,,,,0.55,100.0,84.62,92.21,0.9167,6,0,0.2,0.65,44.2,49.4,6.5
hierarchical_escalation_sweep,,,,0.45,100.0,84.62,92.21,0.9167,6,0,0.2,0.7,44.2,48.1,7.8
hierarchical_escalation_sweep,,,,0.48,100.0,84.62,92.21,0.9167,6,0,0.2,0.7,44.2,48.1,7.8
hierarchical_escalation_sweep,,,,0.5,100.0,84.62,92.21,0.9167,6,0,0.2,0.7,44.2,48.1,7.8
hierarchical_escalation_sweep,,,,0.52,96.97,84.21,90.91,0.9014,6,1,0.2,0.7,44.2,48.1,7.8
hierarchical_escalation_sweep,,,,0.55,96.97,84.21,90.91,0.9014,6,1,0.2,0.7,44.2,48.1,7.8
hierarchical_escalation_sweep,,,,0.45,100.0,84.62,92.21,0.9167,6,0,0.2,0.75,44.2,46.8,9.1
hierarchical_escalation_sweep,,,,0.48,100.0,84.62,92.21,0.9167,6,0,0.2,0.75,44.2,46.8,9.1
hierarchical_escalation_sweep,,,,0.5,100.0,84.62,92.21,0.9167,6,0,0.2,0.75,44.2,46.8,9.1
hierarchical_escalation_sweep,,,,0.52,96.97,84.21,90.91,0.9014,6,1,0.2,0.75,44.2,46.8,9.1
hierarchical_escalation_sweep,,,,0.55,96.97,84.21,90.91,0.9014,6,1,0.2,0.75,44.2,46.8,9.1
hierarchical_escalation_sweep,,,,0.45,100.0,84.62,92.21,0.9167,6,0,0.2,0.8,44.2,45.5,10.4
hierarchical_escalation_sweep,,,,0.48,100.0,84.62,92.21,0.9167,6,0,0.2,0.8,44.2,45.5,10.4
hierarchical_escalation_sweep,,,,0.5,100.0,84.62,92.21,0.9167,6,0,0.2,0.8,44.2,45.5,10.4
hierarchical_escalation_sweep,,,,0.52,96.97,84.21,90.91,0.9014,6,1,0.2,0.8,44.2,45.5,10.4
hierarchical_escalation_sweep,,,,0.55,96.97,84.21,90.91,0.9014,6,1,0.2,0.8,44.2,45.5,10.4
hierarchical_escalation_sweep,,,,0.45,100.0,84.62,92.21,0.9167,6,0,0.2,0.85,44.2,44.2,11.7
hierarchical_escalation_sweep,,,,0.48,100.0,84.62,92.21,0.9167,6,0,0.2,0.85,44.2,44.2,11.7
hierarchical_escalation_sweep,,,,0.5,100.0,84.62,92.21,0.9167,6,0,0.2,0.85,44.2,44.2,11.7
hierarchical_escalation_sweep,,,,0.52,96.97,84.21,90.91,0.9014,6,1,0.2,0.85,44.2,44.2,11.7
hierarchical_escalation_sweep,,,,0.55,96.97,84.21,90.91,0.9014,6,1,0.2,0.85,44.2,44.2,11.7
hierarchical_escalation_sweep,,,,0.45,100.0,84.62,92.21,0.9167,6,0,0.25,0.6,44.2,50.6,5.2
hierarchical_escalation_sweep,,,,0.48,100.0,84.62,92.21,0.9167,6,0,0.25,0.6,44.2,50.6,5.2
hierarchical_escalation_sweep,,,,0.5,100.0,84.62,92.21,0.9167,6,0,0.25,0.6,44.2,50.6,5.2
hierarchical_escalation_sweep,,,,0.52,100.0,84.62,92.21,0.9167,6,0,0.25,0.6,44.2,50.6,5.2
hierarchical_escalation_sweep,,,,0.55,100.0,84.62,92.21,0.9167,6,0,0.25,0.6,44.2,50.6,5.2
hierarchical_escalation_sweep,,,,0.45,100.0,84.62,92.21,0.9167,6,0,0.25,0.65,44.2,49.4,6.5
hierarchical_escalation_sweep,,,,0.48,100.0,84.62,92.21,0.9167,6,0,0.25,0.65,44.2,49.4,6.5
hierarchical_escalation_sweep,,,,0.5,100.0,84.62,92.21,0.9167,6,0,0.25,0.65,44.2,49.4,6.5
hierarchical_escalation_sweep,,,,0.52,100.0,84.62,92.21,0.9167,6,0,0.25,0.65,44.2,49.4,6.5
hierarchical_escalation_sweep,,,,0.55,100.0,84.62,92.21,0.9167,6,0,0.25,0.65,44.2,49.4,6.5
hierarchical_escalation_sweep,,,,0.45,100.0,84.62,92.21,0.9167,6,0,0.25,0.7,44.2,48.1,7.8
hierarchical_escalation_sweep,,,,0.48,100.0,84.62,92.21,0.9167,6,0,0.25,0.7,44.2,48.1,7.8
hierarchical_escalation_sweep,,,,0.5,100.0,84.62,92.21,0.9167,6,0,0.25,0.7,44.2,48.1,7.8
hierarchical_escalation_sweep,,,,0.52,96.97,84.21,90.91,0.9014,6,1,0.25,0.7,44.2,48.1,7.8
hierarchical_escalation_sweep,,,,0.55,96.97,84.21,90.91,0.9014,6,1,0.25,0.7,44.2,48.1,7.8
hierarchical_escalation_sweep,,,,0.45,100.0,84.62,92.21,0.9167,6,0,0.25,0.75,44.2,46.8,9.1
hierarchical_escalation_sweep,,,,0.48,100.0,84.62,92.21,0.9167,6,0,0.25,0.75,44.2,46.8,9.1
hierarchical_escalation_sweep,,,,0.5,100.0,84.62,92.21,0.9167,6,0,0.25,0.75,44.2,46.8,9.1
hierarchical_escalation_sweep,,,,0.52,96.97,84.21,90.91,0.9014,6,1,0.25,0.75,44.2,46.8,9.1
hierarchical_escalation_sweep,,,,0.55,96.97,84.21,90.91,0.9014,6,1,0.25,0.75,44.2,46.8,9.1
hierarchical_escalation_sweep,,,,0.45,100.0,84.62,92.21,0.9167,6,0,0.25,0.8,44.2,45.5,10.4
hierarchical_escalation_sweep,,,,0.48,100.0,84.62,92.21,0.9167,6,0,0.25,0.8,44.2,45.5,10.4
hierarchical_escalation_sweep,,,,0.5,100.0,84.62,92.21,0.9167,6,0,0.25,0.8,44.2,45.5,10.4
hierarchical_escalation_sweep,,,,0.52,96.97,84.21,90.91,0.9014,6,1,0.25,0.8,44.2,45.5,10.4
hierarchical_escalation_sweep,,,,0.55,96.97,84.21,90.91,0.9014,6,1,0.25,0.8,44.2,45.5,10.4
hierarchical_escalation_sweep,,,,0.45,100.0,84.62,92.21,0.9167,6,0,0.25,0.85,44.2,44.2,11.7
hierarchical_escalation_sweep,,,,0.48,100.0,84.62,92.21,0.9167,6,0,0.25,0.85,44.2,44.2,11.7
hierarchical_escalation_sweep,,,,0.5,100.0,84.62,92.21,0.9167,6,0,0.25,0.85,44.2,44.2,11.7
hierarchical_escalation_sweep,,,,0.52,96.97,84.21,90.91,0.9014,6,1,0.25,0.85,44.2,44.2,11.7
hierarchical_escalation_sweep,,,,0.55,96.97,84.21,90.91,0.9014,6,1,0.25,0.85,44.2,44.2,11.7
hierarchical_escalation_sweep,,,,0.45,100.0,84.62,92.21,0.9167,6,0,0.3,0.6,45.5,50.6,3.9
hierarchical_escalation_sweep,,,,0.48,100.0,84.62,92.21,0.9167,6,0,0.3,0.6,45.5,50.6,3.9
hierarchical_escalation_sweep,,,,0.5,100.0,84.62,92.21,0.9167,6,0,0.3,0.6,45.5,50.6,3.9
hierarchical_escalation_sweep,,,,0.52,100.0,84.62,92.21,0.9167,6,0,0.3,0.6,45.5,50.6,3.9
hierarchical_escalation_sweep,,,,0.55,100.0,84.62,92.21,0.9167,6,0,0.3,0.6,45.5,50.6,3.9
hierarchical_escalation_sweep,,,,0.45,100.0,84.62,92.21,0.9167,6,0,0.3,0.65,45.5,49.4,5.2
hierarchical_escalation_sweep,,,,0.48,100.0,84.62,92.21,0.9167,6,0,0.3,0.65,45.5,49.4,5.2
hierarchical_escalation_sweep,,,,0.5,100.0,84.62,92.21,0.9167,6,0,0.3,0.65,45.5,49.4,5.2
hierarchical_escalation_sweep,,,,0.52,100.0,84.62,92.21,0.9167,6,0,0.3,0.65,45.5,49.4,5.2
hierarchical_escalation_sweep,,,,0.55,100.0,84.62,92.21,0.9167,6,0,0.3,0.65,45.5,49.4,5.2
hierarchical_escalation_sweep,,,,0.45,100.0,84.62,92.21,0.9167,6,0,0.3,0.7,45.5,48.1,6.5
hierarchical_escalation_sweep,,,,0.48,100.0,84.62,92.21,0.9167,6,0,0.3,0.7,45.5,48.1,6.5
hierarchical_escalation_sweep,,,,0.5,100.0,84.62,92.21,0.9167,6,0,0.3,0.7,45.5,48.1,6.5
hierarchical_escalation_sweep,,,,0.52,96.97,84.21,90.91,0.9014,6,1,0.3,0.7,45.5,48.1,6.5
hierarchical_escalation_sweep,,,,0.55,96.97,84.21,90.91,0.9014,6,1,0.3,0.7,45.5,48.1,6.5
hierarchical_escalation_sweep,,,,0.45,100.0,84.62,92.21,0.9167,6,0,0.3,0.75,45.5,46.8,7.8
hierarchical_escalation_sweep,,,,0.48,100.0,84.62,92.21,0.9167,6,0,0.3,0.75,45.5,46.8,7.8
hierarchical_escalation_sweep,,,,0.5,100.0,84.62,92.21,0.9167,6,0,0.3,0.75,45.5,46.8,7.8
hierarchical_escalation_sweep,,,,0.52,96.97,84.21,90.91,0.9014,6,1,0.3,0.75,45.5,46.8,7.8
hierarchical_escalation_sweep,,,,0.55,96.97,84.21,90.91,0.9014,6,1,0.3,0.75,45.5,46.8,7.8
hierarchical_escalation_sweep,,,,0.45,100.0,84.62,92.21,0.9167,6,0,0.3,0.8,45.5,45.5,9.1
hierarchical_escalation_sweep,,,,0.48,100.0,84.62,92.21,0.9167,6,0,0.3,0.8,45.5,45.5,9.1
hierarchical_escalation_sweep,,,,0.5,100.0,84.62,92.21,0.9167,6,0,0.3,0.8,45.5,45.5,9.1
hierarchical_escalation_sweep,,,,0.52,96.97,84.21,90.91,0.9014,6,1,0.3,0.8,45.5,45.5,9.1
hierarchical_escalation_sweep,,,,0.55,96.97,84.21,90.91,0.9014,6,1,0.3,0.8,45.5,45.5,9.1
hierarchical_escalation_sweep,,,,0.45,100.0,84.62,92.21,0.9167,6,0,0.3,0.85,45.5,44.2,10.4
hierarchical_escalation_sweep,,,,0.48,100.0,84.62,92.21,0.9167,6,0,0.3,0.85,45.5,44.2,10.4
hierarchical_escalation_sweep,,,,0.5,100.0,84.62,92.21,0.9167,6,0,0.3,0.85,45.5,44.2,10.4
hierarchical_escalation_sweep,,,,0.52,96.97,84.21,90.91,0.9014,6,1,0.3,0.85,45.5,44.2,10.4
hierarchical_escalation_sweep,,,,0.55,96.97,84.21,90.91,0.9014,6,1,0.3,0.85,45.5,44.2,10.4
hierarchical_escalation_sweep,,,,0.45,100.0,84.62,92.21,0.9167,6,0,0.35,0.6,45.5,50.6,3.9
hierarchical_escalation_sweep,,,,0.48,100.0,84.62,92.21,0.9167,6,0,0.35,0.6,45.5,50.6,3.9
hierarchical_escalation_sweep,,,,0.5,100.0,84.62,92.21,0.9167,6,0,0.35,0.6,45.5,50.6,3.9
hierarchical_escalation_sweep,,,,0.52,100.0,84.62,92.21,0.9167,6,0,0.35,0.6,45.5,50.6,3.9
hierarchical_escalation_sweep,,,,0.55,100.0,84.62,92.21,0.9167,6,0,0.35,0.6,45.5,50.6,3.9
hierarchical_escalation_sweep,,,,0.45,100.0,84.62,92.21,0.9167,6,0,0.35,0.65,45.5,49.4,5.2
hierarchical_escalation_sweep,,,,0.48,100.0,84.62,92.21,0.9167,6,0,0.35,0.65,45.5,49.4,5.2
hierarchical_escalation_sweep,,,,0.5,100.0,84.62,92.21,0.9167,6,0,0.35,0.65,45.5,49.4,5.2
hierarchical_escalation_sweep,,,,0.52,100.0,84.62,92.21,0.9167,6,0,0.35,0.65,45.5,49.4,5.2
hierarchical_escalation_sweep,,,,0.55,100.0,84.62,92.21,0.9167,6,0,0.35,0.65,45.5,49.4,5.2
hierarchical_escalation_sweep,,,,0.45,100.0,84.62,92.21,0.9167,6,0,0.35,0.7,45.5,48.1,6.5
hierarchical_escalation_sweep,,,,0.48,100.0,84.62,92.21,0.9167,6,0,0.35,0.7,45.5,48.1,6.5
hierarchical_escalation_sweep,,,,0.5,100.0,84.62,92.21,0.9167,6,0,0.35,0.7,45.5,48.1,6.5
hierarchical_escalation_sweep,,,,0.52,96.97,84.21,90.91,0.9014,6,1,0.35,0.7,45.5,48.1,6.5
hierarchical_escalation_sweep,,,,0.55,96.97,84.21,90.91,0.9014,6,1,0.35,0.7,45.5,48.1,6.5
hierarchical_escalation_sweep,,,,0.45,100.0,84.62,92.21,0.9167,6,0,0.35,0.75,45.5,46.8,7.8
hierarchical_escalation_sweep,,,,0.48,100.0,84.62,92.21,0.9167,6,0,0.35,0.75,45.5,46.8,7.8
hierarchical_escalation_sweep,,,,0.5,100.0,84.62,92.21,0.9167,6,0,0.35,0.75,45.5,46.8,7.8
hierarchical_escalation_sweep,,,,0.52,96.97,84.21,90.91,0.9014,6,1,0.35,0.75,45.5,46.8,7.8
hierarchical_escalation_sweep,,,,0.55,96.97,84.21,90.91,0.9014,6,1,0.35,0.75,45.5,46.8,7.8
hierarchical_escalation_sweep,,,,0.45,100.0,84.62,92.21,0.9167,6,0,0.35,0.8,45.5,45.5,9.1
hierarchical_escalation_sweep,,,,0.48,100.0,84.62,92.21,0.9167,6,0,0.35,0.8,45.5,45.5,9.1
hierarchical_escalation_sweep,,,,0.5,100.0,84.62,92.21,0.9167,6,0,0.35,0.8,45.5,45.5,9.1
hierarchical_escalation_sweep,,,,0.52,96.97,84.21,90.91,0.9014,6,1,0.35,0.8,45.5,45.5,9.1
hierarchical_escalation_sweep,,,,0.55,96.97,84.21,90.91,0.9014,6,1,0.35,0.8,45.5,45.5,9.1
hierarchical_escalation_sweep,,,,0.45,100.0,84.62,92.21,0.9167,6,0,0.35,0.85,45.5,44.2,10.4
hierarchical_escalation_sweep,,,,0.48,100.0,84.62,92.21,0.9167,6,0,0.35,0.85,45.5,44.2,10.4
hierarchical_escalation_sweep,,,,0.5,100.0,84.62,92.21,0.9167,6,0,0.35,0.85,45.5,44.2,10.4
hierarchical_escalation_sweep,,,,0.52,96.97,84.21,90.91,0.9014,6,1,0.35,0.85,45.5,44.2,10.4
hierarchical_escalation_sweep,,,,0.55,96.97,84.21,90.91,0.9014,6,1,0.35,0.85,45.5,44.2,10.4
hierarchical_escalation_sweep,,,,0.45,100.0,84.62,92.21,0.9167,6,0,0.4,0.6,45.5,50.6,3.9
hierarchical_escalation_sweep,,,,0.48,100.0,84.62,92.21,0.9167,6,0,0.4,0.6,45.5,50.6,3.9
hierarchical_escalation_sweep,,,,0.5,100.0,84.62,92.21,0.9167,6,0,0.4,0.6,45.5,50.6,3.9
hierarchical_escalation_sweep,,,,0.52,100.0,84.62,92.21,0.9167,6,0,0.4,0.6,45.5,50.6,3.9
hierarchical_escalation_sweep,,,,0.55,100.0,84.62,92.21,0.9167,6,0,0.4,0.6,45.5,50.6,3.9
hierarchical_escalation_sweep,,,,0.45,100.0,84.62,92.21,0.9167,6,0,0.4,0.65,45.5,49.4,5.2
hierarchical_escalation_sweep,,,,0.48,100.0,84.62,92.21,0.9167,6,0,0.4,0.65,45.5,49.4,5.2
hierarchical_escalation_sweep,,,,0.5,100.0,84.62,92.21,0.9167,6,0,0.4,0.65,45.5,49.4,5.2
hierarchical_escalation_sweep,,,,0.52,100.0,84.62,92.21,0.9167,6,0,0.4,0.65,45.5,49.4,5.2
hierarchical_escalation_sweep,,,,0.55,100.0,84.62,92.21,0.9167,6,0,0.4,0.65,45.5,49.4,5.2
hierarchical_escalation_sweep,,,,0.45,100.0,84.62,92.21,0.9167,6,0,0.4,0.7,45.5,48.1,6.5
hierarchical_escalation_sweep,,,,0.48,100.0,84.62,92.21,0.9167,6,0,0.4,0.7,45.5,48.1,6.5
hierarchical_escalation_sweep,,,,0.5,100.0,84.62,92.21,0.9167,6,0,0.4,0.7,45.5,48.1,6.5
hierarchical_escalation_sweep,,,,0.52,96.97,84.21,90.91,0.9014,6,1,0.4,0.7,45.5,48.1,6.5
hierarchical_escalation_sweep,,,,0.55,96.97,84.21,90.91,0.9014,6,1,0.4,0.7,45.5,48.1,6.5
hierarchical_escalation_sweep,,,,0.45,100.0,84.62,92.21,0.9167,6,0,0.4,0.75,45.5,46.8,7.8
hierarchical_escalation_sweep,,,,0.48,100.0,84.62,92.21,0.9167,6,0,0.4,0.75,45.5,46.8,7.8
hierarchical_escalation_sweep,,,,0.5,100.0,84.62,92.21,0.9167,6,0,0.4,0.75,45.5,46.8,7.8
hierarchical_escalation_sweep,,,,0.52,96.97,84.21,90.91,0.9014,6,1,0.4,0.75,45.5,46.8,7.8
hierarchical_escalation_sweep,,,,0.55,96.97,84.21,90.91,0.9014,6,1,0.4,0.75,45.5,46.8,7.8
hierarchical_escalation_sweep,,,,0.45,100.0,84.62,92.21,0.9167,6,0,0.4,0.8,45.5,45.5,9.1
hierarchical_escalation_sweep,,,,0.48,100.0,84.62,92.21,0.9167,6,0,0.4,0.8,45.5,45.5,9.1
hierarchical_escalation_sweep,,,,0.5,100.0,84.62,92.21,0.9167,6,0,0.4,0.8,45.5,45.5,9.1
hierarchical_escalation_sweep,,,,0.52,96.97,84.21,90.91,0.9014,6,1,0.4,0.8,45.5,45.5,9.1
hierarchical_escalation_sweep,,,,0.55,96.97,84.21,90.91,0.9014,6,1,0.4,0.8,45.5,45.5,9.1
hierarchical_escalation_sweep,,,,0.45,100.0,84.62,92.21,0.9167,6,0,0.4,0.85,45.5,44.2,10.4
hierarchical_escalation_sweep,,,,0.48,100.0,84.62,92.21,0.9167,6,0,0.4,0.85,45.5,44.2,10.4
hierarchical_escalation_sweep,,,,0.5,100.0,84.62,92.21,0.9167,6,0,0.4,0.85,45.5,44.2,10.4
hierarchical_escalation_sweep,,,,0.52,96.97,84.21,90.91,0.9014,6,1,0.4,0.85,45.5,44.2,10.4
hierarchical_escalation_sweep,,,,0.55,96.97,84.21,90.91,0.9014,6,1,0.4,0.85,45.5,44.2,10.4
hierarchical_escalation_sweep,,,,0.45,100.0,84.62,92.21,0.9167,6,0,0.45,0.6,46.8,50.6,2.6
hierarchical_escalation_sweep,,,,0.48,100.0,84.62,92.21,0.9167,6,0,0.45,0.6,46.8,50.6,2.6
hierarchical_escalation_sweep,,,,0.5,100.0,84.62,92.21,0.9167,6,0,0.45,0.6,46.8,50.6,2.6
hierarchical_escalation_sweep,,,,0.52,100.0,84.62,92.21,0.9167,6,0,0.45,0.6,46.8,50.6,2.6
hierarchical_escalation_sweep,,,,0.55,100.0,84.62,92.21,0.9167,6,0,0.45,0.6,46.8,50.6,2.6
hierarchical_escalation_sweep,,,,0.45,100.0,84.62,92.21,0.9167,6,0,0.45,0.65,46.8,49.4,3.9
hierarchical_escalation_sweep,,,,0.48,100.0,84.62,92.21,0.9167,6,0,0.45,0.65,46.8,49.4,3.9
hierarchical_escalation_sweep,,,,0.5,100.0,84.62,92.21,0.9167,6,0,0.45,0.65,46.8,49.4,3.9
hierarchical_escalation_sweep,,,,0.52,100.0,84.62,92.21,0.9167,6,0,0.45,0.65,46.8,49.4,3.9
hierarchical_escalation_sweep,,,,0.55,100.0,84.62,92.21,0.9167,6,0,0.45,0.65,46.8,49.4,3.9
hierarchical_escalation_sweep,,,,0.45,100.0,84.62,92.21,0.9167,6,0,0.45,0.7,46.8,48.1,5.2
hierarchical_escalation_sweep,,,,0.48,100.0,84.62,92.21,0.9167,6,0,0.45,0.7,46.8,48.1,5.2
hierarchical_escalation_sweep,,,,0.5,100.0,84.62,92.21,0.9167,6,0,0.45,0.7,46.8,48.1,5.2
hierarchical_escalation_sweep,,,,0.52,96.97,84.21,90.91,0.9014,6,1,0.45,0.7,46.8,48.1,5.2
hierarchical_escalation_sweep,,,,0.55,96.97,84.21,90.91,0.9014,6,1,0.45,0.7,46.8,48.1,5.2
hierarchical_escalation_sweep,,,,0.45,100.0,84.62,92.21,0.9167,6,0,0.45,0.75,46.8,46.8,6.5
hierarchical_escalation_sweep,,,,0.48,100.0,84.62,92.21,0.9167,6,0,0.45,0.75,46.8,46.8,6.5
hierarchical_escalation_sweep,,,,0.5,100.0,84.62,92.21,0.9167,6,0,0.45,0.75,46.8,46.8,6.5
hierarchical_escalation_sweep,,,,0.52,96.97,84.21,90.91,0.9014,6,1,0.45,0.75,46.8,46.8,6.5
hierarchical_escalation_sweep,,,,0.55,96.97,84.21,90.91,0.9014,6,1,0.45,0.75,46.8,46.8,6.5
hierarchical_escalation_sweep,,,,0.45,100.0,84.62,92.21,0.9167,6,0,0.45,0.8,46.8,45.5,7.8
hierarchical_escalation_sweep,,,,0.48,100.0,84.62,92.21,0.9167,6,0,0.45,0.8,46.8,45.5,7.8
hierarchical_escalation_sweep,,,,0.5,100.0,84.62,92.21,0.9167,6,0,0.45,0.8,46.8,45.5,7.8
hierarchical_escalation_sweep,,,,0.52,96.97,84.21,90.91,0.9014,6,1,0.45,0.8,46.8,45.5,7.8
hierarchical_escalation_sweep,,,,0.55,96.97,84.21,90.91,0.9014,6,1,0.45,0.8,46.8,45.5,7.8
hierarchical_escalation_sweep,,,,0.45,100.0,84.62,92.21,0.9167,6,0,0.45,0.85,46.8,44.2,9.1
hierarchical_escalation_sweep,,,,0.48,100.0,84.62,92.21,0.9167,6,0,0.45,0.85,46.8,44.2,9.1
hierarchical_escalation_sweep,,,,0.5,100.0,84.62,92.21,0.9167,6,0,0.45,0.85,46.8,44.2,9.1
hierarchical_escalation_sweep,,,,0.52,96.97,84.21,90.91,0.9014,6,1,0.45,0.85,46.8,44.2,9.1
hierarchical_escalation_sweep,,,,0.55,96.97,84.21,90.91,0.9014,6,1,0.45,0.85,46.8,44.2,9.1
