ensemble_type,w_tier5,w_tier3,threshold,f1_score,recall,precision,accuracy,fp,fn
Tier5_plus_Tier3,0.1,0.9,0.3,0.8378,93.94,75.61,84.42,10,2
Tier5_plus_Tier3,0.1,0.9,0.31,0.8378,93.94,75.61,84.42,10,2
Tier5_plus_Tier3,0.1,0.9,0.32,0.8378,93.94,75.61,84.42,10,2
Tier5_plus_Tier3,0.1,0.9,0.33,0.8378,93.94,75.61,84.42,10,2
Tier5_plus_Tier3,0.1,0.9,0.34,0.8378,93.94,75.61,84.42,10,2
Tier5_plus_Tier3,0.1,0.9,0.35,0.8378,93.94,75.61,84.42,10,2
Tier5_plus_Tier3,0.1,0.9,0.36,0.8378,93.94,75.61,84.42,10,2
Tier5_plus_Tier3,0.1,0.9,0.37,0.8378,93.94,75.61,84.42,10,2
Tier5_plus_Tier3,0.1,0.9,0.38,0.8378,93.94,75.61,84.42,10,2
Tier5_plus_Tier3,0.1,0.9,0.39,0.8378,93.94,75.61,84.42,10,2
Tier5_plus_Tier3,0.1,0.9,0.4,0.8493,93.94,77.5,85.71,9,2
Tier5_plus_Tier3,0.1,0.9,0.41,0.8611,93.94,79.49,87.01,8,2
Tier5_plus_Tier3,0.1,0.9,0.42,0.8611,93.94,79.49,87.01,8,2
Tier5_plus_Tier3,0.1,0.9,0.43,0.8611,93.94,79.49,87.01,8,2
Tier5_plus_Tier3,0.1,0.9,0.44,0.8611,93.94,79.49,87.01,8,2
Tier5_plus_Tier3,0.1,0.9,0.45,0.8732,93.94,81.58,88.31,7,2
Tier5_plus_Tier3,0.1,0.9,0.46,0.8732,93.94,81.58,88.31,7,2
Tier5_plus_Tier3,0.1,0.9,0.47,0.8732,93.94,81.58,88.31,7,2
Tier5_plus_Tier3,0.1,0.9,0.48,0.8857,93.94,83.78,89.61,6,2
Tier5_plus_Tier3,0.1,0.9,0.49,0.8857,93.94,83.78,89.61,6,2
Tier5_plus_Tier3,0.1,0.9,0.5,0.8857,93.94,83.78,89.61,6,2
Tier5_plus_Tier3,0.1,0.9,0.51,0.8857,93.94,83.78,89.61,6,2
Tier5_plus_Tier3,0.1,0.9,0.52,0.8857,93.94,83.78,89.61,6,2
Tier5_plus_Tier3,0.1,0.9,0.53,0.8857,93.94,83.78,89.61,6,2
Tier5_plus_Tier3,0.1,0.9,0.54,0.8857,93.94,83.78,89.61,6,2
Tier5_plus_Tier3,0.1,0.9,0.55,0.8696,90.91,83.33,88.31,6,3
Tier5_plus_Tier3,0.1,0.9,0.56,0.8529,87.88,82.86,87.01,6,4
Tier5_plus_Tier3,0.1,0.9,0.57,0.8529,87.88,82.86,87.01,6,4
Tier5_plus_Tier3,0.1,0.9,0.58,0.8529,87.88,82.86,87.01,6,4
Tier5_plus_Tier3,0.1,0.9,0.59,0.8358,84.85,82.35,85.71,6,5
Tier5_plus_Tier3,0.1,0.9,0.6,0.8358,84.85,82.35,85.71,6,5
Tier5_plus_Tier3,0.1,0.9,0.61,0.8358,84.85,82.35,85.71,6,5
Tier5_plus_Tier3,0.1,0.9,0.62,0.8358,84.85,82.35,85.71,6,5
Tier5_plus_Tier3,0.1,0.9,0.63,0.8358,84.85,82.35,85.71,6,5
Tier5_plus_Tier3,0.1,0.9,0.64,0.8182,81.82,81.82,84.42,6,6
Tier5_plus_Tier3,0.1,0.9,0.65,0.8182,81.82,81.82,84.42,6,6
Tier5_plus_Tier3,0.1,0.9,0.66,0.8182,81.82,81.82,84.42,6,6
Tier5_plus_Tier3,0.1,0.9,0.67,0.8182,81.82,81.82,84.42,6,6
Tier5_plus_Tier3,0.1,0.9,0.68,0.8,78.79,81.25,83.12,6,7
Tier5_plus_Tier3,0.1,0.9,0.69,0.7812,75.76,80.65,81.82,6,8
Tier5_plus_Tier3,0.1,0.9,0.7,0.7812,75.76,80.65,81.82,6,8
Tier5_plus_Tier3,0.15,0.85,0.3,0.8378,93.94,75.61,84.42,10,2
Tier5_plus_Tier3,0.15,0.85,0.31,0.8378,93.94,75.61,84.42,10,2
Tier5_plus_Tier3,0.15,0.85,0.32,0.8378,93.94,75.61,84.42,10,2
Tier5_plus_Tier3,0.15,0.85,0.33,0.8378,93.94,75.61,84.42,10,2
Tier5_plus_Tier3,0.15,0.85,0.34,0.8378,93.94,75.61,84.42,10,2
Tier5_plus_Tier3,0.15,0.85,0.35,0.8378,93.94,75.61,84.42,10,2
Tier5_plus_Tier3,0.15,0.85,0.36,0.8378,93.94,75.61,84.42,10,2
Tier5_plus_Tier3,0.15,0.85,0.37,0.8378,93.94,75.61,84.42,10,2
Tier5_plus_Tier3,0.15,0.85,0.38,0.8493,93.94,77.5,85.71,9,2
Tier5_plus_Tier3,0.15,0.85,0.39,0.8493,93.94,77.5,85.71,9,2
Tier5_plus_Tier3,0.15,0.85,0.4,0.8611,93.94,79.49,87.01,8,2
Tier5_plus_Tier3,0.15,0.85,0.41,0.8611,93.94,79.49,87.01,8,2
Tier5_plus_Tier3,0.15,0.85,0.42,0.8611,93.94,79.49,87.01,8,2
Tier5_plus_Tier3,0.15,0.85,0.43,0.8732,93.94,81.58,88.31,7,2
Tier5_plus_Tier3,0.15,0.85,0.44,0.8732,93.94,81.58,88.31,7,2
Tier5_plus_Tier3,0.15,0.85,0.45,0.8732,93.94,81.58,88.31,7,2
Tier5_plus_Tier3,0.15,0.85,0.46,0.8732,93.94,81.58,88.31,7,2
Tier5_plus_Tier3,0.15,0.85,0.47,0.8732,93.94,81.58,88.31,7,2
Tier5_plus_Tier3,0.15,0.85,0.48,0.8857,93.94,83.78,89.61,6,2
Tier5_plus_Tier3,0.15,0.85,0.49,0.8857,93.94,83.78,89.61,6,2
Tier5_plus_Tier3,0.15,0.85,0.5,0.8857,93.94,83.78,89.61,6,2
Tier5_plus_Tier3,0.15,0.85,0.51,0.8857,93.94,83.78,89.61,6,2
Tier5_plus_Tier3,0.15,0.85,0.52,0.8857,93.94,83.78,89.61,6,2
Tier5_plus_Tier3,0.15,0.85,0.53,0.8857,93.94,83.78,89.61,6,2
Tier5_plus_Tier3,0.15,0.85,0.54,0.8696,90.91,83.33,88.31,6,3
Tier5_plus_Tier3,0.15,0.85,0.55,0.8696,90.91,83.33,88.31,6,3
Tier5_plus_Tier3,0.15,0.85,0.56,0.8529,87.88,82.86,87.01,6,4
Tier5_plus_Tier3,0.15,0.85,0.57,0.8529,87.88,82.86,87.01,6,4
Tier5_plus_Tier3,0.15,0.85,0.58,0.8529,87.88,82.86,87.01,6,4
Tier5_plus_Tier3,0.15,0.85,0.59,0.8529,87.88,82.86,87.01,6,4
Tier5_plus_Tier3,0.15,0.85,0.6,0.8529,87.88,82.86,87.01,6,4
Tier5_plus_Tier3,0.15,0.85,0.61,0.8529,87.88,82.86,87.01,6,4
Tier5_plus_Tier3,0.15,0.85,0.62,0.8358,84.85,82.35,85.71,6,5
Tier5_plus_Tier3,0.15,0.85,0.63,0.8358,84.85,82.35,85.71,6,5
Tier5_plus_Tier3,0.15,0.85,0.64,0.8358,84.85,82.35,85.71,6,5
Tier5_plus_Tier3,0.15,0.85,0.65,0.8182,81.82,81.82,84.42,6,6
Tier5_plus_Tier3,0.15,0.85,0.66,0.8182,81.82,81.82,84.42,6,6
Tier5_plus_Tier3,0.15,0.85,0.67,0.8182,81.82,81.82,84.42,6,6
Tier5_plus_Tier3,0.15,0.85,0.68,0.8182,81.82,81.82,84.42,6,6
Tier5_plus_Tier3,0.15,0.85,0.69,0.8182,81.82,81.82,84.42,6,6
Tier5_plus_Tier3,0.15,0.85,0.7,0.8,78.79,81.25,83.12,6,7
Tier5_plus_Tier3,0.2,0.8,0.3,0.8378,93.94,75.61,84.42,10,2
Tier5_plus_Tier3,0.2,0.8,0.31,0.8378,93.94,75.61,84.42,10,2
Tier5_plus_Tier3,0.2,0.8,0.32,0.8378,93.94,75.61,84.42,10,2
Tier5_plus_Tier3,0.2,0.8,0.33,0.8378,93.94,75.61,84.42,10,2
Tier5_plus_Tier3,0.2,0.8,0.34,0.8378,93.94,75.61,84.42,10,2
Tier5_plus_Tier3,0.2,0.8,0.35,0.8378,93.94,75.61,84.42,10,2
Tier5_plus_Tier3,0.2,0.8,0.36,0.8493,93.94,77.5,85.71,9,2
Tier5_plus_Tier3,0.2,0.8,0.37,0.8493,93.94,77.5,85.71,9,2
Tier5_plus_Tier3,0.2,0.8,0.38,0.8611,93.94,79.49,87.01,8,2
Tier5_plus_Tier3,0.2,0.8,0.39,0.8611,93.94,79.49,87.01,8,2
Tier5_plus_Tier3,0.2,0.8,0.4,0.8611,93.94,79.49,87.01,8,2
Tier5_plus_Tier3,0.2,0.8,0.41,0.8732,93.94,81.58,88.31,7,2
Tier5_plus_Tier3,0.2,0.8,0.42,0.8732,93.94,81.58,88.31,7,2
Tier5_plus_Tier3,0.2,0.8,0.43,0.8732,93.94,81.58,88.31,7,2
Tier5_plus_Tier3,0.2,0.8,0.44,0.8732,93.94,81.58,88.31,7,2
Tier5_plus_Tier3,0.2,0.8,0.45,0.8732,93.94,81.58,88.31,7,2
Tier5_plus_Tier3,0.2,0.8,0.46,0.8732,93.94,81.58,88.31,7,2
Tier5_plus_Tier3,0.2,0.8,0.47,0.8732,93.94,81.58,88.31,7,2
Tier5_plus_Tier3,0.2,0.8,0.48,0.8857,93.94,83.78,89.61,6,2
Tier5_plus_Tier3,0.2,0.8,0.49,0.8857,93.94,83.78,89.61,6,2
Tier5_plus_Tier3,0.2,0.8,0.5,0.8857,93.94,83.78,89.61,6,2
Tier5_plus_Tier3,0.2,0.8,0.51,0.8857,93.94,83.78,89.61,6,2
Tier5_plus_Tier3,0.2,0.8,0.52,0.8696,90.91,83.33,88.31,6,3
Tier5_plus_Tier3,0.2,0.8,0.53,0.8696,90.91,83.33,88.31,6,3
Tier5_plus_Tier3,0.2,0.8,0.54,0.8696,90.91,83.33,88.31,6,3
Tier5_plus_Tier3,0.2,0.8,0.55,0.8696,90.91,83.33,88.31,6,3
Tier5_plus_Tier3,0.2,0.8,0.56,0.8696,90.91,83.33,88.31,6,3
Tier5_plus_Tier3,0.2,0.8,0.57,0.8696,90.91,83.33,88.31,6,3
Tier5_plus_Tier3,0.2,0.8,0.58,0.8529,87.88,82.86,87.01,6,4
Tier5_plus_Tier3,0.2,0.8,0.59,0.8529,87.88,82.86,87.01,6,4
Tier5_plus_Tier3,0.2,0.8,0.6,0.8529,87.88,82.86,87.01,6,4
Tier5_plus_Tier3,0.2,0.8,0.61,0.8529,87.88,82.86,87.01,6,4
Tier5_plus_Tier3,0.2,0.8,0.62,0.8529,87.88,82.86,87.01,6,4
Tier5_plus_Tier3,0.2,0.8,0.63,0.8529,87.88,82.86,87.01,6,4
Tier5_plus_Tier3,0.2,0.8,0.64,0.8358,84.85,82.35,85.71,6,5
Tier5_plus_Tier3,0.2,0.8,0.65,0.8358,84.85,82.35,85.71,6,5
Tier5_plus_Tier3,0.2,0.8,0.66,0.8182,81.82,81.82,84.42,6,6
Tier5_plus_Tier3,0.2,0.8,0.67,0.8182,81.82,81.82,84.42,6,6
Tier5_plus_Tier3,0.2,0.8,0.68,0.8182,81.82,81.82,84.42,6,6
Tier5_plus_Tier3,0.2,0.8,0.69,0.8182,81.82,81.82,84.42,6,6
Tier5_plus_Tier3,0.2,0.8,0.7,0.8182,81.82,81.82,84.42,6,6
Tier5_plus_Tier3,0.25,0.75,0.3,0.8378,93.94,75.61,84.42,10,2
Tier5_plus_Tier3,0.25,0.75,0.31,0.8378,93.94,75.61,84.42,10,2
Tier5_plus_Tier3,0.25,0.75,0.32,0.8378,93.94,75.61,84.42,10,2
Tier5_plus_Tier3,0.25,0.75,0.33,0.8378,93.94,75.61,84.42,10,2
Tier5_plus_Tier3,0.25,0.75,0.34,0.8378,93.94,75.61,84.42,10,2
Tier5_plus_Tier3,0.25,0.75,0.35,0.8493,93.94,77.5,85.71,9,2
Tier5_plus_Tier3,0.25,0.75,0.36,0.8493,93.94,77.5,85.71,9,2
Tier5_plus_Tier3,0.25,0.75,0.37,0.8611,93.94,79.49,87.01,8,2
Tier5_plus_Tier3,0.25,0.75,0.38,0.8611,93.94,79.49,87.01,8,2
Tier5_plus_Tier3,0.25,0.75,0.39,0.8732,93.94,81.58,88.31,7,2
Tier5_plus_Tier3,0.25,0.75,0.4,0.8732,93.94,81.58,88.31,7,2
Tier5_plus_Tier3,0.25,0.75,0.41,0.8732,93.94,81.58,88.31,7,2
Tier5_plus_Tier3,0.25,0.75,0.42,0.8732,93.94,81.58,88.31,7,2
Tier5_plus_Tier3,0.25,0.75,0.43,0.8732,93.94,81.58,88.31,7,2
Tier5_plus_Tier3,0.25,0.75,0.44,0.8732,93.94,81.58,88.31,7,2
Tier5_plus_Tier3,0.25,0.75,0.45,0.8732,93.94,81.58,88.31,7,2
Tier5_plus_Tier3,0.25,0.75,0.46,0.8732,93.94,81.58,88.31,7,2
Tier5_plus_Tier3,0.25,0.75,0.47,0.8732,93.94,81.58,88.31,7,2
Tier5_plus_Tier3,0.25,0.75,0.48,0.8857,93.94,83.78,89.61,6,2
Tier5_plus_Tier3,0.25,0.75,0.49,0.8857,93.94,83.78,89.61,6,2
Tier5_plus_Tier3,0.25,0.75,0.5,0.8696,90.91,83.33,88.31,6,3
Tier5_plus_Tier3,0.25,0.75,0.51,0.8696,90.91,83.33,88.31,6,3
Tier5_plus_Tier3,0.25,0.75,0.52,0.8696,90.91,83.33,88.31,6,3
Tier5_plus_Tier3,0.25,0.75,0.53,0.8696,90.91,83.33,88.31,6,3
Tier5_plus_Tier3,0.25,0.75,0.54,0.8696,90.91,83.33,88.31,6,3
Tier5_plus_Tier3,0.25,0.75,0.55,0.8696,90.91,83.33,88.31,6,3
Tier5_plus_Tier3,0.25,0.75,0.56,0.8696,90.91,83.33,88.31,6,3
Tier5_plus_Tier3,0.25,0.75,0.57,0.8696,90.91,83.33,88.31,6,3
Tier5_plus_Tier3,0.25,0.75,0.58,0.8696,90.91,83.33,88.31,6,3
Tier5_plus_Tier3,0.25,0.75,0.59,0.8529,87.88,82.86,87.01,6,4
Tier5_plus_Tier3,0.25,0.75,0.6,0.8529,87.88,82.86,87.01,6,4
Tier5_plus_Tier3,0.25,0.75,0.61,0.8529,87.88,82.86,87.01,6,4
Tier5_plus_Tier3,0.25,0.75,0.62,0.8529,87.88,82.86,87.01,6,4
Tier5_plus_Tier3,0.25,0.75,0.63,0.8529,87.88,82.86,87.01,6,4
Tier5_plus_Tier3,0.25,0.75,0.64,0.8529,87.88,82.86,87.01,6,4
Tier5_plus_Tier3,0.25,0.75,0.65,0.8529,87.88,82.86,87.01,6,4
Tier5_plus_Tier3,0.25,0.75,0.66,0.8182,81.82,81.82,84.42,6,6
Tier5_plus_Tier3,0.25,0.75,0.67,0.8182,81.82,81.82,84.42,6,6
Tier5_plus_Tier3,0.25,0.75,0.68,0.8065,75.76,86.21,84.42,4,8
Tier5_plus_Tier3,0.25,0.75,0.69,0.8333,75.76,92.59,87.01,2,8
Tier5_plus_Tier3,0.25,0.75,0.7,0.8333,75.76,92.59,87.01,2,8
Tier5_plus_Tier3,0.3,0.7,0.3,0.8378,93.94,75.61,84.42,10,2
Tier5_plus_Tier3,0.3,0.7,0.31,0.8378,93.94,75.61,84.42,10,2
Tier5_plus_Tier3,0.3,0.7,0.32,0.8378,93.94,75.61,84.42,10,2
Tier5_plus_Tier3,0.3,0.7,0.33,0.8493,93.94,77.5,85.71,9,2
Tier5_plus_Tier3,0.3,0.7,0.34,0.8493,93.94,77.5,85.71,9,2
Tier5_plus_Tier3,0.3,0.7,0.35,0.8611,93.94,79.49,87.01,8,2
Tier5_plus_Tier3,0.3,0.7,0.36,0.8611,93.94,79.49,87.01,8,2
Tier5_plus_Tier3,0.3,0.7,0.37,0.8732,93.94,81.58,88.31,7,2
Tier5_plus_Tier3,0.3,0.7,0.38,0.8732,93.94,81.58,88.31,7,2
Tier5_plus_Tier3,0.3,0.7,0.39,0.8732,93.94,81.58,88.31,7,2
Tier5_plus_Tier3,0.3,0.7,0.4,0.8732,93.94,81.58,88.31,7,2
Tier5_plus_Tier3,0.3,0.7,0.41,0.8732,93.94,81.58,88.31,7,2
Tier5_plus_Tier3,0.3,0.7,0.42,0.8732,93.94,81.58,88.31,7,2
Tier5_plus_Tier3,0.3,0.7,0.43,0.8732,93.94,81.58,88.31,7,2
Tier5_plus_Tier3,0.3,0.7,0.44,0.8732,93.94,81.58,88.31,7,2
Tier5_plus_Tier3,0.3,0.7,0.45,0.8732,93.94,81.58,88.31,7,2
Tier5_plus_Tier3,0.3,0.7,0.46,0.8732,93.94,81.58,88.31,7,2
Tier5_plus_Tier3,0.3,0.7,0.47,0.8732,93.94,81.58,88.31,7,2
Tier5_plus_Tier3,0.3,0.7,0.48,0.8696,90.91,83.33,88.31,6,3
Tier5_plus_Tier3,0.3,0.7,0.49,0.8696,90.91,83.33,88.31,6,3
Tier5_plus_Tier3,0.3,0.7,0.5,0.8696,90.91,83.33,88.31,6,3
Tier5_plus_Tier3,0.3,0.7,0.51,0.8696,90.91,83.33,88.31,6,3
Tier5_plus_Tier3,0.3,0.7,0.52,0.8696,90.91,83.33,88.31,6,3
Tier5_plus_Tier3,0.3,0.7,0.53,0.8696,90.91,83.33,88.31,6,3
Tier5_plus_Tier3,0.3,0.7,0.54,0.8696,90.91,83.33,88.31,6,3
Tier5_plus_Tier3,0.3,0.7,0.55,0.8696,90.91,83.33,88.31,6,3
Tier5_plus_Tier3,0.3,0.7,0.56,0.8696,90.91,83.33,88.31,6,3
Tier5_plus_Tier3,0.3,0.7,0.57,0.8696,90.91,83.33,88.31,6,3
Tier5_plus_Tier3,0.3,0.7,0.58,0.8696,90.91,83.33,88.31,6,3
Tier5_plus_Tier3,0.3,0.7,0.59,0.8696,90.91,83.33,88.31,6,3
Tier5_plus_Tier3,0.3,0.7,0.6,0.8696,90.91,83.33,88.31,6,3
Tier5_plus_Tier3,0.3,0.7,0.61,0.8529,87.88,82.86,87.01,6,4
Tier5_plus_Tier3,0.3,0.7,0.62,0.8529,87.88,82.86,87.01,6,4
Tier5_plus_Tier3,0.3,0.7,0.63,0.8529,87.88,82.86,87.01,6,4
Tier5_plus_Tier3,0.3,0.7,0.64,0.8438,81.82,87.1,87.01,4,6
Tier5_plus_Tier3,0.3,0.7,0.65,0.871,81.82,93.1,89.61,2,6
Tier5_plus_Tier3,0.3,0.7,0.66,0.871,81.82,93.1,89.61,2,6
Tier5_plus_Tier3,0.3,0.7,0.67,0.8525,78.79,92.86,88.31,2,7
Tier5_plus_Tier3,0.3,0.7,0.68,0.8333,75.76,92.59,87.01,2,8
Tier5_plus_Tier3,0.3,0.7,0.69,0.8136,72.73,92.31,85.71,2,9
Tier5_plus_Tier3,0.3,0.7,0.7,0.8214,69.7,100.0,87.01,0,10
Tier5_plus_Tier3,0.35,0.65,0.3,0.8378,93.94,75.61,84.42,10,2
Tier5_plus_Tier3,0.35,0.65,0.31,0.8493,93.94,77.5,85.71,9,2
Tier5_plus_Tier3,0.35,0.65,0.32,0.8493,93.94,77.5,85.71,9,2
Tier5_plus_Tier3,0.35,0.65,0.33,0.8493,93.94,77.5,85.71,9,2
Tier5_plus_Tier3,0.35,0.65,0.34,0.8611,93.94,79.49,87.01,8,2
Tier5_plus_Tier3,0.35,0.65,0.35,0.8732,93.94,81.58,88.31,7,2
Tier5_plus_Tier3,0.35,0.65,0.36,0.8732,93.94,81.58,88.31,7,2
Tier5_plus_Tier3,0.35,0.65,0.37,0.8732,93.94,81.58,88.31,7,2
Tier5_plus_Tier3,0.35,0.65,0.38,0.8732,93.94,81.58,88.31,7,2
Tier5_plus_Tier3,0.35,0.65,0.39,0.8732,93.94,81.58,88.31,7,2
Tier5_plus_Tier3,0.35,0.65,0.4,0.8732,93.94,81.58,88.31,7,2
Tier5_plus_Tier3,0.35,0.65,0.41,0.8732,93.94,81.58,88.31,7,2
Tier5_plus_Tier3,0.35,0.65,0.42,0.8732,93.94,81.58,88.31,7,2
Tier5_plus_Tier3,0.35,0.65,0.43,0.8732,93.94,81.58,88.31,7,2
Tier5_plus_Tier3,0.35,0.65,0.44,0.8732,93.94,81.58,88.31,7,2
Tier5_plus_Tier3,0.35,0.65,0.45,0.8732,93.94,81.58,88.31,7,2
Tier5_plus_Tier3,0.35,0.65,0.46,0.8571,90.91,81.08,87.01,7,3
Tier5_plus_Tier3,0.35,0.65,0.47,0.8571,90.91,81.08,87.01,7,3
Tier5_plus_Tier3,0.35,0.65,0.48,0.8696,90.91,83.33,88.31,6,3
Tier5_plus_Tier3,0.35,0.65,0.49,0.8696,90.91,83.33,88.31,6,3
Tier5_plus_Tier3,0.35,0.65,0.5,0.8696,90.91,83.33,88.31,6,3
Tier5_plus_Tier3,0.35,0.65,0.51,0.8696,90.91,83.33,88.31,6,3
Tier5_plus_Tier3,0.35,0.65,0.52,0.8696,90.91,83.33,88.31,6,3
Tier5_plus_Tier3,0.35,0.65,0.53,0.8696,90.91,83.33,88.31,6,3
Tier5_plus_Tier3,0.35,0.65,0.54,0.8696,90.91,83.33,88.31,6,3
Tier5_plus_Tier3,0.35,0.65,0.55,0.8696,90.91,83.33,88.31,6,3
Tier5_plus_Tier3,0.35,0.65,0.56,0.8696,90.91,83.33,88.31,6,3
Tier5_plus_Tier3,0.35,0.65,0.57,0.8696,90.91,83.33,88.31,6,3
Tier5_plus_Tier3,0.35,0.65,0.58,0.8696,90.91,83.33,88.31,6,3
Tier5_plus_Tier3,0.35,0.65,0.59,0.8955,90.91,88.24,90.91,4,3
Tier5_plus_Tier3,0.35,0.65,0.6,0.9062,87.88,93.55,92.21,2,4
Tier5_plus_Tier3,0.35,0.65,0.61,0.8889,84.85,93.33,90.91,2,5
Tier5_plus_Tier3,0.35,0.65,0.62,0.871,81.82,93.1,89.61,2,6
Tier5_plus_Tier3,0.35,0.65,0.63,0.871,81.82,93.1,89.61,2,6
Tier5_plus_Tier3,0.35,0.65,0.64,0.871,81.82,93.1,89.61,2,6
Tier5_plus_Tier3,0.35,0.65,0.65,0.8814,78.79,100.0,90.91,0,7
Tier5_plus_Tier3,0.35,0.65,0.66,0.8814,78.79,100.0,90.91,0,7
Tier5_plus_Tier3,0.35,0.65,0.67,0.8621,75.76,100.0,89.61,0,8
Tier5_plus_Tier3,0.35,0.65,0.68,0.8,66.67,100.0,85.71,0,11
Tier5_plus_Tier3,0.35,0.65,0.69,0.8,66.67,100.0,85.71,0,11
Tier5_plus_Tier3,0.35,0.65,0.7,0.8,66.67,100.0,85.71,0,11
Tier5_plus_Tier3,0.4,0.6,0.3,0.8493,93.94,77.5,85.71,9,2
Tier5_plus_Tier3,0.4,0.6,0.31,0.8493,93.94,77.5,85.71,9,2
Tier5_plus_Tier3,0.4,0.6,0.32,0.8611,93.94,79.49,87.01,8,2
Tier5_plus_Tier3,0.4,0.6,0.33,0.8732,93.94,81.58,88.31,7,2
Tier5_plus_Tier3,0.4,0.6,0.34,0.8732,93.94,81.58,88.31,7,2
Tier5_plus_Tier3,0.4,0.6,0.35,0.8732,93.94,81.58,88.31,7,2
Tier5_plus_Tier3,0.4,0.6,0.36,0.8732,93.94,81.58,88.31,7,2
Tier5_plus_Tier3,0.4,0.6,0.37,0.8732,93.94,81.58,88.31,7,2
Tier5_plus_Tier3,0.4,0.6,0.38,0.8732,93.94,81.58,88.31,7,2
Tier5_plus_Tier3,0.4,0.6,0.39,0.8732,93.94,81.58,88.31,7,2
Tier5_plus_Tier3,0.4,0.6,0.4,0.8732,93.94,81.58,88.31,7,2
Tier5_plus_Tier3,0.4,0.6,0.41,0.8732,93.94,81.58,88.31,7,2
Tier5_plus_Tier3,0.4,0.6,0.42,0.8732,93.94,81.58,88.31,7,2
Tier5_plus_Tier3,0.4,0.6,0.43,0.8732,93.94,81.58,88.31,7,2
Tier5_plus_Tier3,0.4,0.6,0.44,0.8571,90.91,81.08,87.01,7,3
Tier5_plus_Tier3,0.4,0.6,0.45,0.8571,90.91,81.08,87.01,7,3
Tier5_plus_Tier3,0.4,0.6,0.46,0.8571,90.91,81.08,87.01,7,3
Tier5_plus_Tier3,0.4,0.6,0.47,0.8571,90.91,81.08,87.01,7,3
Tier5_plus_Tier3,0.4,0.6,0.48,0.8696,90.91,83.33,88.31,6,3
Tier5_plus_Tier3,0.4,0.6,0.49,0.8696,90.91,83.33,88.31,6,3
Tier5_plus_Tier3,0.4,0.6,0.5,0.8696,90.91,83.33,88.31,6,3
Tier5_plus_Tier3,0.4,0.6,0.51,0.8696,90.91,83.33,88.31,6,3
Tier5_plus_Tier3,0.4,0.6,0.52,0.8696,90.91,83.33,88.31,6,3
Tier5_plus_Tier3,0.4,0.6,0.53,0.8696,90.91,83.33,88.31,6,3
Tier5_plus_Tier3,0.4,0.6,0.54,0.8696,90.91,83.33,88.31,6,3
Tier5_plus_Tier3,0.4,0.6,0.55,0.9231,90.91,93.75,93.51,2,3
Tier5_plus_Tier3,0.4,0.6,0.56,0.9062,87.88,93.55,92.21,2,4
Tier5_plus_Tier3,0.4,0.6,0.57,0.8889,84.85,93.33,90.91,2,5
Tier5_plus_Tier3,0.4,0.6,0.58,0.8889,84.85,93.33,90.91,2,5
Tier5_plus_Tier3,0.4,0.6,0.59,0.8889,84.85,93.33,90.91,2,5
Tier5_plus_Tier3,0.4,0.6,0.6,0.9,81.82,100.0,92.21,0,6
Tier5_plus_Tier3,0.4,0.6,0.61,0.9,81.82,100.0,92.21,0,6
Tier5_plus_Tier3,0.4,0.6,0.62,0.8814,78.79,100.0,90.91,0,7
Tier5_plus_Tier3,0.4,0.6,0.63,0.8814,78.79,100.0,90.91,0,7
Tier5_plus_Tier3,0.4,0.6,0.64,0.8421,72.73,100.0,88.31,0,9
Tier5_plus_Tier3,0.4,0.6,0.65,0.8421,72.73,100.0,88.31,0,9
Tier5_plus_Tier3,0.4,0.6,0.66,0.8421,72.73,100.0,88.31,0,9
Tier5_plus_Tier3,0.4,0.6,0.67,0.8214,69.7,100.0,87.01,0,10
Tier5_plus_Tier3,0.4,0.6,0.68,0.8214,69.7,100.0,87.01,0,10
Tier5_plus_Tier3,0.4,0.6,0.69,0.8,66.67,100.0,85.71,0,11
Tier5_plus_Tier3,0.4,0.6,0.7,0.8,66.67,100.0,85.71,0,11
Tier5_plus_Tier3,0.45,0.55,0.3,0.8493,93.94,77.5,85.71,9,2
Tier5_plus_Tier3,0.45,0.55,0.31,0.8732,93.94,81.58,88.31,7,2
Tier5_plus_Tier3,0.45,0.55,0.32,0.8732,93.94,81.58,88.31,7,2
Tier5_plus_Tier3,0.45,0.55,0.33,0.8732,93.94,81.58,88.31,7,2
Tier5_plus_Tier3,0.45,0.55,0.34,0.8732,93.94,81.58,88.31,7,2
Tier5_plus_Tier3,0.45,0.55,0.35,0.8732,93.94,81.58,88.31,7,2
Tier5_plus_Tier3,0.45,0.55,0.36,0.8732,93.94,81.58,88.31,7,2
Tier5_plus_Tier3,0.45,0.55,0.37,0.8732,93.94,81.58,88.31,7,2
Tier5_plus_Tier3,0.45,0.55,0.38,0.8732,93.94,81.58,88.31,7,2
Tier5_plus_Tier3,0.45,0.55,0.39,0.8732,93.94,81.58,88.31,7,2
Tier5_plus_Tier3,0.45,0.55,0.4,0.8732,93.94,81.58,88.31,7,2
Tier5_plus_Tier3,0.45,0.55,0.41,0.8732,93.94,81.58,88.31,7,2
Tier5_plus_Tier3,0.45,0.55,0.42,0.8571,90.91,81.08,87.01,7,3
Tier5_plus_Tier3,0.45,0.55,0.43,0.8571,90.91,81.08,87.01,7,3
Tier5_plus_Tier3,0.45,0.55,0.44,0.8571,90.91,81.08,87.01,7,3
Tier5_plus_Tier3,0.45,0.55,0.45,0.8571,90.91,81.08,87.01,7,3
Tier5_plus_Tier3,0.45,0.55,0.46,0.8571,90.91,81.08,87.01,7,3
Tier5_plus_Tier3,0.45,0.55,0.47,0.8571,90.91,81.08,87.01,7,3
Tier5_plus_Tier3,0.45,0.55,0.48,0.8571,90.91,81.08,87.01,7,3
Tier5_plus_Tier3,0.45,0.55,0.49,0.8696,90.91,83.33,88.31,6,3
Tier5_plus_Tier3,0.45,0.55,0.5,0.8955,90.91,88.24,90.91,4,3
Tier5_plus_Tier3,0.45,0.55,0.51,0.9231,90.91,93.75,93.51,2,3
Tier5_plus_Tier3,0.45,0.55,0.52,0.9062,87.88,93.55,92.21,2,4
Tier5_plus_Tier3,0.45,0.55,0.53,0.9062,87.88,93.55,92.21,2,4
Tier5_plus_Tier3,0.45,0.55,0.54,0.8889,84.85,93.33,90.91,2,5
Tier5_plus_Tier3,0.45,0.55,0.55,0.9,81.82,100.0,92.21,0,6
Tier5_plus_Tier3,0.45,0.55,0.56,0.9,81.82,100.0,92.21,0,6
Tier5_plus_Tier3,0.45,0.55,0.57,0.8814,78.79,100.0,90.91,0,7
Tier5_plus_Tier3,0.45,0.55,0.58,0.8814,78.79,100.0,90.91,0,7
Tier5_plus_Tier3,0.45,0.55,0.59,0.8621,75.76,100.0,89.61,0,8
Tier5_plus_Tier3,0.45,0.55,0.6,0.8621,75.76,100.0,89.61,0,8
Tier5_plus_Tier3,0.45,0.55,0.61,0.8621,75.76,100.0,89.61,0,8
Tier5_plus_Tier3,0.45,0.55,0.62,0.8621,75.76,100.0,89.61,0,8
Tier5_plus_Tier3,0.45,0.55,0.63,0.8621,75.76,100.0,89.61,0,8
Tier5_plus_Tier3,0.45,0.55,0.64,0.8621,75.76,100.0,89.61,0,8
Tier5_plus_Tier3,0.45,0.55,0.65,0.8214,69.7,100.0,87.01,0,10
Tier5_plus_Tier3,0.45,0.55,0.66,0.8214,69.7,100.0,87.01,0,10
Tier5_plus_Tier3,0.45,0.55,0.67,0.8214,69.7,100.0,87.01,0,10
Tier5_plus_Tier3,0.45,0.55,0.68,0.8214,69.7,100.0,87.01,0,10
Tier5_plus_Tier3,0.45,0.55,0.69,0.8214,69.7,100.0,87.01,0,10
Tier5_plus_Tier3,0.45,0.55,0.7,0.8,66.67,100.0,85.71,0,11
Tier5_plus_Tier3,0.5,0.5,0.3,0.8493,93.94,77.5,85.71,9,2
Tier5_plus_Tier3,0.5,0.5,0.31,0.8732,93.94,81.58,88.31,7,2
Tier5_plus_Tier3,0.5,0.5,0.32,0.8732,93.94,81.58,88.31,7,2
Tier5_plus_Tier3,0.5,0.5,0.33,0.8732,93.94,81.58,88.31,7,2
Tier5_plus_Tier3,0.5,0.5,0.34,0.8732,93.94,81.58,88.31,7,2
Tier5_plus_Tier3,0.5,0.5,0.35,0.8732,93.94,81.58,88.31,7,2
Tier5_plus_Tier3,0.5,0.5,0.36,0.8732,93.94,81.58,88.31,7,2
Tier5_plus_Tier3,0.5,0.5,0.37,0.8732,93.94,81.58,88.31,7,2
Tier5_plus_Tier3,0.5,0.5,0.38,0.8732,93.94,81.58,88.31,7,2
Tier5_plus_Tier3,0.5,0.5,0.39,0.8732,93.94,81.58,88.31,7,2
Tier5_plus_Tier3,0.5,0.5,0.4,0.8571,90.91,81.08,87.01,7,3
Tier5_plus_Tier3,0.5,0.5,0.41,0.8571,90.91,81.08,87.01,7,3
Tier5_plus_Tier3,0.5,0.5,0.42,0.8571,90.91,81.08,87.01,7,3
Tier5_plus_Tier3,0.5,0.5,0.43,0.8571,90.91,81.08,87.01,7,3
Tier5_plus_Tier3,0.5,0.5,0.44,0.8571,90.91,81.08,87.01,7,3
Tier5_plus_Tier3,0.5,0.5,0.45,0.8571,90.91,81.08,87.01,7,3
Tier5_plus_Tier3,0.5,0.5,0.46,0.9091,90.91,90.91,92.21,3,3
Tier5_plus_Tier3,0.5,0.5,0.47,0.8923,87.88,90.62,90.91,3,4
Tier5_plus_Tier3,0.5,0.5,0.48,0.8923,87.88,90.62,90.91,3,4
Tier5_plus_Tier3,0.5,0.5,0.49,0.9062,87.88,93.55,92.21,2,4
Tier5_plus_Tier3,0.5,0.5,0.5,0.9,81.82,100.0,92.21,0,6
Tier5_plus_Tier3,0.5,0.5,0.51,0.9,81.82,100.0,92.21,0,6
Tier5_plus_Tier3,0.5,0.5,0.52,0.9,81.82,100.0,92.21,0,6
Tier5_plus_Tier3,0.5,0.5,0.53,0.8814,78.79,100.0,90.91,0,7
Tier5_plus_Tier3,0.5,0.5,0.54,0.8814,78.79,100.0,90.91,0,7
Tier5_plus_Tier3,0.5,0.5,0.55,0.8621,75.76,100.0,89.61,0,8
Tier5_plus_Tier3,0.5,0.5,0.56,0.8621,75.76,100.0,89.61,0,8
Tier5_plus_Tier3,0.5,0.5,0.57,0.8621,75.76,100.0,89.61,0,8
Tier5_plus_Tier3,0.5,0.5,0.58,0.8621,75.76,100.0,89.61,0,8
Tier5_plus_Tier3,0.5,0.5,0.59,0.8621,75.76,100.0,89.61,0,8
Tier5_plus_Tier3,0.5,0.5,0.6,0.8621,75.76,100.0,89.61,0,8
Tier5_plus_Tier3,0.5,0.5,0.61,0.8621,75.76,100.0,89.61,0,8
Tier5_plus_Tier3,0.5,0.5,0.62,0.8621,75.76,100.0,89.61,0,8
Tier5_plus_Tier3,0.5,0.5,0.63,0.8621,75.76,100.0,89.61,0,8
Tier5_plus_Tier3,0.5,0.5,0.64,0.8421,72.73,100.0,88.31,0,9
Tier5_plus_Tier3,0.5,0.5,0.65,0.8421,72.73,100.0,88.31,0,9
Tier5_plus_Tier3,0.5,0.5,0.66,0.8214,69.7,100.0,87.01,0,10
Tier5_plus_Tier3,0.5,0.5,0.67,0.8214,69.7,100.0,87.01,0,10
Tier5_plus_Tier3,0.5,0.5,0.68,0.8214,69.7,100.0,87.01,0,10
Tier5_plus_Tier3,0.5,0.5,0.69,0.8214,69.7,100.0,87.01,0,10
Tier5_plus_Tier3,0.5,0.5,0.7,0.8,66.67,100.0,85.71,0,11
Tier5_plus_Tier3,0.55,0.45,0.3,0.8493,93.94,77.5,85.71,9,2
Tier5_plus_Tier3,0.55,0.45,0.31,0.8493,93.94,77.5,85.71,9,2
Tier5_plus_Tier3,0.55,0.45,0.32,0.8493,93.94,77.5,85.71,9,2
Tier5_plus_Tier3,0.55,0.45,0.33,0.8732,93.94,81.58,88.31,7,2
Tier5_plus_Tier3,0.55,0.45,0.34,0.8732,93.94,81.58,88.31,7,2
Tier5_plus_Tier3,0.55,0.45,0.35,0.8732,93.94,81.58,88.31,7,2
Tier5_plus_Tier3,0.55,0.45,0.36,0.8732,93.94,81.58,88.31,7,2
Tier5_plus_Tier3,0.55,0.45,0.37,0.8732,93.94,81.58,88.31,7,2
Tier5_plus_Tier3,0.55,0.45,0.38,0.8571,90.91,81.08,87.01,7,3
Tier5_plus_Tier3,0.55,0.45,0.39,0.8571,90.91,81.08,87.01,7,3
Tier5_plus_Tier3,0.55,0.45,0.4,0.8571,90.91,81.08,87.01,7,3
Tier5_plus_Tier3,0.55,0.45,0.41,0.8824,90.91,85.71,89.61,5,3
Tier5_plus_Tier3,0.55,0.45,0.42,0.9091,90.91,90.91,92.21,3,3
Tier5_plus_Tier3,0.55,0.45,0.43,0.8923,87.88,90.62,90.91,3,4
Tier5_plus_Tier3,0.55,0.45,0.44,0.8923,87.88,90.62,90.91,3,4
Tier5_plus_Tier3,0.55,0.45,0.45,0.9032,84.85,96.55,92.21,1,5
Tier5_plus_Tier3,0.55,0.45,0.46,0.9032,84.85,96.55,92.21,1,5
Tier5_plus_Tier3,0.55,0.45,0.47,0.8852,81.82,96.43,90.91,1,6
Tier5_plus_Tier3,0.55,0.45,0.48,0.8667,78.79,96.3,89.61,1,7
Tier5_plus_Tier3,0.55,0.45,0.49,0.8814,78.79,100.0,90.91,0,7
Tier5_plus_Tier3,0.55,0.45,0.5,0.8814,78.79,100.0,90.91,0,7
Tier5_plus_Tier3,0.55,0.45,0.51,0.8621,75.76,100.0,89.61,0,8
Tier5_plus_Tier3,0.55,0.45,0.52,0.8621,75.76,100.0,89.61,0,8
Tier5_plus_Tier3,0.55,0.45,0.53,0.8621,75.76,100.0,89.61,0,8
Tier5_plus_Tier3,0.55,0.45,0.54,0.8621,75.76,100.0,89.61,0,8
Tier5_plus_Tier3,0.55,0.45,0.55,0.8621,75.76,100.0,89.61,0,8
Tier5_plus_Tier3,0.55,0.45,0.56,0.8621,75.76,100.0,89.61,0,8
Tier5_plus_Tier3,0.55,0.45,0.57,0.8621,75.76,100.0,89.61,0,8
Tier5_plus_Tier3,0.55,0.45,0.58,0.8621,75.76,100.0,89.61,0,8
Tier5_plus_Tier3,0.55,0.45,0.59,0.8621,75.76,100.0,89.61,0,8
Tier5_plus_Tier3,0.55,0.45,0.6,0.8621,75.76,100.0,89.61,0,8
Tier5_plus_Tier3,0.55,0.45,0.61,0.8621,75.76,100.0,89.61,0,8
Tier5_plus_Tier3,0.55,0.45,0.62,0.8621,75.76,100.0,89.61,0,8
Tier5_plus_Tier3,0.55,0.45,0.63,0.8421,72.73,100.0,88.31,0,9
Tier5_plus_Tier3,0.55,0.45,0.64,0.8421,72.73,100.0,88.31,0,9
Tier5_plus_Tier3,0.55,0.45,0.65,0.8421,72.73,100.0,88.31,0,9
Tier5_plus_Tier3,0.55,0.45,0.66,0.8421,72.73,100.0,88.31,0,9
Tier5_plus_Tier3,0.55,0.45,0.67,0.8421,72.73,100.0,88.31,0,9
Tier5_plus_Tier3,0.55,0.45,0.68,0.8214,69.7,100.0,87.01,0,10
Tier5_plus_Tier3,0.55,0.45,0.69,0.8,66.67,100.0,85.71,0,11
Tier5_plus_Tier3,0.55,0.45,0.7,0.8,66.67,100.0,85.71,0,11
Tier5_plus_Tier3,0.6,0.4,0.3,0.8493,93.94,77.5,85.71,9,2
Tier5_plus_Tier3,0.6,0.4,0.31,0.8493,93.94,77.5,85.71,9,2
Tier5_plus_Tier3,0.6,0.4,0.32,0.8493,93.94,77.5,85.71,9,2
Tier5_plus_Tier3,0.6,0.4,0.33,0.8493,93.94,77.5,85.71,9,2
Tier5_plus_Tier3,0.6,0.4,0.34,0.8732,93.94,81.58,88.31,7,2
Tier5_plus_Tier3,0.6,0.4,0.35,0.8732,93.94,81.58,88.31,7,2
Tier5_plus_Tier3,0.6,0.4,0.36,0.8571,90.91,81.08,87.01,7,3
Tier5_plus_Tier3,0.6,0.4,0.37,0.9091,90.91,90.91,92.21,3,3
Tier5_plus_Tier3,0.6,0.4,0.38,0.9091,90.91,90.91,92.21,3,3
Tier5_plus_Tier3,0.6,0.4,0.39,0.8923,87.88,90.62,90.91,3,4
Tier5_plus_Tier3,0.6,0.4,0.4,0.9032,84.85,96.55,92.21,1,5
Tier5_plus_Tier3,0.6,0.4,0.41,0.9032,84.85,96.55,92.21,1,5
Tier5_plus_Tier3,0.6,0.4,0.42,0.9032,84.85,96.55,92.21,1,5
Tier5_plus_Tier3,0.6,0.4,0.43,0.8852,81.82,96.43,90.91,1,6
Tier5_plus_Tier3,0.6,0.4,0.44,0.8667,78.79,96.3,89.61,1,7
Tier5_plus_Tier3,0.6,0.4,0.45,0.8667,78.79,96.3,89.61,1,7
Tier5_plus_Tier3,0.6,0.4,0.46,0.8667,78.79,96.3,89.61,1,7
Tier5_plus_Tier3,0.6,0.4,0.47,0.8475,75.76,96.15,88.31,1,8
Tier5_plus_Tier3,0.6,0.4,0.48,0.8475,75.76,96.15,88.31,1,8
Tier5_plus_Tier3,0.6,0.4,0.49,0.8621,75.76,100.0,89.61,0,8
Tier5_plus_Tier3,0.6,0.4,0.5,0.8621,75.76,100.0,89.61,0,8
Tier5_plus_Tier3,0.6,0.4,0.51,0.8621,75.76,100.0,89.61,0,8
Tier5_plus_Tier3,0.6,0.4,0.52,0.8621,75.76,100.0,89.61,0,8
Tier5_plus_Tier3,0.6,0.4,0.53,0.8621,75.76,100.0,89.61,0,8
Tier5_plus_Tier3,0.6,0.4,0.54,0.8621,75.76,100.0,89.61,0,8
Tier5_plus_Tier3,0.6,0.4,0.55,0.8621,75.76,100.0,89.61,0,8
Tier5_plus_Tier3,0.6,0.4,0.56,0.8621,75.76,100.0,89.61,0,8
Tier5_plus_Tier3,0.6,0.4,0.57,0.8621,75.76,100.0,89.61,0,8
Tier5_plus_Tier3,0.6,0.4,0.58,0.8621,75.76,100.0,89.61,0,8
Tier5_plus_Tier3,0.6,0.4,0.59,0.8621,75.76,100.0,89.61,0,8
Tier5_plus_Tier3,0.6,0.4,0.6,0.8621,75.76,100.0,89.61,0,8
Tier5_plus_Tier3,0.6,0.4,0.61,0.8621,75.76,100.0,89.61,0,8
Tier5_plus_Tier3,0.6,0.4,0.62,0.8421,72.73,100.0,88.31,0,9
Tier5_plus_Tier3,0.6,0.4,0.63,0.8421,72.73,100.0,88.31,0,9
Tier5_plus_Tier3,0.6,0.4,0.64,0.8421,72.73,100.0,88.31,0,9
Tier5_plus_Tier3,0.6,0.4,0.65,0.8421,72.73,100.0,88.31,0,9
Tier5_plus_Tier3,0.6,0.4,0.66,0.8421,72.73,100.0,88.31,0,9
Tier5_plus_Tier3,0.6,0.4,0.67,0.8421,72.73,100.0,88.31,0,9
Tier5_plus_Tier3,0.6,0.4,0.68,0.8214,69.7,100.0,87.01,0,10
Tier5_plus_Tier3,0.6,0.4,0.69,0.8,66.67,100.0,85.71,0,11
Tier5_plus_Tier3,0.6,0.4,0.7,0.8,66.67,100.0,85.71,0,11
Tier5_plus_Tier3,0.65,0.35,0.3,0.8158,93.94,72.09,81.82,12,2
Tier5_plus_Tier3,0.65,0.35,0.31,0.8158,93.94,72.09,81.82,12,2
Tier5_plus_Tier3,0.65,0.35,0.32,0.8611,93.94,79.49,87.01,8,2
Tier5_plus_Tier3,0.65,0.35,0.33,0.8986,93.94,86.11,90.91,5,2
Tier5_plus_Tier3,0.65,0.35,0.34,0.8824,90.91,85.71,89.61,5,3
Tier5_plus_Tier3,0.65,0.35,0.35,0.875,84.85,90.32,89.61,3,5
Tier5_plus_Tier3,0.65,0.35,0.36,0.9032,84.85,96.55,92.21,1,5
Tier5_plus_Tier3,0.65,0.35,0.37,0.9032,84.85,96.55,92.21,1,5
Tier5_plus_Tier3,0.65,0.35,0.38,0.8852,81.82,96.43,90.91,1,6
Tier5_plus_Tier3,0.65,0.35,0.39,0.8852,81.82,96.43,90.91,1,6
Tier5_plus_Tier3,0.65,0.35,0.4,0.8667,78.79,96.3,89.61,1,7
Tier5_plus_Tier3,0.65,0.35,0.41,0.8667,78.79,96.3,89.61,1,7
Tier5_plus_Tier3,0.65,0.35,0.42,0.8667,78.79,96.3,89.61,1,7
Tier5_plus_Tier3,0.65,0.35,0.43,0.8475,75.76,96.15,88.31,1,8
Tier5_plus_Tier3,0.65,0.35,0.44,0.8475,75.76,96.15,88.31,1,8
Tier5_plus_Tier3,0.65,0.35,0.45,0.8475,75.76,96.15,88.31,1,8
Tier5_plus_Tier3,0.65,0.35,0.46,0.8475,75.76,96.15,88.31,1,8
Tier5_plus_Tier3,0.65,0.35,0.47,0.8475,75.76,96.15,88.31,1,8
Tier5_plus_Tier3,0.65,0.35,0.48,0.8475,75.76,96.15,88.31,1,8
Tier5_plus_Tier3,0.65,0.35,0.49,0.8621,75.76,100.0,89.61,0,8
Tier5_plus_Tier3,0.65,0.35,0.5,0.8621,75.76,100.0,89.61,0,8
Tier5_plus_Tier3,0.65,0.35,0.51,0.8621,75.76,100.0,89.61,0,8
Tier5_plus_Tier3,0.65,0.35,0.52,0.8621,75.76,100.0,89.61,0,8
Tier5_plus_Tier3,0.65,0.35,0.53,0.8621,75.76,100.0,89.61,0,8
Tier5_plus_Tier3,0.65,0.35,0.54,0.8621,75.76,100.0,89.61,0,8
Tier5_plus_Tier3,0.65,0.35,0.55,0.8621,75.76,100.0,89.61,0,8
Tier5_plus_Tier3,0.65,0.35,0.56,0.8621,75.76,100.0,89.61,0,8
Tier5_plus_Tier3,0.65,0.35,0.57,0.8621,75.76,100.0,89.61,0,8
Tier5_plus_Tier3,0.65,0.35,0.58,0.8621,75.76,100.0,89.61,0,8
Tier5_plus_Tier3,0.65,0.35,0.59,0.8621,75.76,100.0,89.61,0,8
Tier5_plus_Tier3,0.65,0.35,0.6,0.8421,72.73,100.0,88.31,0,9
Tier5_plus_Tier3,0.65,0.35,0.61,0.8421,72.73,100.0,88.31,0,9
Tier5_plus_Tier3,0.65,0.35,0.62,0.8421,72.73,100.0,88.31,0,9
Tier5_plus_Tier3,0.65,0.35,0.63,0.8421,72.73,100.0,88.31,0,9
Tier5_plus_Tier3,0.65,0.35,0.64,0.8421,72.73,100.0,88.31,0,9
Tier5_plus_Tier3,0.65,0.35,0.65,0.8421,72.73,100.0,88.31,0,9
Tier5_plus_Tier3,0.65,0.35,0.66,0.8214,69.7,100.0,87.01,0,10
Tier5_plus_Tier3,0.65,0.35,0.67,0.8214,69.7,100.0,87.01,0,10
Tier5_plus_Tier3,0.65,0.35,0.68,0.8214,69.7,100.0,87.01,0,10
Tier5_plus_Tier3,0.65,0.35,0.69,0.8,66.67,100.0,85.71,0,11
Tier5_plus_Tier3,0.65,0.35,0.7,0.8,66.67,100.0,85.71,0,11
Tier5_plus_Tier3,0.7,0.3,0.3,0.8696,90.91,83.33,88.31,6,3
Tier5_plus_Tier3,0.7,0.3,0.31,0.8529,87.88,82.86,87.01,6,4
Tier5_plus_Tier3,0.7,0.3,0.32,0.8358,84.85,82.35,85.71,6,5
Tier5_plus_Tier3,0.7,0.3,0.33,0.8182,81.82,81.82,84.42,6,6
Tier5_plus_Tier3,0.7,0.3,0.34,0.8182,81.82,81.82,84.42,6,6
Tier5_plus_Tier3,0.7,0.3,0.35,0.8571,81.82,90.0,88.31,3,6
Tier5_plus_Tier3,0.7,0.3,0.36,0.8571,81.82,90.0,88.31,3,6
Tier5_plus_Tier3,0.7,0.3,0.37,0.8387,78.79,89.66,87.01,3,7
Tier5_plus_Tier3,0.7,0.3,0.38,0.8667,78.79,96.3,89.61,1,7
Tier5_plus_Tier3,0.7,0.3,0.39,0.8475,75.76,96.15,88.31,1,8
Tier5_plus_Tier3,0.7,0.3,0.4,0.8475,75.76,96.15,88.31,1,8
Tier5_plus_Tier3,0.7,0.3,0.41,0.8475,75.76,96.15,88.31,1,8
Tier5_plus_Tier3,0.7,0.3,0.42,0.8475,75.76,96.15,88.31,1,8
Tier5_plus_Tier3,0.7,0.3,0.43,0.8475,75.76,96.15,88.31,1,8
Tier5_plus_Tier3,0.7,0.3,0.44,0.8475,75.76,96.15,88.31,1,8
Tier5_plus_Tier3,0.7,0.3,0.45,0.8475,75.76,96.15,88.31,1,8
Tier5_plus_Tier3,0.7,0.3,0.46,0.8475,75.76,96.15,88.31,1,8
Tier5_plus_Tier3,0.7,0.3,0.47,0.8475,75.76,96.15,88.31,1,8
Tier5_plus_Tier3,0.7,0.3,0.48,0.8475,75.76,96.15,88.31,1,8
Tier5_plus_Tier3,0.7,0.3,0.49,0.8621,75.76,100.0,89.61,0,8
Tier5_plus_Tier3,0.7,0.3,0.5,0.8621,75.76,100.0,89.61,0,8
Tier5_plus_Tier3,0.7,0.3,0.51,0.8621,75.76,100.0,89.61,0,8
Tier5_plus_Tier3,0.7,0.3,0.52,0.8621,75.76,100.0,89.61,0,8
Tier5_plus_Tier3,0.7,0.3,0.53,0.8621,75.76,100.0,89.61,0,8
Tier5_plus_Tier3,0.7,0.3,0.54,0.8621,75.76,100.0,89.61,0,8
Tier5_plus_Tier3,0.7,0.3,0.55,0.8621,75.76,100.0,89.61,0,8
Tier5_plus_Tier3,0.7,0.3,0.56,0.8621,75.76,100.0,89.61,0,8
Tier5_plus_Tier3,0.7,0.3,0.57,0.8621,75.76,100.0,89.61,0,8
Tier5_plus_Tier3,0.7,0.3,0.58,0.8621,75.76,100.0,89.61,0,8
Tier5_plus_Tier3,0.7,0.3,0.59,0.8421,72.73,100.0,88.31,0,9
Tier5_plus_Tier3,0.7,0.3,0.6,0.8421,72.73,100.0,88.31,0,9
Tier5_plus_Tier3,0.7,0.3,0.61,0.8421,72.73,100.0,88.31,0,9
Tier5_plus_Tier3,0.7,0.3,0.62,0.8421,72.73,100.0,88.31,0,9
Tier5_plus_Tier3,0.7,0.3,0.63,0.8421,72.73,100.0,88.31,0,9
Tier5_plus_Tier3,0.7,0.3,0.64,0.8421,72.73,100.0,88.31,0,9
Tier5_plus_Tier3,0.7,0.3,0.65,0.8214,69.7,100.0,87.01,0,10
Tier5_plus_Tier3,0.7,0.3,0.66,0.8,66.67,100.0,85.71,0,11
Tier5_plus_Tier3,0.7,0.3,0.67,0.8,66.67,100.0,85.71,0,11
Tier5_plus_Tier3,0.7,0.3,0.68,0.8,66.67,100.0,85.71,0,11
Tier5_plus_Tier3,0.7,0.3,0.69,0.8,66.67,100.0,85.71,0,11
Tier5_plus_Tier3,0.7,0.3,0.7,0.7778,63.64,100.0,84.42,0,12
Tier5_plus_Tier3,0.75,0.25,0.3,0.8182,81.82,81.82,84.42,6,6
Tier5_plus_Tier3,0.75,0.25,0.31,0.8182,81.82,81.82,84.42,6,6
Tier5_plus_Tier3,0.75,0.25,0.32,0.8182,81.82,81.82,84.42,6,6
Tier5_plus_Tier3,0.75,0.25,0.33,0.8,78.79,81.25,83.12,6,7
Tier5_plus_Tier3,0.75,0.25,0.34,0.8,78.79,81.25,83.12,6,7
Tier5_plus_Tier3,0.75,0.25,0.35,0.7812,75.76,80.65,81.82,6,8
Tier5_plus_Tier3,0.75,0.25,0.36,0.7812,75.76,80.65,81.82,6,8
Tier5_plus_Tier3,0.75,0.25,0.37,0.8197,75.76,89.29,85.71,3,8
Tier5_plus_Tier3,0.75,0.25,0.38,0.8197,75.76,89.29,85.71,3,8
Tier5_plus_Tier3,0.75,0.25,0.39,0.8197,75.76,89.29,85.71,3,8
Tier5_plus_Tier3,0.75,0.25,0.4,0.8475,75.76,96.15,88.31,1,8
Tier5_plus_Tier3,0.75,0.25,0.41,0.8475,75.76,96.15,88.31,1,8
Tier5_plus_Tier3,0.75,0.25,0.42,0.8475,75.76,96.15,88.31,1,8
Tier5_plus_Tier3,0.75,0.25,0.43,0.8475,75.76,96.15,88.31,1,8
Tier5_plus_Tier3,0.75,0.25,0.44,0.8475,75.76,96.15,88.31,1,8
Tier5_plus_Tier3,0.75,0.25,0.45,0.8475,75.76,96.15,88.31,1,8
Tier5_plus_Tier3,0.75,0.25,0.46,0.8475,75.76,96.15,88.31,1,8
Tier5_plus_Tier3,0.75,0.25,0.47,0.8475,75.76,96.15,88.31,1,8
Tier5_plus_Tier3,0.75,0.25,0.48,0.8475,75.76,96.15,88.31,1,8
Tier5_plus_Tier3,0.75,0.25,0.49,0.8621,75.76,100.0,89.61,0,8
Tier5_plus_Tier3,0.75,0.25,0.5,0.8621,75.76,100.0,89.61,0,8
Tier5_plus_Tier3,0.75,0.25,0.51,0.8621,75.76,100.0,89.61,0,8
Tier5_plus_Tier3,0.75,0.25,0.52,0.8621,75.76,100.0,89.61,0,8
Tier5_plus_Tier3,0.75,0.25,0.53,0.8621,75.76,100.0,89.61,0,8
Tier5_plus_Tier3,0.75,0.25,0.54,0.8621,75.76,100.0,89.61,0,8
Tier5_plus_Tier3,0.75,0.25,0.55,0.8621,75.76,100.0,89.61,0,8
Tier5_plus_Tier3,0.75,0.25,0.56,0.8621,75.76,100.0,89.61,0,8
Tier5_plus_Tier3,0.75,0.25,0.57,0.8621,75.76,100.0,89.61,0,8
Tier5_plus_Tier3,0.75,0.25,0.58,0.8421,72.73,100.0,88.31,0,9
Tier5_plus_Tier3,0.75,0.25,0.59,0.8421,72.73,100.0,88.31,0,9
Tier5_plus_Tier3,0.75,0.25,0.6,0.8421,72.73,100.0,88.31,0,9
Tier5_plus_Tier3,0.75,0.25,0.61,0.8421,72.73,100.0,88.31,0,9
Tier5_plus_Tier3,0.75,0.25,0.62,0.8421,72.73,100.0,88.31,0,9
Tier5_plus_Tier3,0.75,0.25,0.63,0.8421,72.73,100.0,88.31,0,9
Tier5_plus_Tier3,0.75,0.25,0.64,0.8,66.67,100.0,85.71,0,11
Tier5_plus_Tier3,0.75,0.25,0.65,0.8,66.67,100.0,85.71,0,11
Tier5_plus_Tier3,0.75,0.25,0.66,0.8,66.67,100.0,85.71,0,11
Tier5_plus_Tier3,0.75,0.25,0.67,0.8,66.67,100.0,85.71,0,11
Tier5_plus_Tier3,0.75,0.25,0.68,0.7778,63.64,100.0,84.42,0,12
Tier5_plus_Tier3,0.75,0.25,0.69,0.7778,63.64,100.0,84.42,0,12
Tier5_plus_Tier3,0.75,0.25,0.7,0.7778,63.64,100.0,84.42,0,12
Tier5_plus_Tier3,0.8,0.2,0.3,0.8,78.79,81.25,83.12,6,7
Tier5_plus_Tier3,0.8,0.2,0.31,0.7812,75.76,80.65,81.82,6,8
Tier5_plus_Tier3,0.8,0.2,0.32,0.7812,75.76,80.65,81.82,6,8
Tier5_plus_Tier3,0.8,0.2,0.33,0.7812,75.76,80.65,81.82,6,8
Tier5_plus_Tier3,0.8,0.2,0.34,0.7812,75.76,80.65,81.82,6,8
Tier5_plus_Tier3,0.8,0.2,0.35,0.7812,75.76,80.65,81.82,6,8
Tier5_plus_Tier3,0.8,0.2,0.36,0.7812,75.76,80.65,81.82,6,8
Tier5_plus_Tier3,0.8,0.2,0.37,0.7812,75.76,80.65,81.82,6,8
Tier5_plus_Tier3,0.8,0.2,0.38,0.7812,75.76,80.65,81.82,6,8
Tier5_plus_Tier3,0.8,0.2,0.39,0.7937,75.76,83.33,83.12,5,8
Tier5_plus_Tier3,0.8,0.2,0.4,0.8197,75.76,89.29,85.71,3,8
Tier5_plus_Tier3,0.8,0.2,0.41,0.8475,75.76,96.15,88.31,1,8
Tier5_plus_Tier3,0.8,0.2,0.42,0.8475,75.76,96.15,88.31,1,8
Tier5_plus_Tier3,0.8,0.2,0.43,0.8475,75.76,96.15,88.31,1,8
Tier5_plus_Tier3,0.8,0.2,0.44,0.8475,75.76,96.15,88.31,1,8
Tier5_plus_Tier3,0.8,0.2,0.45,0.8475,75.76,96.15,88.31,1,8
Tier5_plus_Tier3,0.8,0.2,0.46,0.8475,75.76,96.15,88.31,1,8
Tier5_plus_Tier3,0.8,0.2,0.47,0.8475,75.76,96.15,88.31,1,8
Tier5_plus_Tier3,0.8,0.2,0.48,0.8475,75.76,96.15,88.31,1,8
Tier5_plus_Tier3,0.8,0.2,0.49,0.8621,75.76,100.0,89.61,0,8
Tier5_plus_Tier3,0.8,0.2,0.5,0.8621,75.76,100.0,89.61,0,8
Tier5_plus_Tier3,0.8,0.2,0.51,0.8621,75.76,100.0,89.61,0,8
Tier5_plus_Tier3,0.8,0.2,0.52,0.8621,75.76,100.0,89.61,0,8
Tier5_plus_Tier3,0.8,0.2,0.53,0.8621,75.76,100.0,89.61,0,8
Tier5_plus_Tier3,0.8,0.2,0.54,0.8621,75.76,100.0,89.61,0,8
Tier5_plus_Tier3,0.8,0.2,0.55,0.8621,75.76,100.0,89.61,0,8
Tier5_plus_Tier3,0.8,0.2,0.56,0.8421,72.73,100.0,88.31,0,9
Tier5_plus_Tier3,0.8,0.2,0.57,0.8421,72.73,100.0,88.31,0,9
Tier5_plus_Tier3,0.8,0.2,0.58,0.8421,72.73,100.0,88.31,0,9
Tier5_plus_Tier3,0.8,0.2,0.59,0.8421,72.73,100.0,88.31,0,9
Tier5_plus_Tier3,0.8,0.2,0.6,0.8421,72.73,100.0,88.31,0,9
Tier5_plus_Tier3,0.8,0.2,0.61,0.8214,69.7,100.0,87.01,0,10
Tier5_plus_Tier3,0.8,0.2,0.62,0.8214,69.7,100.0,87.01,0,10
Tier5_plus_Tier3,0.8,0.2,0.63,0.8,66.67,100.0,85.71,0,11
Tier5_plus_Tier3,0.8,0.2,0.64,0.8,66.67,100.0,85.71,0,11
Tier5_plus_Tier3,0.8,0.2,0.65,0.8,66.67,100.0,85.71,0,11
Tier5_plus_Tier3,0.8,0.2,0.66,0.7778,63.64,100.0,84.42,0,12
Tier5_plus_Tier3,0.8,0.2,0.67,0.7778,63.64,100.0,84.42,0,12
Tier5_plus_Tier3,0.8,0.2,0.68,0.7778,63.64,100.0,84.42,0,12
Tier5_plus_Tier3,0.8,0.2,0.69,0.7778,63.64,100.0,84.42,0,12
Tier5_plus_Tier3,0.8,0.2,0.7,0.7778,63.64,100.0,84.42,0,12
Tier5_plus_Tier3,0.85,0.15,0.3,0.7812,75.76,80.65,81.82,6,8
Tier5_plus_Tier3,0.85,0.15,0.31,0.7812,75.76,80.65,81.82,6,8
Tier5_plus_Tier3,0.85,0.15,0.32,0.7812,75.76,80.65,81.82,6,8
Tier5_plus_Tier3,0.85,0.15,0.33,0.7812,75.76,80.65,81.82,6,8
Tier5_plus_Tier3,0.85,0.15,0.34,0.7812,75.76,80.65,81.82,6,8
Tier5_plus_Tier3,0.85,0.15,0.35,0.7812,75.76,80.65,81.82,6,8
Tier5_plus_Tier3,0.85,0.15,0.36,0.7812,75.76,80.65,81.82,6,8
Tier5_plus_Tier3,0.85,0.15,0.37,0.7812,75.76,80.65,81.82,6,8
Tier5_plus_Tier3,0.85,0.15,0.38,0.7812,75.76,80.65,81.82,6,8
Tier5_plus_Tier3,0.85,0.15,0.39,0.7812,75.76,80.65,81.82,6,8
Tier5_plus_Tier3,0.85,0.15,0.4,0.7812,75.76,80.65,81.82,6,8
Tier5_plus_Tier3,0.85,0.15,0.41,0.7812,75.76,80.65,81.82,6,8
Tier5_plus_Tier3,0.85,0.15,0.42,0.8197,75.76,89.29,85.71,3,8
Tier5_plus_Tier3,0.85,0.15,0.43,0.8475,75.76,96.15,88.31,1,8
Tier5_plus_Tier3,0.85,0.15,0.44,0.8475,75.76,96.15,88.31,1,8
Tier5_plus_Tier3,0.85,0.15,0.45,0.8475,75.76,96.15,88.31,1,8
Tier5_plus_Tier3,0.85,0.15,0.46,0.8475,75.76,96.15,88.31,1,8
Tier5_plus_Tier3,0.85,0.15,0.47,0.8475,75.76,96.15,88.31,1,8
Tier5_plus_Tier3,0.85,0.15,0.48,0.8475,75.76,96.15,88.31,1,8
Tier5_plus_Tier3,0.85,0.15,0.49,0.8621,75.76,100.0,89.61,0,8
Tier5_plus_Tier3,0.85,0.15,0.5,0.8621,75.76,100.0,89.61,0,8
Tier5_plus_Tier3,0.85,0.15,0.51,0.8621,75.76,100.0,89.61,0,8
Tier5_plus_Tier3,0.85,0.15,0.52,0.8621,75.76,100.0,89.61,0,8
Tier5_plus_Tier3,0.85,0.15,0.53,0.8621,75.76,100.0,89.61,0,8
Tier5_plus_Tier3,0.85,0.15,0.54,0.8621,75.76,100.0,89.61,0,8
Tier5_plus_Tier3,0.85,0.15,0.55,0.8421,72.73,100.0,88.31,0,9
Tier5_plus_Tier3,0.85,0.15,0.56,0.8421,72.73,100.0,88.31,0,9
Tier5_plus_Tier3,0.85,0.15,0.57,0.8421,72.73,100.0,88.31,0,9
Tier5_plus_Tier3,0.85,0.15,0.58,0.8421,72.73,100.0,88.31,0,9
Tier5_plus_Tier3,0.85,0.15,0.59,0.8214,69.7,100.0,87.01,0,10
Tier5_plus_Tier3,0.85,0.15,0.6,0.8214,69.7,100.0,87.01,0,10
Tier5_plus_Tier3,0.85,0.15,0.61,0.8214,69.7,100.0,87.01,0,10
Tier5_plus_Tier3,0.85,0.15,0.62,0.8,66.67,100.0,85.71,0,11
Tier5_plus_Tier3,0.85,0.15,0.63,0.8,66.67,100.0,85.71,0,11
Tier5_plus_Tier3,0.85,0.15,0.64,0.7778,63.64,100.0,84.42,0,12
Tier5_plus_Tier3,0.85,0.15,0.65,0.7778,63.64,100.0,84.42,0,12
Tier5_plus_Tier3,0.85,0.15,0.66,0.7778,63.64,100.0,84.42,0,12
Tier5_plus_Tier3,0.85,0.15,0.67,0.7778,63.64,100.0,84.42,0,12
Tier5_plus_Tier3,0.85,0.15,0.68,0.7778,63.64,100.0,84.42,0,12
Tier5_plus_Tier3,0.85,0.15,0.69,0.7778,63.64,100.0,84.42,0,12
Tier5_plus_Tier3,0.85,0.15,0.7,0.7778,63.64,100.0,84.42,0,12
Tier5_plus_Tier3,0.9,0.1,0.3,0.7812,75.76,80.65,81.82,6,8
Tier5_plus_Tier3,0.9,0.1,0.31,0.7812,75.76,80.65,81.82,6,8
Tier5_plus_Tier3,0.9,0.1,0.32,0.7812,75.76,80.65,81.82,6,8
Tier5_plus_Tier3,0.9,0.1,0.33,0.7812,75.76,80.65,81.82,6,8
Tier5_plus_Tier3,0.9,0.1,0.34,0.7812,75.76,80.65,81.82,6,8
Tier5_plus_Tier3,0.9,0.1,0.35,0.7812,75.76,80.65,81.82,6,8
Tier5_plus_Tier3,0.9,0.1,0.36,0.7812,75.76,80.65,81.82,6,8
Tier5_plus_Tier3,0.9,0.1,0.37,0.7812,75.76,80.65,81.82,6,8
Tier5_plus_Tier3,0.9,0.1,0.38,0.7812,75.76,80.65,81.82,6,8
Tier5_plus_Tier3,0.9,0.1,0.39,0.7812,75.76,80.65,81.82,6,8
Tier5_plus_Tier3,0.9,0.1,0.4,0.7812,75.76,80.65,81.82,6,8
Tier5_plus_Tier3,0.9,0.1,0.41,0.7812,75.76,80.65,81.82,6,8
Tier5_plus_Tier3,0.9,0.1,0.42,0.7812,75.76,80.65,81.82,6,8
Tier5_plus_Tier3,0.9,0.1,0.43,0.7812,75.76,80.65,81.82,6,8
Tier5_plus_Tier3,0.9,0.1,0.44,0.7937,75.76,83.33,83.12,5,8
Tier5_plus_Tier3,0.9,0.1,0.45,0.8475,75.76,96.15,88.31,1,8
Tier5_plus_Tier3,0.9,0.1,0.46,0.8475,75.76,96.15,88.31,1,8
Tier5_plus_Tier3,0.9,0.1,0.47,0.8475,75.76,96.15,88.31,1,8
Tier5_plus_Tier3,0.9,0.1,0.48,0.8475,75.76,96.15,88.31,1,8
Tier5_plus_Tier3,0.9,0.1,0.49,0.8621,75.76,100.0,89.61,0,8
Tier5_plus_Tier3,0.9,0.1,0.5,0.8621,75.76,100.0,89.61,0,8
Tier5_plus_Tier3,0.9,0.1,0.51,0.8621,75.76,100.0,89.61,0,8
Tier5_plus_Tier3,0.9,0.1,0.52,0.8621,75.76,100.0,89.61,0,8
Tier5_plus_Tier3,0.9,0.1,0.53,0.8621,75.76,100.0,89.61,0,8
Tier5_plus_Tier3,0.9,0.1,0.54,0.8421,72.73,100.0,88.31,0,9
Tier5_plus_Tier3,0.9,0.1,0.55,0.8421,72.73,100.0,88.31,0,9
Tier5_plus_Tier3,0.9,0.1,0.56,0.8214,69.7,100.0,87.01,0,10
Tier5_plus_Tier3,0.9,0.1,0.57,0.8214,69.7,100.0,87.01,0,10
Tier5_plus_Tier3,0.9,0.1,0.58,0.8214,69.7,100.0,87.01,0,10
Tier5_plus_Tier3,0.9,0.1,0.59,0.8214,69.7,100.0,87.01,0,10
Tier5_plus_Tier3,0.9,0.1,0.6,0.8214,69.7,100.0,87.01,0,10
Tier5_plus_Tier3,0.9,0.1,0.61,0.8,66.67,100.0,85.71,0,11
Tier5_plus_Tier3,0.9,0.1,0.62,0.7778,63.64,100.0,84.42,0,12
Tier5_plus_Tier3,0.9,0.1,0.63,0.7778,63.64,100.0,84.42,0,12
Tier5_plus_Tier3,0.9,0.1,0.64,0.7778,63.64,100.0,84.42,0,12
Tier5_plus_Tier3,0.9,0.1,0.65,0.7778,63.64,100.0,84.42,0,12
Tier5_plus_Tier3,0.9,0.1,0.66,0.7778,63.64,100.0,84.42,0,12
Tier5_plus_Tier3,0.9,0.1,0.67,0.7778,63.64,100.0,84.42,0,12
Tier5_plus_Tier3,0.9,0.1,0.68,0.7778,63.64,100.0,84.42,0,12
Tier5_plus_Tier3,0.9,0.1,0.69,0.7778,63.64,100.0,84.42,0,12
Tier5_plus_Tier3,0.9,0.1,0.7,0.7778,63.64,100.0,84.42,0,12
Tier5_plus_DistilledTier3,0.1,0.9,0.3,0.7619,96.97,62.75,74.03,19,1
Tier5_plus_DistilledTier3,0.1,0.9,0.31,0.7619,96.97,62.75,74.03,19,1
Tier5_plus_DistilledTier3,0.1,0.9,0.32,0.7619,96.97,62.75,74.03,19,1
Tier5_plus_DistilledTier3,0.1,0.9,0.33,0.7711,96.97,64.0,75.32,18,1
Tier5_plus_DistilledTier3,0.1,0.9,0.34,0.7711,96.97,64.0,75.32,18,1
Tier5_plus_DistilledTier3,0.1,0.9,0.35,0.7901,96.97,66.67,77.92,16,1
Tier5_plus_DistilledTier3,0.1,0.9,0.36,0.7901,96.97,66.67,77.92,16,1
Tier5_plus_DistilledTier3,0.1,0.9,0.37,0.7901,96.97,66.67,77.92,16,1
Tier5_plus_DistilledTier3,0.1,0.9,0.38,0.7901,96.97,66.67,77.92,16,1
Tier5_plus_DistilledTier3,0.1,0.9,0.39,0.7901,96.97,66.67,77.92,16,1
Tier5_plus_DistilledTier3,0.1,0.9,0.4,0.7901,96.97,66.67,77.92,16,1
Tier5_plus_DistilledTier3,0.1,0.9,0.41,0.7901,96.97,66.67,77.92,16,1
Tier5_plus_DistilledTier3,0.1,0.9,0.42,0.7901,96.97,66.67,77.92,16,1
Tier5_plus_DistilledTier3,0.1,0.9,0.43,0.7901,96.97,66.67,77.92,16,1
Tier5_plus_DistilledTier3,0.1,0.9,0.44,0.7901,96.97,66.67,77.92,16,1
Tier5_plus_DistilledTier3,0.1,0.9,0.45,0.8,96.97,68.09,79.22,15,1
Tier5_plus_DistilledTier3,0.1,0.9,0.46,0.8,96.97,68.09,79.22,15,1
Tier5_plus_DistilledTier3,0.1,0.9,0.47,0.8,96.97,68.09,79.22,15,1
Tier5_plus_DistilledTier3,0.1,0.9,0.48,0.7848,93.94,67.39,77.92,15,2
Tier5_plus_DistilledTier3,0.1,0.9,0.49,0.7848,93.94,67.39,77.92,15,2
Tier5_plus_DistilledTier3,0.1,0.9,0.5,0.7848,93.94,67.39,77.92,15,2
Tier5_plus_DistilledTier3,0.1,0.9,0.51,0.7848,93.94,67.39,77.92,15,2
Tier5_plus_DistilledTier3,0.1,0.9,0.52,0.7848,93.94,67.39,77.92,15,2
Tier5_plus_DistilledTier3,0.1,0.9,0.53,0.7848,93.94,67.39,77.92,15,2
Tier5_plus_DistilledTier3,0.1,0.9,0.54,0.7848,93.94,67.39,77.92,15,2
Tier5_plus_DistilledTier3,0.1,0.9,0.55,0.7848,93.94,67.39,77.92,15,2
Tier5_plus_DistilledTier3,0.1,0.9,0.56,0.7848,93.94,67.39,77.92,15,2
Tier5_plus_DistilledTier3,0.1,0.9,0.57,0.7848,93.94,67.39,77.92,15,2
Tier5_plus_DistilledTier3,0.1,0.9,0.58,0.7848,93.94,67.39,77.92,15,2
Tier5_plus_DistilledTier3,0.1,0.9,0.59,0.7692,90.91,66.67,76.62,15,3
Tier5_plus_DistilledTier3,0.1,0.9,0.6,0.7692,90.91,66.67,76.62,15,3
Tier5_plus_DistilledTier3,0.1,0.9,0.61,0.7692,90.91,66.67,76.62,15,3
Tier5_plus_DistilledTier3,0.1,0.9,0.62,0.7692,90.91,66.67,76.62,15,3
Tier5_plus_DistilledTier3,0.1,0.9,0.63,0.7692,90.91,66.67,76.62,15,3
Tier5_plus_DistilledTier3,0.1,0.9,0.64,0.7692,90.91,66.67,76.62,15,3
Tier5_plus_DistilledTier3,0.1,0.9,0.65,0.7532,87.88,65.91,75.32,15,4
Tier5_plus_DistilledTier3,0.1,0.9,0.66,0.7368,84.85,65.12,74.03,15,5
Tier5_plus_DistilledTier3,0.1,0.9,0.67,0.7368,84.85,65.12,74.03,15,5
Tier5_plus_DistilledTier3,0.1,0.9,0.68,0.7568,84.85,68.29,76.62,13,5
Tier5_plus_DistilledTier3,0.1,0.9,0.69,0.7568,84.85,68.29,76.62,13,5
Tier5_plus_DistilledTier3,0.1,0.9,0.7,0.7568,84.85,68.29,76.62,13,5
Tier5_plus_DistilledTier3,0.15,0.85,0.3,0.7619,96.97,62.75,74.03,19,1
Tier5_plus_DistilledTier3,0.15,0.85,0.31,0.7619,96.97,62.75,74.03,19,1
Tier5_plus_DistilledTier3,0.15,0.85,0.32,0.7711,96.97,64.0,75.32,18,1
Tier5_plus_DistilledTier3,0.15,0.85,0.33,0.7901,96.97,66.67,77.92,16,1
Tier5_plus_DistilledTier3,0.15,0.85,0.34,0.7901,96.97,66.67,77.92,16,1
Tier5_plus_DistilledTier3,0.15,0.85,0.35,0.7901,96.97,66.67,77.92,16,1
Tier5_plus_DistilledTier3,0.15,0.85,0.36,0.7901,96.97,66.67,77.92,16,1
Tier5_plus_DistilledTier3,0.15,0.85,0.37,0.7901,96.97,66.67,77.92,16,1
Tier5_plus_DistilledTier3,0.15,0.85,0.38,0.7901,96.97,66.67,77.92,16,1
Tier5_plus_DistilledTier3,0.15,0.85,0.39,0.7901,96.97,66.67,77.92,16,1
Tier5_plus_DistilledTier3,0.15,0.85,0.4,0.7901,96.97,66.67,77.92,16,1
Tier5_plus_DistilledTier3,0.15,0.85,0.41,0.7901,96.97,66.67,77.92,16,1
Tier5_plus_DistilledTier3,0.15,0.85,0.42,0.7901,96.97,66.67,77.92,16,1
Tier5_plus_DistilledTier3,0.15,0.85,0.43,0.8,96.97,68.09,79.22,15,1
Tier5_plus_DistilledTier3,0.15,0.85,0.44,0.8,96.97,68.09,79.22,15,1
Tier5_plus_DistilledTier3,0.15,0.85,0.45,0.8,96.97,68.09,79.22,15,1
Tier5_plus_DistilledTier3,0.15,0.85,0.46,0.7848,93.94,67.39,77.92,15,2
Tier5_plus_DistilledTier3,0.15,0.85,0.47,0.7848,93.94,67.39,77.92,15,2
Tier5_plus_DistilledTier3,0.15,0.85,0.48,0.7848,93.94,67.39,77.92,15,2
Tier5_plus_DistilledTier3,0.15,0.85,0.49,0.7848,93.94,67.39,77.92,15,2
Tier5_plus_DistilledTier3,0.15,0.85,0.5,0.7848,93.94,67.39,77.92,15,2
Tier5_plus_DistilledTier3,0.15,0.85,0.51,0.7848,93.94,67.39,77.92,15,2
Tier5_plus_DistilledTier3,0.15,0.85,0.52,0.7848,93.94,67.39,77.92,15,2
Tier5_plus_DistilledTier3,0.15,0.85,0.53,0.7848,93.94,67.39,77.92,15,2
Tier5_plus_DistilledTier3,0.15,0.85,0.54,0.7848,93.94,67.39,77.92,15,2
Tier5_plus_DistilledTier3,0.15,0.85,0.55,0.7848,93.94,67.39,77.92,15,2
Tier5_plus_DistilledTier3,0.15,0.85,0.56,0.7848,93.94,67.39,77.92,15,2
Tier5_plus_DistilledTier3,0.15,0.85,0.57,0.7848,93.94,67.39,77.92,15,2
Tier5_plus_DistilledTier3,0.15,0.85,0.58,0.7848,93.94,67.39,77.92,15,2
Tier5_plus_DistilledTier3,0.15,0.85,0.59,0.7848,93.94,67.39,77.92,15,2
Tier5_plus_DistilledTier3,0.15,0.85,0.6,0.7848,93.94,67.39,77.92,15,2
Tier5_plus_DistilledTier3,0.15,0.85,0.61,0.7532,87.88,65.91,75.32,15,4
Tier5_plus_DistilledTier3,0.15,0.85,0.62,0.7532,87.88,65.91,75.32,15,4
Tier5_plus_DistilledTier3,0.15,0.85,0.63,0.7368,84.85,65.12,74.03,15,5
Tier5_plus_DistilledTier3,0.15,0.85,0.64,0.7568,84.85,68.29,76.62,13,5
Tier5_plus_DistilledTier3,0.15,0.85,0.65,0.7568,84.85,68.29,76.62,13,5
Tier5_plus_DistilledTier3,0.15,0.85,0.66,0.7568,84.85,68.29,76.62,13,5
Tier5_plus_DistilledTier3,0.15,0.85,0.67,0.7568,84.85,68.29,76.62,13,5
Tier5_plus_DistilledTier3,0.15,0.85,0.68,0.7568,84.85,68.29,76.62,13,5
Tier5_plus_DistilledTier3,0.15,0.85,0.69,0.7568,84.85,68.29,76.62,13,5
Tier5_plus_DistilledTier3,0.15,0.85,0.7,0.7568,84.85,68.29,76.62,13,5
Tier5_plus_DistilledTier3,0.2,0.8,0.3,0.7586,100.0,61.11,72.73,21,0
Tier5_plus_DistilledTier3,0.2,0.8,0.31,0.8049,100.0,67.35,79.22,16,0
Tier5_plus_DistilledTier3,0.2,0.8,0.32,0.7901,96.97,66.67,77.92,16,1
Tier5_plus_DistilledTier3,0.2,0.8,0.33,0.7901,96.97,66.67,77.92,16,1
Tier5_plus_DistilledTier3,0.2,0.8,0.34,0.7901,96.97,66.67,77.92,16,1
Tier5_plus_DistilledTier3,0.2,0.8,0.35,0.7901,96.97,66.67,77.92,16,1
Tier5_plus_DistilledTier3,0.2,0.8,0.36,0.7901,96.97,66.67,77.92,16,1
Tier5_plus_DistilledTier3,0.2,0.8,0.37,0.7901,96.97,66.67,77.92,16,1
Tier5_plus_DistilledTier3,0.2,0.8,0.38,0.7901,96.97,66.67,77.92,16,1
Tier5_plus_DistilledTier3,0.2,0.8,0.39,0.7901,96.97,66.67,77.92,16,1
Tier5_plus_DistilledTier3,0.2,0.8,0.4,0.8,96.97,68.09,79.22,15,1
Tier5_plus_DistilledTier3,0.2,0.8,0.41,0.8,96.97,68.09,79.22,15,1
Tier5_plus_DistilledTier3,0.2,0.8,0.42,0.8,96.97,68.09,79.22,15,1
Tier5_plus_DistilledTier3,0.2,0.8,0.43,0.8,96.97,68.09,79.22,15,1
Tier5_plus_DistilledTier3,0.2,0.8,0.44,0.8,96.97,68.09,79.22,15,1
Tier5_plus_DistilledTier3,0.2,0.8,0.45,0.7848,93.94,67.39,77.92,15,2
Tier5_plus_DistilledTier3,0.2,0.8,0.46,0.7848,93.94,67.39,77.92,15,2
Tier5_plus_DistilledTier3,0.2,0.8,0.47,0.7848,93.94,67.39,77.92,15,2
Tier5_plus_DistilledTier3,0.2,0.8,0.48,0.7848,93.94,67.39,77.92,15,2
Tier5_plus_DistilledTier3,0.2,0.8,0.49,0.7848,93.94,67.39,77.92,15,2
Tier5_plus_DistilledTier3,0.2,0.8,0.5,0.7848,93.94,67.39,77.92,15,2
Tier5_plus_DistilledTier3,0.2,0.8,0.51,0.7848,93.94,67.39,77.92,15,2
Tier5_plus_DistilledTier3,0.2,0.8,0.52,0.7848,93.94,67.39,77.92,15,2
Tier5_plus_DistilledTier3,0.2,0.8,0.53,0.7848,93.94,67.39,77.92,15,2
Tier5_plus_DistilledTier3,0.2,0.8,0.54,0.7848,93.94,67.39,77.92,15,2
Tier5_plus_DistilledTier3,0.2,0.8,0.55,0.7848,93.94,67.39,77.92,15,2
Tier5_plus_DistilledTier3,0.2,0.8,0.56,0.7848,93.94,67.39,77.92,15,2
Tier5_plus_DistilledTier3,0.2,0.8,0.57,0.7848,93.94,67.39,77.92,15,2
Tier5_plus_DistilledTier3,0.2,0.8,0.58,0.7692,90.91,66.67,76.62,15,3
Tier5_plus_DistilledTier3,0.2,0.8,0.59,0.7692,90.91,66.67,76.62,15,3
Tier5_plus_DistilledTier3,0.2,0.8,0.6,0.7895,90.91,69.77,79.22,13,3
Tier5_plus_DistilledTier3,0.2,0.8,0.61,0.7733,87.88,69.05,77.92,13,4
Tier5_plus_DistilledTier3,0.2,0.8,0.62,0.7733,87.88,69.05,77.92,13,4
Tier5_plus_DistilledTier3,0.2,0.8,0.63,0.7733,87.88,69.05,77.92,13,4
Tier5_plus_DistilledTier3,0.2,0.8,0.64,0.7568,84.85,68.29,76.62,13,5
Tier5_plus_DistilledTier3,0.2,0.8,0.65,0.7568,84.85,68.29,76.62,13,5
Tier5_plus_DistilledTier3,0.2,0.8,0.66,0.7568,84.85,68.29,76.62,13,5
Tier5_plus_DistilledTier3,0.2,0.8,0.67,0.7568,84.85,68.29,76.62,13,5
Tier5_plus_DistilledTier3,0.2,0.8,0.68,0.7568,84.85,68.29,76.62,13,5
Tier5_plus_DistilledTier3,0.2,0.8,0.69,0.7568,84.85,68.29,76.62,13,5
Tier5_plus_DistilledTier3,0.2,0.8,0.7,0.7568,84.85,68.29,76.62,13,5
Tier5_plus_DistilledTier3,0.25,0.75,0.3,0.7857,100.0,64.71,76.62,18,0
Tier5_plus_DistilledTier3,0.25,0.75,0.31,0.7857,100.0,64.71,76.62,18,0
Tier5_plus_DistilledTier3,0.25,0.75,0.32,0.8049,100.0,67.35,79.22,16,0
Tier5_plus_DistilledTier3,0.25,0.75,0.33,0.8049,100.0,67.35,79.22,16,0
Tier5_plus_DistilledTier3,0.25,0.75,0.34,0.8049,100.0,67.35,79.22,16,0
Tier5_plus_DistilledTier3,0.25,0.75,0.35,0.8049,100.0,67.35,79.22,16,0
Tier5_plus_DistilledTier3,0.25,0.75,0.36,0.7901,96.97,66.67,77.92,16,1
Tier5_plus_DistilledTier3,0.25,0.75,0.37,0.7901,96.97,66.67,77.92,16,1
Tier5_plus_DistilledTier3,0.25,0.75,0.38,0.8,96.97,68.09,79.22,15,1
Tier5_plus_DistilledTier3,0.25,0.75,0.39,0.8,96.97,68.09,79.22,15,1
Tier5_plus_DistilledTier3,0.25,0.75,0.4,0.8,96.97,68.09,79.22,15,1
Tier5_plus_DistilledTier3,0.25,0.75,0.41,0.8,96.97,68.09,79.22,15,1
Tier5_plus_DistilledTier3,0.25,0.75,0.42,0.8,96.97,68.09,79.22,15,1
Tier5_plus_DistilledTier3,0.25,0.75,0.43,0.7848,93.94,67.39,77.92,15,2
Tier5_plus_DistilledTier3,0.25,0.75,0.44,0.7848,93.94,67.39,77.92,15,2
Tier5_plus_DistilledTier3,0.25,0.75,0.45,0.7848,93.94,67.39,77.92,15,2
Tier5_plus_DistilledTier3,0.25,0.75,0.46,0.7848,93.94,67.39,77.92,15,2
Tier5_plus_DistilledTier3,0.25,0.75,0.47,0.7848,93.94,67.39,77.92,15,2
Tier5_plus_DistilledTier3,0.25,0.75,0.48,0.7848,93.94,67.39,77.92,15,2
Tier5_plus_DistilledTier3,0.25,0.75,0.49,0.7848,93.94,67.39,77.92,15,2
Tier5_plus_DistilledTier3,0.25,0.75,0.5,0.7848,93.94,67.39,77.92,15,2
Tier5_plus_DistilledTier3,0.25,0.75,0.51,0.7848,93.94,67.39,77.92,15,2
Tier5_plus_DistilledTier3,0.25,0.75,0.52,0.7848,93.94,67.39,77.92,15,2
Tier5_plus_DistilledTier3,0.25,0.75,0.53,0.7848,93.94,67.39,77.92,15,2
Tier5_plus_DistilledTier3,0.25,0.75,0.54,0.7692,90.91,66.67,76.62,15,3
Tier5_plus_DistilledTier3,0.25,0.75,0.55,0.7692,90.91,66.67,76.62,15,3
Tier5_plus_DistilledTier3,0.25,0.75,0.56,0.7692,90.91,66.67,76.62,15,3
Tier5_plus_DistilledTier3,0.25,0.75,0.57,0.7895,90.91,69.77,79.22,13,3
Tier5_plus_DistilledTier3,0.25,0.75,0.58,0.7733,87.88,69.05,77.92,13,4
Tier5_plus_DistilledTier3,0.25,0.75,0.59,0.7733,87.88,69.05,77.92,13,4
Tier5_plus_DistilledTier3,0.25,0.75,0.6,0.7733,87.88,69.05,77.92,13,4
Tier5_plus_DistilledTier3,0.25,0.75,0.61,0.7733,87.88,69.05,77.92,13,4
Tier5_plus_DistilledTier3,0.25,0.75,0.62,0.7733,87.88,69.05,77.92,13,4
Tier5_plus_DistilledTier3,0.25,0.75,0.63,0.7733,87.88,69.05,77.92,13,4
Tier5_plus_DistilledTier3,0.25,0.75,0.64,0.7733,87.88,69.05,77.92,13,4
Tier5_plus_DistilledTier3,0.25,0.75,0.65,0.7733,87.88,69.05,77.92,13,4
Tier5_plus_DistilledTier3,0.25,0.75,0.66,0.7778,84.85,71.79,79.22,11,5
Tier5_plus_DistilledTier3,0.25,0.75,0.67,0.8,84.85,75.68,81.82,9,5
Tier5_plus_DistilledTier3,0.25,0.75,0.68,0.7826,81.82,75.0,80.52,9,6
Tier5_plus_DistilledTier3,0.25,0.75,0.69,0.7826,81.82,75.0,80.52,9,6
Tier5_plus_DistilledTier3,0.25,0.75,0.7,0.7826,81.82,75.0,80.52,9,6
Tier5_plus_DistilledTier3,0.3,0.7,0.3,0.7857,100.0,64.71,76.62,18,0
Tier5_plus_DistilledTier3,0.3,0.7,0.31,0.7857,100.0,64.71,76.62,18,0
Tier5_plus_DistilledTier3,0.3,0.7,0.32,0.7857,100.0,64.71,76.62,18,0
Tier5_plus_DistilledTier3,0.3,0.7,0.33,0.8049,100.0,67.35,79.22,16,0
Tier5_plus_DistilledTier3,0.3,0.7,0.34,0.8049,100.0,67.35,79.22,16,0
Tier5_plus_DistilledTier3,0.3,0.7,0.35,0.8148,100.0,68.75,80.52,15,0
Tier5_plus_DistilledTier3,0.3,0.7,0.36,0.8148,100.0,68.75,80.52,15,0
Tier5_plus_DistilledTier3,0.3,0.7,0.37,0.8148,100.0,68.75,80.52,15,0
Tier5_plus_DistilledTier3,0.3,0.7,0.38,0.8148,100.0,68.75,80.52,15,0
Tier5_plus_DistilledTier3,0.3,0.7,0.39,0.8148,100.0,68.75,80.52,15,0
Tier5_plus_DistilledTier3,0.3,0.7,0.4,0.8148,100.0,68.75,80.52,15,0
Tier5_plus_DistilledTier3,0.3,0.7,0.41,0.7848,93.94,67.39,77.92,15,2
Tier5_plus_DistilledTier3,0.3,0.7,0.42,0.7848,93.94,67.39,77.92,15,2
Tier5_plus_DistilledTier3,0.3,0.7,0.43,0.7848,93.94,67.39,77.92,15,2
Tier5_plus_DistilledTier3,0.3,0.7,0.44,0.7848,93.94,67.39,77.92,15,2
Tier5_plus_DistilledTier3,0.3,0.7,0.45,0.7848,93.94,67.39,77.92,15,2
Tier5_plus_DistilledTier3,0.3,0.7,0.46,0.7848,93.94,67.39,77.92,15,2
Tier5_plus_DistilledTier3,0.3,0.7,0.47,0.7848,93.94,67.39,77.92,15,2
Tier5_plus_DistilledTier3,0.3,0.7,0.48,0.7848,93.94,67.39,77.92,15,2
Tier5_plus_DistilledTier3,0.3,0.7,0.49,0.7848,93.94,67.39,77.92,15,2
Tier5_plus_DistilledTier3,0.3,0.7,0.5,0.7848,93.94,67.39,77.92,15,2
Tier5_plus_DistilledTier3,0.3,0.7,0.51,0.7692,90.91,66.67,76.62,15,3
Tier5_plus_DistilledTier3,0.3,0.7,0.52,0.7692,90.91,66.67,76.62,15,3
Tier5_plus_DistilledTier3,0.3,0.7,0.53,0.7895,90.91,69.77,79.22,13,3
Tier5_plus_DistilledTier3,0.3,0.7,0.54,0.7895,90.91,69.77,79.22,13,3
Tier5_plus_DistilledTier3,0.3,0.7,0.55,0.7895,90.91,69.77,79.22,13,3
Tier5_plus_DistilledTier3,0.3,0.7,0.56,0.7733,87.88,69.05,77.92,13,4
Tier5_plus_DistilledTier3,0.3,0.7,0.57,0.7733,87.88,69.05,77.92,13,4
Tier5_plus_DistilledTier3,0.3,0.7,0.58,0.7733,87.88,69.05,77.92,13,4
Tier5_plus_DistilledTier3,0.3,0.7,0.59,0.7733,87.88,69.05,77.92,13,4
Tier5_plus_DistilledTier3,0.3,0.7,0.6,0.7733,87.88,69.05,77.92,13,4
Tier5_plus_DistilledTier3,0.3,0.7,0.61,0.7733,87.88,69.05,77.92,13,4
Tier5_plus_DistilledTier3,0.3,0.7,0.62,0.8169,87.88,76.32,83.12,9,4
Tier5_plus_DistilledTier3,0.3,0.7,0.63,0.8169,87.88,76.32,83.12,9,4
Tier5_plus_DistilledTier3,0.3,0.7,0.64,0.8,84.85,75.68,81.82,9,5
Tier5_plus_DistilledTier3,0.3,0.7,0.65,0.8,84.85,75.68,81.82,9,5
Tier5_plus_DistilledTier3,0.3,0.7,0.66,0.8,84.85,75.68,81.82,9,5
Tier5_plus_DistilledTier3,0.3,0.7,0.67,0.8235,84.85,80.0,84.42,7,5
Tier5_plus_DistilledTier3,0.3,0.7,0.68,0.806,81.82,79.41,83.12,7,6
Tier5_plus_DistilledTier3,0.3,0.7,0.69,0.806,81.82,79.41,83.12,7,6
Tier5_plus_DistilledTier3,0.3,0.7,0.7,0.7879,78.79,78.79,81.82,7,7
Tier5_plus_DistilledTier3,0.35,0.65,0.3,0.7857,100.0,64.71,76.62,18,0
Tier5_plus_DistilledTier3,0.35,0.65,0.31,0.7857,100.0,64.71,76.62,18,0
Tier5_plus_DistilledTier3,0.35,0.65,0.32,0.7857,100.0,64.71,76.62,18,0
Tier5_plus_DistilledTier3,0.35,0.65,0.33,0.7952,100.0,66.0,77.92,17,0
Tier5_plus_DistilledTier3,0.35,0.65,0.34,0.8148,100.0,68.75,80.52,15,0
Tier5_plus_DistilledTier3,0.35,0.65,0.35,0.8148,100.0,68.75,80.52,15,0
Tier5_plus_DistilledTier3,0.35,0.65,0.36,0.8148,100.0,68.75,80.52,15,0
Tier5_plus_DistilledTier3,0.35,0.65,0.37,0.8148,100.0,68.75,80.52,15,0
Tier5_plus_DistilledTier3,0.35,0.65,0.38,0.8148,100.0,68.75,80.52,15,0
Tier5_plus_DistilledTier3,0.35,0.65,0.39,0.8,96.97,68.09,79.22,15,1
Tier5_plus_DistilledTier3,0.35,0.65,0.4,0.8,96.97,68.09,79.22,15,1
Tier5_plus_DistilledTier3,0.35,0.65,0.41,0.8,96.97,68.09,79.22,15,1
Tier5_plus_DistilledTier3,0.35,0.65,0.42,0.8,96.97,68.09,79.22,15,1
Tier5_plus_DistilledTier3,0.35,0.65,0.43,0.8,96.97,68.09,79.22,15,1
Tier5_plus_DistilledTier3,0.35,0.65,0.44,0.8,96.97,68.09,79.22,15,1
Tier5_plus_DistilledTier3,0.35,0.65,0.45,0.7848,93.94,67.39,77.92,15,2
Tier5_plus_DistilledTier3,0.35,0.65,0.46,0.7848,93.94,67.39,77.92,15,2
Tier5_plus_DistilledTier3,0.35,0.65,0.47,0.7692,90.91,66.67,76.62,15,3
Tier5_plus_DistilledTier3,0.35,0.65,0.48,0.7692,90.91,66.67,76.62,15,3
Tier5_plus_DistilledTier3,0.35,0.65,0.49,0.7895,90.91,69.77,79.22,13,3
Tier5_plus_DistilledTier3,0.35,0.65,0.5,0.7895,90.91,69.77,79.22,13,3
Tier5_plus_DistilledTier3,0.35,0.65,0.51,0.7895,90.91,69.77,79.22,13,3
Tier5_plus_DistilledTier3,0.35,0.65,0.52,0.7895,90.91,69.77,79.22,13,3
Tier5_plus_DistilledTier3,0.35,0.65,0.53,0.7733,87.88,69.05,77.92,13,4
Tier5_plus_DistilledTier3,0.35,0.65,0.54,0.7733,87.88,69.05,77.92,13,4
Tier5_plus_DistilledTier3,0.35,0.65,0.55,0.7733,87.88,69.05,77.92,13,4
Tier5_plus_DistilledTier3,0.35,0.65,0.56,0.7733,87.88,69.05,77.92,13,4
Tier5_plus_DistilledTier3,0.35,0.65,0.57,0.7733,87.88,69.05,77.92,13,4
Tier5_plus_DistilledTier3,0.35,0.65,0.58,0.8169,87.88,76.32,83.12,9,4
Tier5_plus_DistilledTier3,0.35,0.65,0.59,0.8169,87.88,76.32,83.12,9,4
Tier5_plus_DistilledTier3,0.35,0.65,0.6,0.8,84.85,75.68,81.82,9,5
Tier5_plus_DistilledTier3,0.35,0.65,0.61,0.8,84.85,75.68,81.82,9,5
Tier5_plus_DistilledTier3,0.35,0.65,0.62,0.8,84.85,75.68,81.82,9,5
Tier5_plus_DistilledTier3,0.35,0.65,0.63,0.8235,84.85,80.0,84.42,7,5
Tier5_plus_DistilledTier3,0.35,0.65,0.64,0.8235,84.85,80.0,84.42,7,5
Tier5_plus_DistilledTier3,0.35,0.65,0.65,0.806,81.82,79.41,83.12,7,6
Tier5_plus_DistilledTier3,0.35,0.65,0.66,0.806,81.82,79.41,83.12,7,6
Tier5_plus_DistilledTier3,0.35,0.65,0.67,0.7879,78.79,78.79,81.82,7,7
Tier5_plus_DistilledTier3,0.35,0.65,0.68,0.8387,78.79,89.66,87.01,3,7
Tier5_plus_DistilledTier3,0.35,0.65,0.69,0.8197,75.76,89.29,85.71,3,8
Tier5_plus_DistilledTier3,0.35,0.65,0.7,0.8197,75.76,89.29,85.71,3,8
Tier5_plus_DistilledTier3,0.4,0.6,0.3,0.7952,100.0,66.0,77.92,17,0
Tier5_plus_DistilledTier3,0.4,0.6,0.31,0.7952,100.0,66.0,77.92,17,0
Tier5_plus_DistilledTier3,0.4,0.6,0.32,0.7952,100.0,66.0,77.92,17,0
Tier5_plus_DistilledTier3,0.4,0.6,0.33,0.7952,100.0,66.0,77.92,17,0
Tier5_plus_DistilledTier3,0.4,0.6,0.34,0.7952,100.0,66.0,77.92,17,0
Tier5_plus_DistilledTier3,0.4,0.6,0.35,0.8148,100.0,68.75,80.52,15,0
Tier5_plus_DistilledTier3,0.4,0.6,0.36,0.8148,100.0,68.75,80.52,15,0
Tier5_plus_DistilledTier3,0.4,0.6,0.37,0.8,96.97,68.09,79.22,15,1
Tier5_plus_DistilledTier3,0.4,0.6,0.38,0.8,96.97,68.09,79.22,15,1
Tier5_plus_DistilledTier3,0.4,0.6,0.39,0.8,96.97,68.09,79.22,15,1
Tier5_plus_DistilledTier3,0.4,0.6,0.4,0.8,96.97,68.09,79.22,15,1
Tier5_plus_DistilledTier3,0.4,0.6,0.41,0.8,96.97,68.09,79.22,15,1
Tier5_plus_DistilledTier3,0.4,0.6,0.42,0.8,96.97,68.09,79.22,15,1
Tier5_plus_DistilledTier3,0.4,0.6,0.43,0.8,96.97,68.09,79.22,15,1
Tier5_plus_DistilledTier3,0.4,0.6,0.44,0.7848,93.94,67.39,77.92,15,2
Tier5_plus_DistilledTier3,0.4,0.6,0.45,0.8052,93.94,70.45,80.52,13,2
Tier5_plus_DistilledTier3,0.4,0.6,0.46,0.8052,93.94,70.45,80.52,13,2
Tier5_plus_DistilledTier3,0.4,0.6,0.47,0.8052,93.94,70.45,80.52,13,2
Tier5_plus_DistilledTier3,0.4,0.6,0.48,0.8052,93.94,70.45,80.52,13,2
Tier5_plus_DistilledTier3,0.4,0.6,0.49,0.7895,90.91,69.77,79.22,13,3
Tier5_plus_DistilledTier3,0.4,0.6,0.5,0.7895,90.91,69.77,79.22,13,3
Tier5_plus_DistilledTier3,0.4,0.6,0.51,0.7733,87.88,69.05,77.92,13,4
Tier5_plus_DistilledTier3,0.4,0.6,0.52,0.7733,87.88,69.05,77.92,13,4
Tier5_plus_DistilledTier3,0.4,0.6,0.53,0.8169,87.88,76.32,83.12,9,4
Tier5_plus_DistilledTier3,0.4,0.6,0.54,0.8169,87.88,76.32,83.12,9,4
Tier5_plus_DistilledTier3,0.4,0.6,0.55,0.8,84.85,75.68,81.82,9,5
Tier5_plus_DistilledTier3,0.4,0.6,0.56,0.8,84.85,75.68,81.82,9,5
Tier5_plus_DistilledTier3,0.4,0.6,0.57,0.8,84.85,75.68,81.82,9,5
Tier5_plus_DistilledTier3,0.4,0.6,0.58,0.8235,84.85,80.0,84.42,7,5
Tier5_plus_DistilledTier3,0.4,0.6,0.59,0.8235,84.85,80.0,84.42,7,5
Tier5_plus_DistilledTier3,0.4,0.6,0.6,0.8235,84.85,80.0,84.42,7,5
Tier5_plus_DistilledTier3,0.4,0.6,0.61,0.806,81.82,79.41,83.12,7,6
Tier5_plus_DistilledTier3,0.4,0.6,0.62,0.7879,78.79,78.79,81.82,7,7
Tier5_plus_DistilledTier3,0.4,0.6,0.63,0.8125,78.79,83.87,84.42,5,7
Tier5_plus_DistilledTier3,0.4,0.6,0.64,0.8387,78.79,89.66,87.01,3,7
Tier5_plus_DistilledTier3,0.4,0.6,0.65,0.8197,75.76,89.29,85.71,3,8
Tier5_plus_DistilledTier3,0.4,0.6,0.66,0.8197,75.76,89.29,85.71,3,8
Tier5_plus_DistilledTier3,0.4,0.6,0.67,0.8,72.73,88.89,84.42,3,9
Tier5_plus_DistilledTier3,0.4,0.6,0.68,0.8,72.73,88.89,84.42,3,9
Tier5_plus_DistilledTier3,0.4,0.6,0.69,0.8,72.73,88.89,84.42,3,9
Tier5_plus_DistilledTier3,0.4,0.6,0.7,0.8,72.73,88.89,84.42,3,9
Tier5_plus_DistilledTier3,0.45,0.55,0.3,0.7857,100.0,64.71,76.62,18,0
Tier5_plus_DistilledTier3,0.45,0.55,0.31,0.7952,100.0,66.0,77.92,17,0
Tier5_plus_DistilledTier3,0.45,0.55,0.32,0.7952,100.0,66.0,77.92,17,0
Tier5_plus_DistilledTier3,0.45,0.55,0.33,0.7952,100.0,66.0,77.92,17,0
Tier5_plus_DistilledTier3,0.45,0.55,0.34,0.7952,100.0,66.0,77.92,17,0
Tier5_plus_DistilledTier3,0.45,0.55,0.35,0.7805,96.97,65.31,76.62,17,1
Tier5_plus_DistilledTier3,0.45,0.55,0.36,0.8,96.97,68.09,79.22,15,1
Tier5_plus_DistilledTier3,0.45,0.55,0.37,0.8,96.97,68.09,79.22,15,1
Tier5_plus_DistilledTier3,0.45,0.55,0.38,0.8,96.97,68.09,79.22,15,1
Tier5_plus_DistilledTier3,0.45,0.55,0.39,0.8,96.97,68.09,79.22,15,1
Tier5_plus_DistilledTier3,0.45,0.55,0.4,0.7848,93.94,67.39,77.92,15,2
Tier5_plus_DistilledTier3,0.45,0.55,0.41,0.7848,93.94,67.39,77.92,15,2
Tier5_plus_DistilledTier3,0.45,0.55,0.42,0.8052,93.94,70.45,80.52,13,2
Tier5_plus_DistilledTier3,0.45,0.55,0.43,0.8052,93.94,70.45,80.52,13,2
Tier5_plus_DistilledTier3,0.45,0.55,0.44,0.8052,93.94,70.45,80.52,13,2
Tier5_plus_DistilledTier3,0.45,0.55,0.45,0.8052,93.94,70.45,80.52,13,2
Tier5_plus_DistilledTier3,0.45,0.55,0.46,0.8052,93.94,70.45,80.52,13,2
Tier5_plus_DistilledTier3,0.45,0.55,0.47,0.8052,93.94,70.45,80.52,13,2
Tier5_plus_DistilledTier3,0.45,0.55,0.48,0.7895,90.91,69.77,79.22,13,3
Tier5_plus_DistilledTier3,0.45,0.55,0.49,0.8333,90.91,76.92,84.42,9,3
Tier5_plus_DistilledTier3,0.45,0.55,0.5,0.8333,90.91,76.92,84.42,9,3
Tier5_plus_DistilledTier3,0.45,0.55,0.51,0.8169,87.88,76.32,83.12,9,4
Tier5_plus_DistilledTier3,0.45,0.55,0.52,0.8169,87.88,76.32,83.12,9,4
Tier5_plus_DistilledTier3,0.45,0.55,0.53,0.8406,87.88,80.56,85.71,7,4
Tier5_plus_DistilledTier3,0.45,0.55,0.54,0.8235,84.85,80.0,84.42,7,5
Tier5_plus_DistilledTier3,0.45,0.55,0.55,0.8235,84.85,80.0,84.42,7,5
Tier5_plus_DistilledTier3,0.45,0.55,0.56,0.806,81.82,79.41,83.12,7,6
Tier5_plus_DistilledTier3,0.45,0.55,0.57,0.7879,78.79,78.79,81.82,7,7
Tier5_plus_DistilledTier3,0.45,0.55,0.58,0.7879,78.79,78.79,81.82,7,7
Tier5_plus_DistilledTier3,0.45,0.55,0.59,0.8125,78.79,83.87,84.42,5,7
Tier5_plus_DistilledTier3,0.45,0.55,0.6,0.8387,78.79,89.66,87.01,3,7
Tier5_plus_DistilledTier3,0.45,0.55,0.61,0.8197,75.76,89.29,85.71,3,8
Tier5_plus_DistilledTier3,0.45,0.55,0.62,0.8197,75.76,89.29,85.71,3,8
Tier5_plus_DistilledTier3,0.45,0.55,0.63,0.8,72.73,88.89,84.42,3,9
Tier5_plus_DistilledTier3,0.45,0.55,0.64,0.8,72.73,88.89,84.42,3,9
Tier5_plus_DistilledTier3,0.45,0.55,0.65,0.8,72.73,88.89,84.42,3,9
Tier5_plus_DistilledTier3,0.45,0.55,0.66,0.8,72.73,88.89,84.42,3,9
Tier5_plus_DistilledTier3,0.45,0.55,0.67,0.8,72.73,88.89,84.42,3,9
Tier5_plus_DistilledTier3,0.45,0.55,0.68,0.8,72.73,88.89,84.42,3,9
Tier5_plus_DistilledTier3,0.45,0.55,0.69,0.8136,72.73,92.31,85.71,2,9
Tier5_plus_DistilledTier3,0.45,0.55,0.7,0.8136,72.73,92.31,85.71,2,9
Tier5_plus_DistilledTier3,0.5,0.5,0.3,0.7857,100.0,64.71,76.62,18,0
Tier5_plus_DistilledTier3,0.5,0.5,0.31,0.7857,100.0,64.71,76.62,18,0
Tier5_plus_DistilledTier3,0.5,0.5,0.32,0.7857,100.0,64.71,76.62,18,0
Tier5_plus_DistilledTier3,0.5,0.5,0.33,0.7952,100.0,66.0,77.92,17,0
Tier5_plus_DistilledTier3,0.5,0.5,0.34,0.7805,96.97,65.31,76.62,17,1
Tier5_plus_DistilledTier3,0.5,0.5,0.35,0.7805,96.97,65.31,76.62,17,1
Tier5_plus_DistilledTier3,0.5,0.5,0.36,0.7654,93.94,64.58,75.32,17,2
Tier5_plus_DistilledTier3,0.5,0.5,0.37,0.7848,93.94,67.39,77.92,15,2
Tier5_plus_DistilledTier3,0.5,0.5,0.38,0.8052,93.94,70.45,80.52,13,2
Tier5_plus_DistilledTier3,0.5,0.5,0.39,0.8052,93.94,70.45,80.52,13,2
Tier5_plus_DistilledTier3,0.5,0.5,0.4,0.8052,93.94,70.45,80.52,13,2
Tier5_plus_DistilledTier3,0.5,0.5,0.41,0.8052,93.94,70.45,80.52,13,2
Tier5_plus_DistilledTier3,0.5,0.5,0.42,0.8052,93.94,70.45,80.52,13,2
Tier5_plus_DistilledTier3,0.5,0.5,0.43,0.8052,93.94,70.45,80.52,13,2
Tier5_plus_DistilledTier3,0.5,0.5,0.44,0.8267,93.94,73.81,83.12,11,2
Tier5_plus_DistilledTier3,0.5,0.5,0.45,0.8493,93.94,77.5,85.71,9,2
Tier5_plus_DistilledTier3,0.5,0.5,0.46,0.8333,90.91,76.92,84.42,9,3
Tier5_plus_DistilledTier3,0.5,0.5,0.47,0.8169,87.88,76.32,83.12,9,4
Tier5_plus_DistilledTier3,0.5,0.5,0.48,0.8169,87.88,76.32,83.12,9,4
Tier5_plus_DistilledTier3,0.5,0.5,0.49,0.8406,87.88,80.56,85.71,7,4
Tier5_plus_DistilledTier3,0.5,0.5,0.5,0.8406,87.88,80.56,85.71,7,4
Tier5_plus_DistilledTier3,0.5,0.5,0.51,0.8406,87.88,80.56,85.71,7,4
Tier5_plus_DistilledTier3,0.5,0.5,0.52,0.806,81.82,79.41,83.12,7,6
Tier5_plus_DistilledTier3,0.5,0.5,0.53,0.806,81.82,79.41,83.12,7,6
Tier5_plus_DistilledTier3,0.5,0.5,0.54,0.806,81.82,79.41,83.12,7,6
Tier5_plus_DistilledTier3,0.5,0.5,0.55,0.8308,81.82,84.38,85.71,5,6
Tier5_plus_DistilledTier3,0.5,0.5,0.56,0.8571,81.82,90.0,88.31,3,6
Tier5_plus_DistilledTier3,0.5,0.5,0.57,0.8387,78.79,89.66,87.01,3,7
Tier5_plus_DistilledTier3,0.5,0.5,0.58,0.8,72.73,88.89,84.42,3,9
Tier5_plus_DistilledTier3,0.5,0.5,0.59,0.8,72.73,88.89,84.42,3,9
Tier5_plus_DistilledTier3,0.5,0.5,0.6,0.8,72.73,88.89,84.42,3,9
Tier5_plus_DistilledTier3,0.5,0.5,0.61,0.8,72.73,88.89,84.42,3,9
Tier5_plus_DistilledTier3,0.5,0.5,0.62,0.8,72.73,88.89,84.42,3,9
Tier5_plus_DistilledTier3,0.5,0.5,0.63,0.8,72.73,88.89,84.42,3,9
Tier5_plus_DistilledTier3,0.5,0.5,0.64,0.8,72.73,88.89,84.42,3,9
Tier5_plus_DistilledTier3,0.5,0.5,0.65,0.8,72.73,88.89,84.42,3,9
Tier5_plus_DistilledTier3,0.5,0.5,0.66,0.8,72.73,88.89,84.42,3,9
Tier5_plus_DistilledTier3,0.5,0.5,0.67,0.8136,72.73,92.31,85.71,2,9
Tier5_plus_DistilledTier3,0.5,0.5,0.68,0.8136,72.73,92.31,85.71,2,9
Tier5_plus_DistilledTier3,0.5,0.5,0.69,0.8136,72.73,92.31,85.71,2,9
Tier5_plus_DistilledTier3,0.5,0.5,0.7,0.8136,72.73,92.31,85.71,2,9
Tier5_plus_DistilledTier3,0.55,0.45,0.3,0.7857,100.0,64.71,76.62,18,0
Tier5_plus_DistilledTier3,0.55,0.45,0.31,0.7857,100.0,64.71,76.62,18,0
Tier5_plus_DistilledTier3,0.55,0.45,0.32,0.7711,96.97,64.0,75.32,18,1
Tier5_plus_DistilledTier3,0.55,0.45,0.33,0.7561,93.94,63.27,74.03,18,2
Tier5_plus_DistilledTier3,0.55,0.45,0.34,0.7848,93.94,67.39,77.92,15,2
Tier5_plus_DistilledTier3,0.55,0.45,0.35,0.7848,93.94,67.39,77.92,15,2
Tier5_plus_DistilledTier3,0.55,0.45,0.36,0.7848,93.94,67.39,77.92,15,2
Tier5_plus_DistilledTier3,0.55,0.45,0.37,0.7848,93.94,67.39,77.92,15,2
Tier5_plus_DistilledTier3,0.55,0.45,0.38,0.7848,93.94,67.39,77.92,15,2
Tier5_plus_DistilledTier3,0.55,0.45,0.39,0.8052,93.94,70.45,80.52,13,2
Tier5_plus_DistilledTier3,0.55,0.45,0.4,0.8493,93.94,77.5,85.71,9,2
Tier5_plus_DistilledTier3,0.55,0.45,0.41,0.8493,93.94,77.5,85.71,9,2
Tier5_plus_DistilledTier3,0.55,0.45,0.42,0.8493,93.94,77.5,85.71,9,2
Tier5_plus_DistilledTier3,0.55,0.45,0.43,0.8169,87.88,76.32,83.12,9,4
Tier5_plus_DistilledTier3,0.55,0.45,0.44,0.8406,87.88,80.56,85.71,7,4
Tier5_plus_DistilledTier3,0.55,0.45,0.45,0.8406,87.88,80.56,85.71,7,4
Tier5_plus_DistilledTier3,0.55,0.45,0.46,0.8406,87.88,80.56,85.71,7,4
Tier5_plus_DistilledTier3,0.55,0.45,0.47,0.8406,87.88,80.56,85.71,7,4
Tier5_plus_DistilledTier3,0.55,0.45,0.48,0.806,81.82,79.41,83.12,7,6
Tier5_plus_DistilledTier3,0.55,0.45,0.49,0.806,81.82,79.41,83.12,7,6
Tier5_plus_DistilledTier3,0.55,0.45,0.5,0.806,81.82,79.41,83.12,7,6
Tier5_plus_DistilledTier3,0.55,0.45,0.51,0.8571,81.82,90.0,88.31,3,6
Tier5_plus_DistilledTier3,0.55,0.45,0.52,0.8387,78.79,89.66,87.01,3,7
Tier5_plus_DistilledTier3,0.55,0.45,0.53,0.8387,78.79,89.66,87.01,3,7
Tier5_plus_DistilledTier3,0.55,0.45,0.54,0.8197,75.76,89.29,85.71,3,8
Tier5_plus_DistilledTier3,0.55,0.45,0.55,0.8197,75.76,89.29,85.71,3,8
Tier5_plus_DistilledTier3,0.55,0.45,0.56,0.8197,75.76,89.29,85.71,3,8
Tier5_plus_DistilledTier3,0.55,0.45,0.57,0.8197,75.76,89.29,85.71,3,8
Tier5_plus_DistilledTier3,0.55,0.45,0.58,0.8197,75.76,89.29,85.71,3,8
Tier5_plus_DistilledTier3,0.55,0.45,0.59,0.8197,75.76,89.29,85.71,3,8
Tier5_plus_DistilledTier3,0.55,0.45,0.6,0.8197,75.76,89.29,85.71,3,8
Tier5_plus_DistilledTier3,0.55,0.45,0.61,0.8197,75.76,89.29,85.71,3,8
Tier5_plus_DistilledTier3,0.55,0.45,0.62,0.8,72.73,88.89,84.42,3,9
Tier5_plus_DistilledTier3,0.55,0.45,0.63,0.8,72.73,88.89,84.42,3,9
Tier5_plus_DistilledTier3,0.55,0.45,0.64,0.8,72.73,88.89,84.42,3,9
Tier5_plus_DistilledTier3,0.55,0.45,0.65,0.8136,72.73,92.31,85.71,2,9
Tier5_plus_DistilledTier3,0.55,0.45,0.66,0.8136,72.73,92.31,85.71,2,9
Tier5_plus_DistilledTier3,0.55,0.45,0.67,0.8136,72.73,92.31,85.71,2,9
Tier5_plus_DistilledTier3,0.55,0.45,0.68,0.8136,72.73,92.31,85.71,2,9
Tier5_plus_DistilledTier3,0.55,0.45,0.69,0.8136,72.73,92.31,85.71,2,9
Tier5_plus_DistilledTier3,0.55,0.45,0.7,0.8421,72.73,100.0,88.31,0,9
Tier5_plus_DistilledTier3,0.6,0.4,0.3,0.775,93.94,65.96,76.62,16,2
Tier5_plus_DistilledTier3,0.6,0.4,0.31,0.775,93.94,65.96,76.62,16,2
Tier5_plus_DistilledTier3,0.6,0.4,0.32,0.775,93.94,65.96,76.62,16,2
Tier5_plus_DistilledTier3,0.6,0.4,0.33,0.775,93.94,65.96,76.62,16,2
Tier5_plus_DistilledTier3,0.6,0.4,0.34,0.775,93.94,65.96,76.62,16,2
Tier5_plus_DistilledTier3,0.6,0.4,0.35,0.775,93.94,65.96,76.62,16,2
Tier5_plus_DistilledTier3,0.6,0.4,0.36,0.8267,93.94,73.81,83.12,11,2
Tier5_plus_DistilledTier3,0.6,0.4,0.37,0.8267,93.94,73.81,83.12,11,2
Tier5_plus_DistilledTier3,0.6,0.4,0.38,0.8267,93.94,73.81,83.12,11,2
Tier5_plus_DistilledTier3,0.6,0.4,0.39,0.8333,90.91,76.92,84.42,9,3
Tier5_plus_DistilledTier3,0.6,0.4,0.4,0.8406,87.88,80.56,85.71,7,4
Tier5_plus_DistilledTier3,0.6,0.4,0.41,0.8406,87.88,80.56,85.71,7,4
Tier5_plus_DistilledTier3,0.6,0.4,0.42,0.8406,87.88,80.56,85.71,7,4
Tier5_plus_DistilledTier3,0.6,0.4,0.43,0.806,81.82,79.41,83.12,7,6
Tier5_plus_DistilledTier3,0.6,0.4,0.44,0.806,81.82,79.41,83.12,7,6
Tier5_plus_DistilledTier3,0.6,0.4,0.45,0.806,81.82,79.41,83.12,7,6
Tier5_plus_DistilledTier3,0.6,0.4,0.46,0.8308,81.82,84.38,85.71,5,6
Tier5_plus_DistilledTier3,0.6,0.4,0.47,0.8571,81.82,90.0,88.31,3,6
Tier5_plus_DistilledTier3,0.6,0.4,0.48,0.8387,78.79,89.66,87.01,3,7
Tier5_plus_DistilledTier3,0.6,0.4,0.49,0.8387,78.79,89.66,87.01,3,7
Tier5_plus_DistilledTier3,0.6,0.4,0.5,0.8197,75.76,89.29,85.71,3,8
Tier5_plus_DistilledTier3,0.6,0.4,0.51,0.8197,75.76,89.29,85.71,3,8
Tier5_plus_DistilledTier3,0.6,0.4,0.52,0.8197,75.76,89.29,85.71,3,8
Tier5_plus_DistilledTier3,0.6,0.4,0.53,0.8197,75.76,89.29,85.71,3,8
Tier5_plus_DistilledTier3,0.6,0.4,0.54,0.8197,75.76,89.29,85.71,3,8
Tier5_plus_DistilledTier3,0.6,0.4,0.55,0.8197,75.76,89.29,85.71,3,8
Tier5_plus_DistilledTier3,0.6,0.4,0.56,0.8197,75.76,89.29,85.71,3,8
Tier5_plus_DistilledTier3,0.6,0.4,0.57,0.8197,75.76,89.29,85.71,3,8
Tier5_plus_DistilledTier3,0.6,0.4,0.58,0.8197,75.76,89.29,85.71,3,8
Tier5_plus_DistilledTier3,0.6,0.4,0.59,0.8197,75.76,89.29,85.71,3,8
Tier5_plus_DistilledTier3,0.6,0.4,0.6,0.8197,75.76,89.29,85.71,3,8
Tier5_plus_DistilledTier3,0.6,0.4,0.61,0.8197,75.76,89.29,85.71,3,8
Tier5_plus_DistilledTier3,0.6,0.4,0.62,0.8197,75.76,89.29,85.71,3,8
Tier5_plus_DistilledTier3,0.6,0.4,0.63,0.8197,75.76,89.29,85.71,3,8
Tier5_plus_DistilledTier3,0.6,0.4,0.64,0.8333,75.76,92.59,87.01,2,8
Tier5_plus_DistilledTier3,0.6,0.4,0.65,0.8333,75.76,92.59,87.01,2,8
Tier5_plus_DistilledTier3,0.6,0.4,0.66,0.8136,72.73,92.31,85.71,2,9
Tier5_plus_DistilledTier3,0.6,0.4,0.67,0.8136,72.73,92.31,85.71,2,9
Tier5_plus_DistilledTier3,0.6,0.4,0.68,0.8421,72.73,100.0,88.31,0,9
Tier5_plus_DistilledTier3,0.6,0.4,0.69,0.8421,72.73,100.0,88.31,0,9
Tier5_plus_DistilledTier3,0.6,0.4,0.7,0.8214,69.7,100.0,87.01,0,10
Tier5_plus_DistilledTier3,0.65,0.35,0.3,0.775,93.94,65.96,76.62,16,2
Tier5_plus_DistilledTier3,0.65,0.35,0.31,0.8158,93.94,72.09,81.82,12,2
Tier5_plus_DistilledTier3,0.65,0.35,0.32,0.8158,93.94,72.09,81.82,12,2
Tier5_plus_DistilledTier3,0.65,0.35,0.33,0.8158,93.94,72.09,81.82,12,2
Tier5_plus_DistilledTier3,0.65,0.35,0.34,0.8158,93.94,72.09,81.82,12,2
Tier5_plus_DistilledTier3,0.65,0.35,0.35,0.8219,90.91,75.0,83.12,10,3
Tier5_plus_DistilledTier3,0.65,0.35,0.36,0.8219,90.91,75.0,83.12,10,3
Tier5_plus_DistilledTier3,0.65,0.35,0.37,0.8219,90.91,75.0,83.12,10,3
Tier5_plus_DistilledTier3,0.65,0.35,0.38,0.8,84.85,75.68,81.82,9,5
Tier5_plus_DistilledTier3,0.65,0.35,0.39,0.7826,81.82,75.0,80.52,9,6
Tier5_plus_DistilledTier3,0.65,0.35,0.4,0.7826,81.82,75.0,80.52,9,6
Tier5_plus_DistilledTier3,0.65,0.35,0.41,0.806,81.82,79.41,83.12,7,6
Tier5_plus_DistilledTier3,0.65,0.35,0.42,0.8308,81.82,84.38,85.71,5,6
Tier5_plus_DistilledTier3,0.65,0.35,0.43,0.8571,81.82,90.0,88.31,3,6
Tier5_plus_DistilledTier3,0.65,0.35,0.44,0.8387,78.79,89.66,87.01,3,7
Tier5_plus_DistilledTier3,0.65,0.35,0.45,0.8387,78.79,89.66,87.01,3,7
Tier5_plus_DistilledTier3,0.65,0.35,0.46,0.8197,75.76,89.29,85.71,3,8
Tier5_plus_DistilledTier3,0.65,0.35,0.47,0.8197,75.76,89.29,85.71,3,8
Tier5_plus_DistilledTier3,0.65,0.35,0.48,0.8197,75.76,89.29,85.71,3,8
Tier5_plus_DistilledTier3,0.65,0.35,0.49,0.8197,75.76,89.29,85.71,3,8
Tier5_plus_DistilledTier3,0.65,0.35,0.5,0.8197,75.76,89.29,85.71,3,8
Tier5_plus_DistilledTier3,0.65,0.35,0.51,0.8197,75.76,89.29,85.71,3,8
Tier5_plus_DistilledTier3,0.65,0.35,0.52,0.8197,75.76,89.29,85.71,3,8
Tier5_plus_DistilledTier3,0.65,0.35,0.53,0.8197,75.76,89.29,85.71,3,8
Tier5_plus_DistilledTier3,0.65,0.35,0.54,0.8197,75.76,89.29,85.71,3,8
Tier5_plus_DistilledTier3,0.65,0.35,0.55,0.8197,75.76,89.29,85.71,3,8
Tier5_plus_DistilledTier3,0.65,0.35,0.56,0.8197,75.76,89.29,85.71,3,8
Tier5_plus_DistilledTier3,0.65,0.35,0.57,0.8197,75.76,89.29,85.71,3,8
Tier5_plus_DistilledTier3,0.65,0.35,0.58,0.8197,75.76,89.29,85.71,3,8
Tier5_plus_DistilledTier3,0.65,0.35,0.59,0.8197,75.76,89.29,85.71,3,8
Tier5_plus_DistilledTier3,0.65,0.35,0.6,0.8197,75.76,89.29,85.71,3,8
Tier5_plus_DistilledTier3,0.65,0.35,0.61,0.8197,75.76,89.29,85.71,3,8
Tier5_plus_DistilledTier3,0.65,0.35,0.62,0.8333,75.76,92.59,87.01,2,8
Tier5_plus_DistilledTier3,0.65,0.35,0.63,0.8333,75.76,92.59,87.01,2,8
Tier5_plus_DistilledTier3,0.65,0.35,0.64,0.8333,75.76,92.59,87.01,2,8
Tier5_plus_DistilledTier3,0.65,0.35,0.65,0.8333,75.76,92.59,87.01,2,8
Tier5_plus_DistilledTier3,0.65,0.35,0.66,0.8621,75.76,100.0,89.61,0,8
Tier5_plus_DistilledTier3,0.65,0.35,0.67,0.8421,72.73,100.0,88.31,0,9
Tier5_plus_DistilledTier3,0.65,0.35,0.68,0.8214,69.7,100.0,87.01,0,10
Tier5_plus_DistilledTier3,0.65,0.35,0.69,0.8214,69.7,100.0,87.01,0,10
Tier5_plus_DistilledTier3,0.65,0.35,0.7,0.8214,69.7,100.0,87.01,0,10
Tier5_plus_DistilledTier3,0.7,0.3,0.3,0.8378,93.94,75.61,84.42,10,2
Tier5_plus_DistilledTier3,0.7,0.3,0.31,0.8219,90.91,75.0,83.12,10,3
Tier5_plus_DistilledTier3,0.7,0.3,0.32,0.8219,90.91,75.0,83.12,10,3
Tier5_plus_DistilledTier3,0.7,0.3,0.33,0.8056,87.88,74.36,81.82,10,4
Tier5_plus_DistilledTier3,0.7,0.3,0.34,0.7887,84.85,73.68,80.52,10,5
Tier5_plus_DistilledTier3,0.7,0.3,0.35,0.7714,81.82,72.97,79.22,10,6
Tier5_plus_DistilledTier3,0.7,0.3,0.36,0.7714,81.82,72.97,79.22,10,6
Tier5_plus_DistilledTier3,0.7,0.3,0.37,0.7714,81.82,72.97,79.22,10,6
Tier5_plus_DistilledTier3,0.7,0.3,0.38,0.7941,81.82,77.14,81.82,8,6
Tier5_plus_DistilledTier3,0.7,0.3,0.39,0.8308,81.82,84.38,85.71,5,6
Tier5_plus_DistilledTier3,0.7,0.3,0.4,0.8125,78.79,83.87,84.42,5,7
Tier5_plus_DistilledTier3,0.7,0.3,0.41,0.7937,75.76,83.33,83.12,5,8
Tier5_plus_DistilledTier3,0.7,0.3,0.42,0.8197,75.76,89.29,85.71,3,8
Tier5_plus_DistilledTier3,0.7,0.3,0.43,0.8197,75.76,89.29,85.71,3,8
Tier5_plus_DistilledTier3,0.7,0.3,0.44,0.8197,75.76,89.29,85.71,3,8
Tier5_plus_DistilledTier3,0.7,0.3,0.45,0.8197,75.76,89.29,85.71,3,8
Tier5_plus_DistilledTier3,0.7,0.3,0.46,0.8197,75.76,89.29,85.71,3,8
Tier5_plus_DistilledTier3,0.7,0.3,0.47,0.8197,75.76,89.29,85.71,3,8
Tier5_plus_DistilledTier3,0.7,0.3,0.48,0.8197,75.76,89.29,85.71,3,8
Tier5_plus_DistilledTier3,0.7,0.3,0.49,0.8197,75.76,89.29,85.71,3,8
Tier5_plus_DistilledTier3,0.7,0.3,0.5,0.8197,75.76,89.29,85.71,3,8
Tier5_plus_DistilledTier3,0.7,0.3,0.51,0.8197,75.76,89.29,85.71,3,8
Tier5_plus_DistilledTier3,0.7,0.3,0.52,0.8197,75.76,89.29,85.71,3,8
Tier5_plus_DistilledTier3,0.7,0.3,0.53,0.8197,75.76,89.29,85.71,3,8
Tier5_plus_DistilledTier3,0.7,0.3,0.54,0.8197,75.76,89.29,85.71,3,8
Tier5_plus_DistilledTier3,0.7,0.3,0.55,0.8197,75.76,89.29,85.71,3,8
Tier5_plus_DistilledTier3,0.7,0.3,0.56,0.8197,75.76,89.29,85.71,3,8
Tier5_plus_DistilledTier3,0.7,0.3,0.57,0.8197,75.76,89.29,85.71,3,8
Tier5_plus_DistilledTier3,0.7,0.3,0.58,0.8197,75.76,89.29,85.71,3,8
Tier5_plus_DistilledTier3,0.7,0.3,0.59,0.8197,75.76,89.29,85.71,3,8
Tier5_plus_DistilledTier3,0.7,0.3,0.6,0.8333,75.76,92.59,87.01,2,8
Tier5_plus_DistilledTier3,0.7,0.3,0.61,0.8333,75.76,92.59,87.01,2,8
Tier5_plus_DistilledTier3,0.7,0.3,0.62,0.8333,75.76,92.59,87.01,2,8
Tier5_plus_DistilledTier3,0.7,0.3,0.63,0.8621,75.76,100.0,89.61,0,8
Tier5_plus_DistilledTier3,0.7,0.3,0.64,0.8621,75.76,100.0,89.61,0,8
Tier5_plus_DistilledTier3,0.7,0.3,0.65,0.8421,72.73,100.0,88.31,0,9
Tier5_plus_DistilledTier3,0.7,0.3,0.66,0.8214,69.7,100.0,87.01,0,10
Tier5_plus_DistilledTier3,0.7,0.3,0.67,0.8214,69.7,100.0,87.01,0,10
Tier5_plus_DistilledTier3,0.7,0.3,0.68,0.8214,69.7,100.0,87.01,0,10
Tier5_plus_DistilledTier3,0.7,0.3,0.69,0.8214,69.7,100.0,87.01,0,10
Tier5_plus_DistilledTier3,0.7,0.3,0.7,0.8,66.67,100.0,85.71,0,11
Tier5_plus_DistilledTier3,0.75,0.25,0.3,0.7887,84.85,73.68,80.52,10,5
Tier5_plus_DistilledTier3,0.75,0.25,0.31,0.7887,84.85,73.68,80.52,10,5
Tier5_plus_DistilledTier3,0.75,0.25,0.32,0.7887,84.85,73.68,80.52,10,5
Tier5_plus_DistilledTier3,0.75,0.25,0.33,0.7714,81.82,72.97,79.22,10,6
Tier5_plus_DistilledTier3,0.75,0.25,0.34,0.7941,81.82,77.14,81.82,8,6
Tier5_plus_DistilledTier3,0.75,0.25,0.35,0.8182,81.82,81.82,84.42,6,6
Tier5_plus_DistilledTier3,0.75,0.25,0.36,0.8,78.79,81.25,83.12,6,7
Tier5_plus_DistilledTier3,0.75,0.25,0.37,0.7812,75.76,80.65,81.82,6,8
Tier5_plus_DistilledTier3,0.75,0.25,0.38,0.7812,75.76,80.65,81.82,6,8
Tier5_plus_DistilledTier3,0.75,0.25,0.39,0.7812,75.76,80.65,81.82,6,8
Tier5_plus_DistilledTier3,0.75,0.25,0.4,0.7812,75.76,80.65,81.82,6,8
Tier5_plus_DistilledTier3,0.75,0.25,0.41,0.7937,75.76,83.33,83.12,5,8
Tier5_plus_DistilledTier3,0.75,0.25,0.42,0.7937,75.76,83.33,83.12,5,8
Tier5_plus_DistilledTier3,0.75,0.25,0.43,0.8197,75.76,89.29,85.71,3,8
Tier5_plus_DistilledTier3,0.75,0.25,0.44,0.8197,75.76,89.29,85.71,3,8
Tier5_plus_DistilledTier3,0.75,0.25,0.45,0.8197,75.76,89.29,85.71,3,8
Tier5_plus_DistilledTier3,0.75,0.25,0.46,0.8197,75.76,89.29,85.71,3,8
Tier5_plus_DistilledTier3,0.75,0.25,0.47,0.8197,75.76,89.29,85.71,3,8
Tier5_plus_DistilledTier3,0.75,0.25,0.48,0.8197,75.76,89.29,85.71,3,8
Tier5_plus_DistilledTier3,0.75,0.25,0.49,0.8197,75.76,89.29,85.71,3,8
Tier5_plus_DistilledTier3,0.75,0.25,0.5,0.8197,75.76,89.29,85.71,3,8
Tier5_plus_DistilledTier3,0.75,0.25,0.51,0.8197,75.76,89.29,85.71,3,8
Tier5_plus_DistilledTier3,0.75,0.25,0.52,0.8197,75.76,89.29,85.71,3,8
Tier5_plus_DistilledTier3,0.75,0.25,0.53,0.8197,75.76,89.29,85.71,3,8
Tier5_plus_DistilledTier3,0.75,0.25,0.54,0.8197,75.76,89.29,85.71,3,8
Tier5_plus_DistilledTier3,0.75,0.25,0.55,0.8197,75.76,89.29,85.71,3,8
Tier5_plus_DistilledTier3,0.75,0.25,0.56,0.8197,75.76,89.29,85.71,3,8
Tier5_plus_DistilledTier3,0.75,0.25,0.57,0.8197,75.76,89.29,85.71,3,8
Tier5_plus_DistilledTier3,0.75,0.25,0.58,0.8333,75.76,92.59,87.01,2,8
Tier5_plus_DistilledTier3,0.75,0.25,0.59,0.8333,75.76,92.59,87.01,2,8
Tier5_plus_DistilledTier3,0.75,0.25,0.6,0.8333,75.76,92.59,87.01,2,8
Tier5_plus_DistilledTier3,0.75,0.25,0.61,0.8621,75.76,100.0,89.61,0,8
Tier5_plus_DistilledTier3,0.75,0.25,0.62,0.8621,75.76,100.0,89.61,0,8
Tier5_plus_DistilledTier3,0.75,0.25,0.63,0.8421,72.73,100.0,88.31,0,9
Tier5_plus_DistilledTier3,0.75,0.25,0.64,0.8214,69.7,100.0,87.01,0,10
Tier5_plus_DistilledTier3,0.75,0.25,0.65,0.8214,69.7,100.0,87.01,0,10
Tier5_plus_DistilledTier3,0.75,0.25,0.66,0.8214,69.7,100.0,87.01,0,10
Tier5_plus_DistilledTier3,0.75,0.25,0.67,0.8214,69.7,100.0,87.01,0,10
Tier5_plus_DistilledTier3,0.75,0.25,0.68,0.8,66.67,100.0,85.71,0,11
Tier5_plus_DistilledTier3,0.75,0.25,0.69,0.7778,63.64,100.0,84.42,0,12
Tier5_plus_DistilledTier3,0.75,0.25,0.7,0.7778,63.64,100.0,84.42,0,12
Tier5_plus_DistilledTier3,0.8,0.2,0.3,0.7941,81.82,77.14,81.82,8,6
Tier5_plus_DistilledTier3,0.8,0.2,0.31,0.8,78.79,81.25,83.12,6,7
Tier5_plus_DistilledTier3,0.8,0.2,0.32,0.8,78.79,81.25,83.12,6,7
Tier5_plus_DistilledTier3,0.8,0.2,0.33,0.7812,75.76,80.65,81.82,6,8
Tier5_plus_DistilledTier3,0.8,0.2,0.34,0.7812,75.76,80.65,81.82,6,8
Tier5_plus_DistilledTier3,0.8,0.2,0.35,0.7812,75.76,80.65,81.82,6,8
Tier5_plus_DistilledTier3,0.8,0.2,0.36,0.7812,75.76,80.65,81.82,6,8
Tier5_plus_DistilledTier3,0.8,0.2,0.37,0.7812,75.76,80.65,81.82,6,8
Tier5_plus_DistilledTier3,0.8,0.2,0.38,0.7812,75.76,80.65,81.82,6,8
Tier5_plus_DistilledTier3,0.8,0.2,0.39,0.7812,75.76,80.65,81.82,6,8
Tier5_plus_DistilledTier3,0.8,0.2,0.4,0.7812,75.76,80.65,81.82,6,8
Tier5_plus_DistilledTier3,0.8,0.2,0.41,0.7812,75.76,80.65,81.82,6,8
Tier5_plus_DistilledTier3,0.8,0.2,0.42,0.7937,75.76,83.33,83.12,5,8
Tier5_plus_DistilledTier3,0.8,0.2,0.43,0.7937,75.76,83.33,83.12,5,8
Tier5_plus_DistilledTier3,0.8,0.2,0.44,0.8197,75.76,89.29,85.71,3,8
Tier5_plus_DistilledTier3,0.8,0.2,0.45,0.8197,75.76,89.29,85.71,3,8
Tier5_plus_DistilledTier3,0.8,0.2,0.46,0.8197,75.76,89.29,85.71,3,8
Tier5_plus_DistilledTier3,0.8,0.2,0.47,0.8197,75.76,89.29,85.71,3,8
Tier5_plus_DistilledTier3,0.8,0.2,0.48,0.8197,75.76,89.29,85.71,3,8
Tier5_plus_DistilledTier3,0.8,0.2,0.49,0.8197,75.76,89.29,85.71,3,8
Tier5_plus_DistilledTier3,0.8,0.2,0.5,0.8197,75.76,89.29,85.71,3,8
Tier5_plus_DistilledTier3,0.8,0.2,0.51,0.8197,75.76,89.29,85.71,3,8
Tier5_plus_DistilledTier3,0.8,0.2,0.52,0.8197,75.76,89.29,85.71,3,8
Tier5_plus_DistilledTier3,0.8,0.2,0.53,0.8197,75.76,89.29,85.71,3,8
Tier5_plus_DistilledTier3,0.8,0.2,0.54,0.8197,75.76,89.29,85.71,3,8
Tier5_plus_DistilledTier3,0.8,0.2,0.55,0.8197,75.76,89.29,85.71,3,8
Tier5_plus_DistilledTier3,0.8,0.2,0.56,0.8197,75.76,89.29,85.71,3,8
Tier5_plus_DistilledTier3,0.8,0.2,0.57,0.8333,75.76,92.59,87.01,2,8
Tier5_plus_DistilledTier3,0.8,0.2,0.58,0.8333,75.76,92.59,87.01,2,8
Tier5_plus_DistilledTier3,0.8,0.2,0.59,0.8621,75.76,100.0,89.61,0,8
Tier5_plus_DistilledTier3,0.8,0.2,0.6,0.8421,72.73,100.0,88.31,0,9
Tier5_plus_DistilledTier3,0.8,0.2,0.61,0.8214,69.7,100.0,87.01,0,10
Tier5_plus_DistilledTier3,0.8,0.2,0.62,0.8214,69.7,100.0,87.01,0,10
Tier5_plus_DistilledTier3,0.8,0.2,0.63,0.8214,69.7,100.0,87.01,0,10
Tier5_plus_DistilledTier3,0.8,0.2,0.64,0.8214,69.7,100.0,87.01,0,10
Tier5_plus_DistilledTier3,0.8,0.2,0.65,0.8214,69.7,100.0,87.01,0,10
Tier5_plus_DistilledTier3,0.8,0.2,0.66,0.8,66.67,100.0,85.71,0,11
Tier5_plus_DistilledTier3,0.8,0.2,0.67,0.7778,63.64,100.0,84.42,0,12
Tier5_plus_DistilledTier3,0.8,0.2,0.68,0.7778,63.64,100.0,84.42,0,12
Tier5_plus_DistilledTier3,0.8,0.2,0.69,0.7778,63.64,100.0,84.42,0,12
Tier5_plus_DistilledTier3,0.8,0.2,0.7,0.7778,63.64,100.0,84.42,0,12
Tier5_plus_DistilledTier3,0.85,0.15,0.3,0.7812,75.76,80.65,81.82,6,8
Tier5_plus_DistilledTier3,0.85,0.15,0.31,0.7812,75.76,80.65,81.82,6,8
Tier5_plus_DistilledTier3,0.85,0.15,0.32,0.7812,75.76,80.65,81.82,6,8
Tier5_plus_DistilledTier3,0.85,0.15,0.33,0.7812,75.76,80.65,81.82,6,8
Tier5_plus_DistilledTier3,0.85,0.15,0.34,0.7812,75.76,80.65,81.82,6,8
Tier5_plus_DistilledTier3,0.85,0.15,0.35,0.7812,75.76,80.65,81.82,6,8
Tier5_plus_DistilledTier3,0.85,0.15,0.36,0.7812,75.76,80.65,81.82,6,8
Tier5_plus_DistilledTier3,0.85,0.15,0.37,0.7812,75.76,80.65,81.82,6,8
Tier5_plus_DistilledTier3,0.85,0.15,0.38,0.7812,75.76,80.65,81.82,6,8
Tier5_plus_DistilledTier3,0.85,0.15,0.39,0.7812,75.76,80.65,81.82,6,8
Tier5_plus_DistilledTier3,0.85,0.15,0.4,0.7812,75.76,80.65,81.82,6,8
Tier5_plus_DistilledTier3,0.85,0.15,0.41,0.7812,75.76,80.65,81.82,6,8
Tier5_plus_DistilledTier3,0.85,0.15,0.42,0.7812,75.76,80.65,81.82,6,8
Tier5_plus_DistilledTier3,0.85,0.15,0.43,0.7812,75.76,80.65,81.82,6,8
Tier5_plus_DistilledTier3,0.85,0.15,0.44,0.7937,75.76,83.33,83.12,5,8
Tier5_plus_DistilledTier3,0.85,0.15,0.45,0.8197,75.76,89.29,85.71,3,8
Tier5_plus_DistilledTier3,0.85,0.15,0.46,0.8197,75.76,89.29,85.71,3,8
Tier5_plus_DistilledTier3,0.85,0.15,0.47,0.8197,75.76,89.29,85.71,3,8
Tier5_plus_DistilledTier3,0.85,0.15,0.48,0.8197,75.76,89.29,85.71,3,8
Tier5_plus_DistilledTier3,0.85,0.15,0.49,0.8197,75.76,89.29,85.71,3,8
Tier5_plus_DistilledTier3,0.85,0.15,0.5,0.8197,75.76,89.29,85.71,3,8
Tier5_plus_DistilledTier3,0.85,0.15,0.51,0.8197,75.76,89.29,85.71,3,8
Tier5_plus_DistilledTier3,0.85,0.15,0.52,0.8197,75.76,89.29,85.71,3,8
Tier5_plus_DistilledTier3,0.85,0.15,0.53,0.8197,75.76,89.29,85.71,3,8
Tier5_plus_DistilledTier3,0.85,0.15,0.54,0.8197,75.76,89.29,85.71,3,8
Tier5_plus_DistilledTier3,0.85,0.15,0.55,0.8333,75.76,92.59,87.01,2,8
Tier5_plus_DistilledTier3,0.85,0.15,0.56,0.8621,75.76,100.0,89.61,0,8
Tier5_plus_DistilledTier3,0.85,0.15,0.57,0.8621,75.76,100.0,89.61,0,8
Tier5_plus_DistilledTier3,0.85,0.15,0.58,0.8421,72.73,100.0,88.31,0,9
Tier5_plus_DistilledTier3,0.85,0.15,0.59,0.8214,69.7,100.0,87.01,0,10
Tier5_plus_DistilledTier3,0.85,0.15,0.6,0.8214,69.7,100.0,87.01,0,10
Tier5_plus_DistilledTier3,0.85,0.15,0.61,0.8214,69.7,100.0,87.01,0,10
Tier5_plus_DistilledTier3,0.85,0.15,0.62,0.8214,69.7,100.0,87.01,0,10
Tier5_plus_DistilledTier3,0.85,0.15,0.63,0.8214,69.7,100.0,87.01,0,10
Tier5_plus_DistilledTier3,0.85,0.15,0.64,0.7778,63.64,100.0,84.42,0,12
Tier5_plus_DistilledTier3,0.85,0.15,0.65,0.7778,63.64,100.0,84.42,0,12
Tier5_plus_DistilledTier3,0.85,0.15,0.66,0.7778,63.64,100.0,84.42,0,12
Tier5_plus_DistilledTier3,0.85,0.15,0.67,0.7778,63.64,100.0,84.42,0,12
Tier5_plus_DistilledTier3,0.85,0.15,0.68,0.7778,63.64,100.0,84.42,0,12
Tier5_plus_DistilledTier3,0.85,0.15,0.69,0.7778,63.64,100.0,84.42,0,12
Tier5_plus_DistilledTier3,0.85,0.15,0.7,0.7778,63.64,100.0,84.42,0,12
Tier5_plus_DistilledTier3,0.9,0.1,0.3,0.7812,75.76,80.65,81.82,6,8
Tier5_plus_DistilledTier3,0.9,0.1,0.31,0.7812,75.76,80.65,81.82,6,8
Tier5_plus_DistilledTier3,0.9,0.1,0.32,0.7812,75.76,80.65,81.82,6,8
Tier5_plus_DistilledTier3,0.9,0.1,0.33,0.7812,75.76,80.65,81.82,6,8
Tier5_plus_DistilledTier3,0.9,0.1,0.34,0.7812,75.76,80.65,81.82,6,8
Tier5_plus_DistilledTier3,0.9,0.1,0.35,0.7812,75.76,80.65,81.82,6,8
Tier5_plus_DistilledTier3,0.9,0.1,0.36,0.7812,75.76,80.65,81.82,6,8
Tier5_plus_DistilledTier3,0.9,0.1,0.37,0.7812,75.76,80.65,81.82,6,8
Tier5_plus_DistilledTier3,0.9,0.1,0.38,0.7812,75.76,80.65,81.82,6,8
Tier5_plus_DistilledTier3,0.9,0.1,0.39,0.7812,75.76,80.65,81.82,6,8
Tier5_plus_DistilledTier3,0.9,0.1,0.4,0.7812,75.76,80.65,81.82,6,8
Tier5_plus_DistilledTier3,0.9,0.1,0.41,0.7812,75.76,80.65,81.82,6,8
Tier5_plus_DistilledTier3,0.9,0.1,0.42,0.7812,75.76,80.65,81.82,6,8
Tier5_plus_DistilledTier3,0.9,0.1,0.43,0.7812,75.76,80.65,81.82,6,8
Tier5_plus_DistilledTier3,0.9,0.1,0.44,0.7812,75.76,80.65,81.82,6,8
Tier5_plus_DistilledTier3,0.9,0.1,0.45,0.7937,75.76,83.33,83.12,5,8
Tier5_plus_DistilledTier3,0.9,0.1,0.46,0.8197,75.76,89.29,85.71,3,8
Tier5_plus_DistilledTier3,0.9,0.1,0.47,0.8197,75.76,89.29,85.71,3,8
Tier5_plus_DistilledTier3,0.9,0.1,0.48,0.8197,75.76,89.29,85.71,3,8
Tier5_plus_DistilledTier3,0.9,0.1,0.49,0.8197,75.76,89.29,85.71,3,8
Tier5_plus_DistilledTier3,0.9,0.1,0.5,0.8197,75.76,89.29,85.71,3,8
Tier5_plus_DistilledTier3,0.9,0.1,0.51,0.8197,75.76,89.29,85.71,3,8
Tier5_plus_DistilledTier3,0.9,0.1,0.52,0.8197,75.76,89.29,85.71,3,8
Tier5_plus_DistilledTier3,0.9,0.1,0.53,0.8333,75.76,92.59,87.01,2,8
Tier5_plus_DistilledTier3,0.9,0.1,0.54,0.8621,75.76,100.0,89.61,0,8
Tier5_plus_DistilledTier3,0.9,0.1,0.55,0.8621,75.76,100.0,89.61,0,8
Tier5_plus_DistilledTier3,0.9,0.1,0.56,0.8214,69.7,100.0,87.01,0,10
Tier5_plus_DistilledTier3,0.9,0.1,0.57,0.8214,69.7,100.0,87.01,0,10
Tier5_plus_DistilledTier3,0.9,0.1,0.58,0.8214,69.7,100.0,87.01,0,10
Tier5_plus_DistilledTier3,0.9,0.1,0.59,0.8214,69.7,100.0,87.01,0,10
Tier5_plus_DistilledTier3,0.9,0.1,0.6,0.8214,69.7,100.0,87.01,0,10
Tier5_plus_DistilledTier3,0.9,0.1,0.61,0.8214,69.7,100.0,87.01,0,10
Tier5_plus_DistilledTier3,0.9,0.1,0.62,0.7778,63.64,100.0,84.42,0,12
Tier5_plus_DistilledTier3,0.9,0.1,0.63,0.7778,63.64,100.0,84.42,0,12
Tier5_plus_DistilledTier3,0.9,0.1,0.64,0.7778,63.64,100.0,84.42,0,12
Tier5_plus_DistilledTier3,0.9,0.1,0.65,0.7778,63.64,100.0,84.42,0,12
Tier5_plus_DistilledTier3,0.9,0.1,0.66,0.7778,63.64,100.0,84.42,0,12
Tier5_plus_DistilledTier3,0.9,0.1,0.67,0.7778,63.64,100.0,84.42,0,12
Tier5_plus_DistilledTier3,0.9,0.1,0.68,0.7778,63.64,100.0,84.42,0,12
Tier5_plus_DistilledTier3,0.9,0.1,0.69,0.7778,63.64,100.0,84.42,0,12
Tier5_plus_DistilledTier3,0.9,0.1,0.7,0.7778,63.64,100.0,84.42,0,12
